W0728 20:57:37.394000 36816 Lib\site-packages\torch\distributed\elastic\multiprocessing\redirects.py:29] NOTE: Redirects are currently not supported in Windows or MacOs.
[transformers] The fast path is not available because one of the required library is not installed. Falling back to torch implementation. To install follow https://github.com/fla-org/flash-linear-attention#installation and https://github.com/Dao-AILab/causal-conv1d
== data ==
  train: 153,903 / 153,977  (超長丟棄 74)
  dev: 1,200 / 1,200  (超長丟棄 0)
DatasetDict({
    train: Dataset({
        features: ['prompt', 'completion'],
        num_rows: 153903
    })
    dev: Dataset({
        features: ['prompt', 'completion'],
        num_rows: 1200
    })
})
== model ==

Loading weights:   0%|          | 0/473 [00:00<?, ?it/s]
Loading weights:  14%|█▍        | 68/473 [00:00<00:00, 657.84it/s]
Loading weights:  28%|██▊       | 134/473 [00:00<00:00, 600.03it/s]
Loading weights:  41%|████      | 195/473 [00:00<00:00, 585.09it/s]
Loading weights:  54%|█████▎    | 254/473 [00:00<00:00, 534.33it/s]
Loading weights:  67%|██████▋   | 319/473 [00:00<00:00, 570.15it/s]
Loading weights:  80%|███████▉  | 377/473 [00:00<00:00, 560.63it/s]
Loading weights: 100%|██████████| 473/473 [00:00<00:00, 627.62it/s]
[transformers] warmup_ratio is deprecated and will be removed in v5.2. Use `warmup_steps` instead.
[transformers] The tokenizer has new PAD/BOS/EOS tokens that differ from the model config and generation config. The model config and generation config were aligned accordingly, being updated with the tokenizer's values. Updated tokens: {'eos_token_id': 248046, 'pad_token_id': 248044}.

  token-budget batches: 17,531 micro-batch/epoch (平均 8.8 筆/批)
  0%|          | 0/4384 [00:00<?, ?it/s]
 62%|██████▏   | 2701/4384 [00:09<00:06, 272.96it/s]
 62%|██████▏   | 2703/4384 [00:26<00:06, 272.96it/s]
 62%|██████▏   | 2704/4384 [00:29<00:23, 70.62it/s] 
 62%|██████▏   | 2705/4384 [00:36<00:31, 52.71it/s]
 62%|██████▏   | 2706/4384 [00:46<00:31, 52.71it/s]
 62%|██████▏   | 2707/4384 [00:49<00:55, 30.14it/s]
 62%|██████▏   | 2708/4384 [00:55<01:11, 23.60it/s]
 62%|██████▏   | 2709/4384 [01:06<01:10, 23.60it/s]
 62%|██████▏   | 2710/4384 [01:09<02:00, 13.89it/s]
 62%|██████▏   | 2711/4384 [01:15<02:33, 10.88it/s]
 62%|██████▏   | 2712/4384 [01:26<02:33, 10.88it/s]
 62%|██████▏   | 2713/4384 [01:28<04:09,  6.70it/s]
 62%|██████▏   | 2714/4384 [01:36<05:24,  5.14it/s]
 62%|██████▏   | 2715/4384 [01:46<05:24,  5.14it/s]
 62%|██████▏   | 2716/4384 [01:50<08:48,  3.16it/s]
 62%|██████▏   | 2717/4384 [01:57<11:04,  2.51it/s]
 62%|██████▏   | 2719/4384 [02:10<17:02,  1.63it/s]
 62%|██████▏   | 2720/4384 [02:18<21:18,  1.30it/s]
                                                   

 62%|██████▏   | 2720/4384 [02:18<21:18,  1.30it/s]
 62%|██████▏   | 2722/4384 [02:31<31:29,  1.14s/it]
 62%|██████▏   | 2723/4384 [02:37<37:52,  1.37s/it]
 62%|██████▏   | 2724/4384 [02:43<45:49,  1.66s/it]
 62%|██████▏   | 2725/4384 [02:49<55:07,  1.99s/it]
 62%|██████▏   | 2726/4384 [02:57<1:09:51,  2.53s/it]
 62%|██████▏   | 2727/4384 [03:03<1:23:41,  3.03s/it]
 62%|██████▏   | 2728/4384 [03:10<1:38:53,  3.58s/it]
 62%|██████▏   | 2729/4384 [03:17<1:52:59,  4.10s/it]
 62%|██████▏   | 2730/4384 [03:23<2:05:02,  4.54s/it]
 62%|██████▏   | 2731/4384 [03:30<2:19:16,  5.06s/it]
 62%|██████▏   | 2732/4384 [03:36<2:27:17,  5.35s/it]
 62%|██████▏   | 2733/4384 [03:42<2:33:02,  5.56s/it]
 62%|██████▏   | 2734/4384 [03:48<2:37:24,  5.72s/it]
 62%|██████▏   | 2735/4384 [03:55<2:45:19,  6.02s/it]
 62%|██████▏   | 2736/4384 [04:02<2:50:47,  6.22s/it]
 62%|██████▏   | 2737/4384 [04:09<2:56:54,  6.44s/it]
 62%|██████▏   | 2738/4384 [04:16<3:02:49,  6.66s/it]
 62%|██████▏   | 2739/4384 [04:23<3:05:09,  6.75s/it]
 62%|██████▎   | 2740/4384 [04:30<3:03:41,  6.70s/it]
                                                     

 62%|██████▎   | 2740/4384 [04:30<3:03:41,  6.70s/it]
 63%|██████▎   | 2741/4384 [04:36<3:01:46,  6.64s/it]
 63%|██████▎   | 2742/4384 [04:42<2:59:06,  6.54s/it]
 63%|██████▎   | 2743/4384 [04:49<3:01:08,  6.62s/it]
 63%|██████▎   | 2744/4384 [04:56<3:04:44,  6.76s/it]
 63%|██████▎   | 2745/4384 [05:03<3:01:12,  6.63s/it]
 63%|██████▎   | 2746/4384 [05:09<2:56:04,  6.45s/it]
 63%|██████▎   | 2747/4384 [05:15<2:55:10,  6.42s/it]
 63%|██████▎   | 2748/4384 [05:21<2:54:32,  6.40s/it]
 63%|██████▎   | 2749/4384 [05:28<2:57:12,  6.50s/it]
 63%|██████▎   | 2750/4384 [05:35<2:57:19,  6.51s/it]
 63%|██████▎   | 2751/4384 [05:41<2:54:10,  6.40s/it]
 63%|██████▎   | 2752/4384 [05:47<2:53:45,  6.39s/it]
 63%|██████▎   | 2753/4384 [05:53<2:53:12,  6.37s/it]
 63%|██████▎   | 2754/4384 [06:00<2:58:03,  6.55s/it]
 63%|██████▎   | 2755/4384 [06:07<2:57:28,  6.54s/it]
 63%|██████▎   | 2756/4384 [06:13<2:53:17,  6.39s/it]
 63%|██████▎   | 2757/4384 [06:19<2:52:58,  6.38s/it]
 63%|██████▎   | 2758/4384 [06:25<2:50:48,  6.30s/it]
 63%|██████▎   | 2759/4384 [06:32<2:50:19,  6.29s/it]
 63%|██████▎   | 2760/4384 [06:39<2:55:45,  6.49s/it]
                                                     

 63%|██████▎   | 2760/4384 [06:39<2:55:45,  6.49s/it]
 63%|██████▎   | 2761/4384 [06:45<2:52:41,  6.38s/it]
 63%|██████▎   | 2762/4384 [06:51<2:53:19,  6.41s/it]
 63%|██████▎   | 2763/4384 [06:57<2:48:37,  6.24s/it]
 63%|██████▎   | 2764/4384 [07:03<2:46:24,  6.16s/it]
 63%|██████▎   | 2765/4384 [07:09<2:41:15,  5.98s/it]
 63%|██████▎   | 2766/4384 [07:15<2:42:20,  6.02s/it]
 63%|██████▎   | 2767/4384 [07:21<2:44:00,  6.09s/it]
 63%|██████▎   | 2768/4384 [07:27<2:40:50,  5.97s/it]
 63%|██████▎   | 2769/4384 [07:32<2:37:45,  5.86s/it]
 63%|██████▎   | 2770/4384 [07:38<2:36:44,  5.83s/it]
 63%|██████▎   | 2771/4384 [07:44<2:37:04,  5.84s/it]
 63%|██████▎   | 2772/4384 [07:50<2:38:19,  5.89s/it]
 63%|██████▎   | 2773/4384 [07:56<2:39:27,  5.94s/it]
 63%|██████▎   | 2774/4384 [08:02<2:40:07,  5.97s/it]
 63%|██████▎   | 2775/4384 [08:08<2:36:24,  5.83s/it]
 63%|██████▎   | 2776/4384 [08:13<2:35:16,  5.79s/it]
 63%|██████▎   | 2777/4384 [08:19<2:37:32,  5.88s/it]
 63%|██████▎   | 2778/4384 [08:25<2:36:00,  5.83s/it]
 63%|██████▎   | 2779/4384 [08:31<2:38:02,  5.91s/it]
 63%|██████▎   | 2780/4384 [08:37<2:40:51,  6.02s/it]
                                                     

 63%|██████▎   | 2780/4384 [08:37<2:40:51,  6.02s/it]
 63%|██████▎   | 2781/4384 [08:44<2:41:37,  6.05s/it]
 63%|██████▎   | 2782/4384 [08:49<2:40:05,  6.00s/it]
 63%|██████▎   | 2783/4384 [08:55<2:37:52,  5.92s/it]
 64%|██████▎   | 2784/4384 [09:02<2:43:05,  6.12s/it]
 64%|██████▎   | 2785/4384 [09:08<2:40:51,  6.04s/it]
 64%|██████▎   | 2786/4384 [09:14<2:40:06,  6.01s/it]
 64%|██████▎   | 2787/4384 [09:19<2:38:29,  5.95s/it]
 64%|██████▎   | 2788/4384 [09:25<2:37:17,  5.91s/it]
 64%|██████▎   | 2789/4384 [09:31<2:38:20,  5.96s/it]
 64%|██████▎   | 2790/4384 [09:37<2:40:13,  6.03s/it]
 64%|██████▎   | 2791/4384 [09:44<2:42:21,  6.12s/it]
 64%|██████▎   | 2792/4384 [09:50<2:43:02,  6.14s/it]
 64%|██████▎   | 2793/4384 [09:56<2:39:03,  6.00s/it]
 64%|██████▎   | 2794/4384 [10:02<2:39:39,  6.02s/it]
 64%|██████▍   | 2795/4384 [10:07<2:36:17,  5.90s/it]
 64%|██████▍   | 2796/4384 [10:13<2:35:49,  5.89s/it]
 64%|██████▍   | 2797/4384 [10:19<2:38:05,  5.98s/it]
 64%|██████▍   | 2798/4384 [10:25<2:36:45,  5.93s/it]
 64%|██████▍   | 2799/4384 [10:31<2:38:16,  5.99s/it]
 64%|██████▍   | 2800/4384 [10:37<2:37:13,  5.96s/it]
                                                     

 64%|██████▍   | 2800/4384 [10:37<2:37:13,  5.96s/it]
 64%|██████▍   | 2801/4384 [10:43<2:37:43,  5.98s/it]
 64%|██████▍   | 2802/4384 [10:49<2:35:02,  5.88s/it]
 64%|██████▍   | 2803/4384 [10:55<2:34:52,  5.88s/it]
 64%|██████▍   | 2804/4384 [11:01<2:38:12,  6.01s/it]
 64%|██████▍   | 2805/4384 [11:07<2:36:55,  5.96s/it]
 64%|██████▍   | 2806/4384 [11:13<2:34:43,  5.88s/it]
 64%|██████▍   | 2807/4384 [11:19<2:35:47,  5.93s/it]
 64%|██████▍   | 2808/4384 [11:25<2:37:01,  5.98s/it]
 64%|██████▍   | 2809/4384 [11:31<2:37:22,  6.00s/it]
 64%|██████▍   | 2810/4384 [11:37<2:38:14,  6.03s/it]
 64%|██████▍   | 2811/4384 [11:43<2:38:56,  6.06s/it]
 64%|██████▍   | 2812/4384 [11:49<2:37:17,  6.00s/it]
 64%|██████▍   | 2813/4384 [11:55<2:37:19,  6.01s/it]
 64%|██████▍   | 2814/4384 [12:01<2:40:45,  6.14s/it]
 64%|██████▍   | 2815/4384 [12:08<2:41:04,  6.16s/it]
 64%|██████▍   | 2816/4384 [12:14<2:40:15,  6.13s/it]
 64%|██████▍   | 2817/4384 [12:20<2:39:50,  6.12s/it]
 64%|██████▍   | 2818/4384 [12:26<2:39:18,  6.10s/it]
 64%|██████▍   | 2819/4384 [12:32<2:39:54,  6.13s/it]
 64%|██████▍   | 2820/4384 [12:38<2:36:39,  6.01s/it]
                                                     

 64%|██████▍   | 2820/4384 [12:38<2:36:39,  6.01s/it]
 64%|██████▍   | 2821/4384 [12:44<2:35:17,  5.96s/it]
 64%|██████▍   | 2822/4384 [12:50<2:37:30,  6.05s/it]
 64%|██████▍   | 2823/4384 [12:56<2:38:52,  6.11s/it]
 64%|██████▍   | 2824/4384 [13:02<2:37:04,  6.04s/it]
 64%|██████▍   | 2825/4384 [13:08<2:33:23,  5.90s/it]
 64%|██████▍   | 2826/4384 [13:14<2:34:18,  5.94s/it]
 64%|██████▍   | 2827/4384 [13:19<2:31:44,  5.85s/it]
 65%|██████▍   | 2828/4384 [13:26<2:35:20,  5.99s/it]
 65%|██████▍   | 2829/4384 [13:32<2:38:32,  6.12s/it]
 65%|██████▍   | 2830/4384 [13:38<2:36:26,  6.04s/it]
 65%|██████▍   | 2831/4384 [13:44<2:36:10,  6.03s/it]
 65%|██████▍   | 2832/4384 [13:50<2:34:48,  5.99s/it]
 65%|██████▍   | 2833/4384 [13:55<2:32:16,  5.89s/it]
 65%|██████▍   | 2834/4384 [14:01<2:31:28,  5.86s/it]
 65%|██████▍   | 2835/4384 [14:08<2:35:12,  6.01s/it]
 65%|██████▍   | 2836/4384 [14:13<2:32:36,  5.92s/it]
 65%|██████▍   | 2837/4384 [14:19<2:33:00,  5.93s/it]
 65%|██████▍   | 2838/4384 [14:25<2:34:06,  5.98s/it]
 65%|██████▍   | 2839/4384 [14:31<2:34:25,  6.00s/it]
 65%|██████▍   | 2840/4384 [14:37<2:34:06,  5.99s/it]
                                                     

 65%|██████▍   | 2840/4384 [14:37<2:34:06,  5.99s/it]
 65%|██████▍   | 2841/4384 [14:43<2:35:46,  6.06s/it]
 65%|██████▍   | 2842/4384 [14:50<2:35:25,  6.05s/it]
 65%|██████▍   | 2843/4384 [14:56<2:35:34,  6.06s/it]
 65%|██████▍   | 2844/4384 [15:01<2:33:25,  5.98s/it]
 65%|██████▍   | 2845/4384 [15:07<2:31:59,  5.93s/it]
 65%|██████▍   | 2846/4384 [15:13<2:31:07,  5.90s/it]
 65%|██████▍   | 2847/4384 [15:19<2:31:19,  5.91s/it]
 65%|██████▍   | 2848/4384 [15:25<2:33:47,  6.01s/it]
 65%|██████▍   | 2849/4384 [15:31<2:31:02,  5.90s/it]
 65%|██████▌   | 2850/4384 [15:37<2:31:01,  5.91s/it]
 65%|██████▌   | 2851/4384 [15:43<2:30:02,  5.87s/it]
 65%|██████▌   | 2852/4384 [15:49<2:31:27,  5.93s/it]
 65%|██████▌   | 2853/4384 [15:55<2:31:59,  5.96s/it]
 65%|██████▌   | 2854/4384 [16:01<2:34:08,  6.04s/it]
 65%|██████▌   | 2855/4384 [16:07<2:34:08,  6.05s/it]
 65%|██████▌   | 2856/4384 [16:13<2:34:05,  6.05s/it]
 65%|██████▌   | 2857/4384 [16:19<2:31:54,  5.97s/it]
 65%|██████▌   | 2858/4384 [16:25<2:30:21,  5.91s/it]
 65%|██████▌   | 2859/4384 [16:30<2:29:04,  5.87s/it]
 65%|██████▌   | 2860/4384 [16:36<2:30:07,  5.91s/it]
                                                     

 65%|██████▌   | 2860/4384 [16:36<2:30:07,  5.91s/it]
 65%|██████▌   | 2861/4384 [16:42<2:31:07,  5.95s/it]
 65%|██████▌   | 2862/4384 [16:48<2:31:51,  5.99s/it]
 65%|██████▌   | 2863/4384 [16:54<2:29:17,  5.89s/it]
 65%|██████▌   | 2864/4384 [17:00<2:28:09,  5.85s/it]
 65%|██████▌   | 2865/4384 [17:06<2:32:38,  6.03s/it]
 65%|██████▌   | 2866/4384 [17:13<2:34:40,  6.11s/it]
 65%|██████▌   | 2867/4384 [17:19<2:34:41,  6.12s/it]
 65%|██████▌   | 2868/4384 [17:25<2:32:53,  6.05s/it]
 65%|██████▌   | 2869/4384 [17:30<2:30:46,  5.97s/it]
 65%|██████▌   | 2870/4384 [17:36<2:30:47,  5.98s/it]
 65%|██████▌   | 2871/4384 [17:42<2:28:20,  5.88s/it]
 66%|██████▌   | 2872/4384 [17:48<2:29:05,  5.92s/it]
 66%|██████▌   | 2873/4384 [17:54<2:28:53,  5.91s/it]
 66%|██████▌   | 2874/4384 [18:00<2:30:48,  5.99s/it]
 66%|██████▌   | 2875/4384 [18:06<2:32:45,  6.07s/it]
 66%|██████▌   | 2876/4384 [18:12<2:32:31,  6.07s/it]
 66%|██████▌   | 2877/4384 [18:18<2:30:40,  6.00s/it]
 66%|██████▌   | 2878/4384 [18:24<2:30:15,  5.99s/it]
 66%|██████▌   | 2879/4384 [18:31<2:33:35,  6.12s/it]
 66%|██████▌   | 2880/4384 [18:37<2:30:59,  6.02s/it]
                                                     

 66%|██████▌   | 2880/4384 [18:37<2:30:59,  6.02s/it]
 66%|██████▌   | 2881/4384 [18:42<2:29:04,  5.95s/it]
 66%|██████▌   | 2882/4384 [18:48<2:27:50,  5.91s/it]
 66%|██████▌   | 2883/4384 [18:54<2:28:15,  5.93s/it]
 66%|██████▌   | 2884/4384 [19:00<2:28:26,  5.94s/it]
 66%|██████▌   | 2885/4384 [19:07<2:33:36,  6.15s/it]
 66%|██████▌   | 2886/4384 [19:13<2:32:59,  6.13s/it]
 66%|██████▌   | 2887/4384 [19:19<2:30:28,  6.03s/it]
 66%|██████▌   | 2888/4384 [19:25<2:31:30,  6.08s/it]
 66%|██████▌   | 2889/4384 [19:30<2:27:28,  5.92s/it]
 66%|██████▌   | 2890/4384 [19:36<2:27:06,  5.91s/it]
 66%|██████▌   | 2891/4384 [19:42<2:27:57,  5.95s/it]
 66%|██████▌   | 2892/4384 [19:48<2:27:52,  5.95s/it]
 66%|██████▌   | 2893/4384 [19:54<2:27:55,  5.95s/it]
 66%|██████▌   | 2894/4384 [20:00<2:27:46,  5.95s/it]
 66%|██████▌   | 2895/4384 [20:06<2:28:18,  5.98s/it]
 66%|██████▌   | 2896/4384 [20:12<2:24:30,  5.83s/it]
 66%|██████▌   | 2897/4384 [20:17<2:22:55,  5.77s/it]
 66%|██████▌   | 2898/4384 [20:23<2:23:52,  5.81s/it]
 66%|██████▌   | 2899/4384 [20:29<2:25:09,  5.87s/it]
 66%|██████▌   | 2900/4384 [20:35<2:25:28,  5.88s/it]
                                                     

 66%|██████▌   | 2900/4384 [20:35<2:25:28,  5.88s/it]
 66%|██████▌   | 2901/4384 [20:41<2:23:31,  5.81s/it]
 66%|██████▌   | 2902/4384 [20:46<2:22:14,  5.76s/it]
 66%|██████▌   | 2903/4384 [20:52<2:22:29,  5.77s/it]
 66%|██████▌   | 2904/4384 [20:58<2:25:38,  5.90s/it]
 66%|██████▋   | 2905/4384 [21:04<2:24:04,  5.84s/it]
 66%|██████▋   | 2906/4384 [21:10<2:26:14,  5.94s/it]
 66%|██████▋   | 2907/4384 [21:16<2:26:27,  5.95s/it]
 66%|██████▋   | 2908/4384 [21:22<2:24:28,  5.87s/it]
 66%|██████▋   | 2909/4384 [21:28<2:25:01,  5.90s/it]
 66%|██████▋   | 2910/4384 [21:34<2:25:20,  5.92s/it]
 66%|██████▋   | 2911/4384 [21:40<2:26:10,  5.95s/it]
 66%|██████▋   | 2912/4384 [21:46<2:24:23,  5.89s/it]
 66%|██████▋   | 2913/4384 [21:52<2:25:15,  5.93s/it]
 66%|██████▋   | 2914/4384 [21:57<2:24:43,  5.91s/it]
 66%|██████▋   | 2915/4384 [22:03<2:21:27,  5.78s/it]
 67%|██████▋   | 2916/4384 [22:09<2:25:05,  5.93s/it]
 67%|██████▋   | 2917/4384 [22:15<2:25:56,  5.97s/it]
 67%|██████▋   | 2918/4384 [22:21<2:24:45,  5.92s/it]
 67%|██████▋   | 2919/4384 [22:27<2:23:24,  5.87s/it]
 67%|██████▋   | 2920/4384 [22:32<2:21:08,  5.78s/it]
                                                     

 67%|██████▋   | 2920/4384 [22:32<2:21:08,  5.78s/it]
 67%|██████▋   | 2921/4384 [22:38<2:19:36,  5.73s/it]
 67%|██████▋   | 2922/4384 [22:44<2:20:57,  5.78s/it]
 67%|██████▋   | 2923/4384 [22:50<2:23:44,  5.90s/it]
 67%|██████▋   | 2924/4384 [22:56<2:25:02,  5.96s/it]
 67%|██████▋   | 2925/4384 [23:02<2:22:16,  5.85s/it]
 67%|██████▋   | 2926/4384 [23:08<2:22:32,  5.87s/it]
 67%|██████▋   | 2927/4384 [23:13<2:20:01,  5.77s/it]
 67%|██████▋   | 2928/4384 [23:19<2:20:12,  5.78s/it]
 67%|██████▋   | 2929/4384 [23:25<2:23:27,  5.92s/it]
 67%|██████▋   | 2930/4384 [23:31<2:23:22,  5.92s/it]
 67%|██████▋   | 2931/4384 [23:37<2:22:47,  5.90s/it]
 67%|██████▋   | 2932/4384 [23:43<2:22:05,  5.87s/it]
 67%|██████▋   | 2933/4384 [23:49<2:24:10,  5.96s/it]
 67%|██████▋   | 2934/4384 [23:55<2:22:04,  5.88s/it]
 67%|██████▋   | 2935/4384 [24:01<2:23:09,  5.93s/it]
 67%|██████▋   | 2936/4384 [24:07<2:26:45,  6.08s/it]
 67%|██████▋   | 2937/4384 [24:13<2:26:14,  6.06s/it]
 67%|██████▋   | 2938/4384 [24:19<2:24:09,  5.98s/it]
 67%|██████▋   | 2939/4384 [24:25<2:22:43,  5.93s/it]
 67%|██████▋   | 2940/4384 [24:31<2:24:51,  6.02s/it]
                                                     

 67%|██████▋   | 2940/4384 [24:31<2:24:51,  6.02s/it]
 67%|██████▋   | 2941/4384 [24:37<2:25:29,  6.05s/it]
 67%|██████▋   | 2942/4384 [24:43<2:27:30,  6.14s/it]
 67%|██████▋   | 2943/4384 [24:50<2:28:33,  6.19s/it]
 67%|██████▋   | 2944/4384 [24:56<2:26:21,  6.10s/it]
 67%|██████▋   | 2945/4384 [25:02<2:26:25,  6.11s/it]
 67%|██████▋   | 2946/4384 [25:08<2:27:19,  6.15s/it]
 67%|██████▋   | 2947/4384 [25:14<2:25:59,  6.10s/it]
 67%|██████▋   | 2948/4384 [25:20<2:26:40,  6.13s/it]
 67%|██████▋   | 2949/4384 [25:26<2:25:45,  6.09s/it]
 67%|██████▋   | 2950/4384 [25:33<2:28:47,  6.23s/it]
 67%|██████▋   | 2951/4384 [25:39<2:27:37,  6.18s/it]
 67%|██████▋   | 2952/4384 [25:45<2:27:07,  6.16s/it]
 67%|██████▋   | 2953/4384 [25:51<2:26:51,  6.16s/it]
 67%|██████▋   | 2954/4384 [25:57<2:26:43,  6.16s/it]
 67%|██████▋   | 2955/4384 [26:03<2:27:02,  6.17s/it]
 67%|██████▋   | 2956/4384 [26:10<2:28:21,  6.23s/it]
 67%|██████▋   | 2957/4384 [26:16<2:28:12,  6.23s/it]
 67%|██████▋   | 2958/4384 [26:22<2:24:50,  6.09s/it]
 67%|██████▋   | 2959/4384 [26:28<2:22:57,  6.02s/it]
 68%|██████▊   | 2960/4384 [26:34<2:26:53,  6.19s/it]
                                                     

 68%|██████▊   | 2960/4384 [26:34<2:26:53,  6.19s/it]
 68%|██████▊   | 2961/4384 [26:40<2:26:37,  6.18s/it]
 68%|██████▊   | 2962/4384 [26:46<2:25:14,  6.13s/it]
 68%|██████▊   | 2963/4384 [26:53<2:26:36,  6.19s/it]
 68%|██████▊   | 2964/4384 [26:59<2:24:41,  6.11s/it]
 68%|██████▊   | 2965/4384 [27:05<2:24:12,  6.10s/it]
 68%|██████▊   | 2966/4384 [27:11<2:25:35,  6.16s/it]
 68%|██████▊   | 2967/4384 [27:17<2:26:38,  6.21s/it]
 68%|██████▊   | 2968/4384 [27:23<2:24:54,  6.14s/it]
 68%|██████▊   | 2969/4384 [27:30<2:24:55,  6.15s/it]
 68%|██████▊   | 2970/4384 [27:36<2:27:57,  6.28s/it]
 68%|██████▊   | 2971/4384 [27:42<2:24:56,  6.15s/it]
 68%|██████▊   | 2972/4384 [27:49<2:27:19,  6.26s/it]
 68%|██████▊   | 2973/4384 [27:55<2:27:39,  6.28s/it]
 68%|██████▊   | 2974/4384 [28:01<2:27:22,  6.27s/it]
 68%|██████▊   | 2975/4384 [28:07<2:27:01,  6.26s/it]
 68%|██████▊   | 2976/4384 [28:13<2:24:35,  6.16s/it]
 68%|██████▊   | 2977/4384 [28:19<2:23:09,  6.10s/it]
 68%|██████▊   | 2978/4384 [28:26<2:26:08,  6.24s/it]
 68%|██████▊   | 2979/4384 [28:32<2:26:26,  6.25s/it]
 68%|██████▊   | 2980/4384 [28:38<2:26:17,  6.25s/it]
                                                     

 68%|██████▊   | 2980/4384 [28:38<2:26:17,  6.25s/it]
 68%|██████▊   | 2981/4384 [28:44<2:25:04,  6.20s/it]
 68%|██████▊   | 2982/4384 [28:51<2:25:29,  6.23s/it]
 68%|██████▊   | 2983/4384 [28:57<2:25:10,  6.22s/it]
 68%|██████▊   | 2984/4384 [29:04<2:28:27,  6.36s/it]
 68%|██████▊   | 2985/4384 [29:10<2:27:24,  6.32s/it]
 68%|██████▊   | 2986/4384 [29:16<2:24:52,  6.22s/it]
 68%|██████▊   | 2987/4384 [29:22<2:26:45,  6.30s/it]
 68%|██████▊   | 2988/4384 [29:29<2:26:27,  6.29s/it]
 68%|██████▊   | 2989/4384 [29:35<2:24:50,  6.23s/it]
 68%|██████▊   | 2990/4384 [29:41<2:26:50,  6.32s/it]
 68%|██████▊   | 2991/4384 [29:47<2:25:03,  6.25s/it]
 68%|██████▊   | 2992/4384 [29:53<2:24:25,  6.23s/it]
 68%|██████▊   | 2993/4384 [30:00<2:26:34,  6.32s/it]
 68%|██████▊   | 2994/4384 [30:06<2:26:50,  6.34s/it]
 68%|██████▊   | 2995/4384 [30:12<2:23:19,  6.19s/it]
 68%|██████▊   | 2996/4384 [30:19<2:24:02,  6.23s/it]
 68%|██████▊   | 2997/4384 [30:25<2:26:23,  6.33s/it]
 68%|██████▊   | 2998/4384 [30:31<2:24:49,  6.27s/it]
 68%|██████▊   | 2999/4384 [30:37<2:23:53,  6.23s/it]
 68%|██████▊   | 3000/4384 [30:44<2:24:19,  6.26s/it]
                                                     

 68%|██████▊   | 3000/4384 [30:44<2:24:19,  6.26s/it]
{'loss': '1.623', 'grad_norm': '1.405', 'learning_rate': '3.33e-05', 'entropy': '1.744', 'num_tokens': '2.055e+05', 'mean_token_accuracy': '0.6355', 'epoch': '1.241'}
{'loss': '1.648', 'grad_norm': '1.724', 'learning_rate': '3.26e-05', 'entropy': '1.737', 'num_tokens': '4.085e+05', 'mean_token_accuracy': '0.6321', 'epoch': '1.25'}
{'loss': '1.62', 'grad_norm': '1.499', 'learning_rate': '3.191e-05', 'entropy': '1.736', 'num_tokens': '6.119e+05', 'mean_token_accuracy': '0.6381', 'epoch': '1.259'}
{'loss': '1.638', 'grad_norm': '1.62', 'learning_rate': '3.122e-05', 'entropy': '1.737', 'num_tokens': '8.178e+05', 'mean_token_accuracy': '0.6341', 'epoch': '1.268'}
{'loss': '1.631', 'grad_norm': '1.588', 'learning_rate': '3.054e-05', 'entropy': '1.736', 'num_tokens': '1.022e+06', 'mean_token_accuracy': '0.6364', 'epoch': '1.277'}
{'loss': '1.633', 'grad_norm': '1.624', 'learning_rate': '2.986e-05', 'entropy': '1.736', 'num_tokens': '1.224e+06', 'mean_token_accuracy': '0.6318', 'epoch': '1.287'}
{'loss': '1.593', 'grad_norm': '1.451', 'learning_rate': '2.919e-05', 'entropy': '1.706', 'num_tokens': '1.432e+06', 'mean_token_accuracy': '0.6412', 'epoch': '1.296'}

{'loss': '1.606', 'grad_norm': '1.577', 'learning_rate': '2.852e-05', 'entropy': '1.712', 'num_tokens': '1.637e+06', 'mean_token_accuracy': '0.641', 'epoch': '1.305'}
{'loss': '1.637', 'grad_norm': '1.742', 'learning_rate': '2.786e-05', 'entropy': '1.751', 'num_tokens': '1.841e+06', 'mean_token_accuracy': '0.6315', 'epoch': '1.314'}
{'loss': '1.564', 'grad_norm': '1.525', 'learning_rate': '2.72e-05', 'entropy': '1.672', 'num_tokens': '2.042e+06', 'mean_token_accuracy': '0.6451', 'epoch': '1.323'}
{'loss': '1.631', 'grad_norm': '1.713', 'learning_rate': '2.654e-05', 'entropy': '1.742', 'num_tokens': '2.247e+06', 'mean_token_accuracy': '0.6353', 'epoch': '1.332'}
{'loss': '1.556', 'grad_norm': '1.491', 'learning_rate': '2.589e-05', 'entropy': '1.659', 'num_tokens': '2.452e+06', 'mean_token_accuracy': '0.6464', 'epoch': '1.341'}
{'loss': '1.55', 'grad_norm': '1.782', 'learning_rate': '2.525e-05', 'entropy': '1.652', 'num_tokens': '2.653e+06', 'mean_token_accuracy': '0.6504', 'epoch': '1.35'}
{'loss': '1.671', 'grad_norm': '1.478', 'learning_rate': '2.461e-05', 'entropy': '1.767', 'num_tokens': '2.859e+06', 'mean_token_accuracy': '0.6308', 'epoch': '1.36'}
{'loss': '1.629', 'grad_norm': '1.42', 'learning_rate': '2.397e-05', 'entropy': '1.729', 'num_tokens': '3.063e+06', 'mean_token_accuracy': '0.6335', 'epoch': '1.369'}
  0%|          | 0/600 [00:00<?, ?it/s][A

  0%|          | 2/600 [00:00<00:47, 12.62it/s][A

  1%|          | 4/600 [00:00<01:12,  8.25it/s][A

  1%|          | 5/600 [00:00<01:22,  7.24it/s][A

  1%|          | 6/600 [00:00<01:24,  7.04it/s][A

  1%|          | 7/600 [00:00<01:29,  6.59it/s][A

  1%|▏         | 8/600 [00:01<01:34,  6.27it/s][A

  2%|▏         | 9/600 [00:01<01:40,  5.90it/s][A

  2%|▏         | 10/600 [00:01<01:44,  5.64it/s][A

  2%|▏         | 11/600 [00:01<01:44,  5.66it/s][A

  2%|▏         | 12/600 [00:01<01:44,  5.65it/s][A

  2%|▏         | 13/600 [00:02<01:44,  5.63it/s][A

  2%|▏         | 14/600 [00:02<01:47,  5.43it/s][A

  2%|▎         | 15/600 [00:02<01:43,  5.67it/s][A

  3%|▎         | 16/600 [00:02<01:39,  5.89it/s][A

  3%|▎         | 17/600 [00:02<01:40,  5.80it/s][A

  3%|▎         | 18/600 [00:02<01:51,  5.24it/s][A

  3%|▎         | 19/600 [00:03<01:44,  5.53it/s][A

  3%|▎         | 20/600 [00:03<01:44,  5.58it/s][A

  4%|▎         | 21/600 [00:03<01:45,  5.51it/s][A

  4%|▎         | 22/600 [00:03<01:41,  5.68it/s][A

  4%|▍         | 23/600 [00:03<01:39,  5.80it/s][A

  4%|▍         | 24/600 [00:03<01:36,  5.98it/s][A

  4%|▍         | 25/600 [00:04<01:36,  5.99it/s][A

  4%|▍         | 26/600 [00:04<01:37,  5.90it/s][A

  4%|▍         | 27/600 [00:04<01:38,  5.83it/s][A

  5%|▍         | 28/600 [00:04<01:37,  5.85it/s][A

  5%|▍         | 29/600 [00:04<01:35,  5.98it/s][A

  5%|▌         | 30/600 [00:05<01:35,  5.94it/s][A

  5%|▌         | 31/600 [00:05<01:34,  6.02it/s][A

  5%|▌         | 32/600 [00:05<01:32,  6.16it/s][A

  6%|▌         | 33/600 [00:05<01:30,  6.29it/s][A

  6%|▌         | 34/600 [00:05<01:29,  6.36it/s][A

  6%|▌         | 35/600 [00:05<01:30,  6.26it/s][A

  6%|▌         | 36/600 [00:05<01:33,  6.04it/s][A

  6%|▌         | 37/600 [00:06<01:35,  5.91it/s][A

  6%|▋         | 38/600 [00:06<01:33,  5.99it/s][A

  6%|▋         | 39/600 [00:06<01:33,  5.98it/s][A

  7%|▋         | 40/600 [00:06<01:30,  6.19it/s][A

  7%|▋         | 41/600 [00:06<01:33,  5.98it/s][A

  7%|▋         | 42/600 [00:07<01:38,  5.65it/s][A

  7%|▋         | 43/600 [00:07<01:38,  5.67it/s][A

  7%|▋         | 44/600 [00:07<01:39,  5.59it/s][A

  8%|▊         | 45/600 [00:07<01:35,  5.83it/s][A

  8%|▊         | 46/600 [00:07<01:31,  6.02it/s][A

  8%|▊         | 47/600 [00:07<01:29,  6.17it/s][A

  8%|▊         | 48/600 [00:08<01:31,  6.02it/s][A

  8%|▊         | 49/600 [00:08<01:32,  5.98it/s][A

  8%|▊         | 50/600 [00:08<01:31,  6.03it/s][A

  8%|▊         | 51/600 [00:08<01:30,  6.08it/s][A

  9%|▊         | 52/600 [00:08<01:33,  5.86it/s][A

  9%|▉         | 53/600 [00:08<01:34,  5.76it/s][A

  9%|▉         | 54/600 [00:09<01:36,  5.63it/s][A

  9%|▉         | 55/600 [00:09<01:41,  5.36it/s][A

  9%|▉         | 56/600 [00:09<01:48,  5.00it/s][A

 10%|▉         | 57/600 [00:09<01:42,  5.28it/s][A

 10%|▉         | 58/600 [00:09<01:39,  5.46it/s][A

 10%|▉         | 59/600 [00:10<01:39,  5.43it/s][A

 10%|█         | 60/600 [00:10<01:35,  5.64it/s][A

 10%|█         | 61/600 [00:10<01:33,  5.75it/s][A

 10%|█         | 62/600 [00:10<01:35,  5.61it/s][A

 10%|█         | 63/600 [00:10<01:31,  5.87it/s][A

 11%|█         | 64/600 [00:10<01:35,  5.60it/s][A

 11%|█         | 65/600 [00:11<01:38,  5.44it/s][A

 11%|█         | 66/600 [00:11<01:42,  5.21it/s][A

 11%|█         | 67/600 [00:11<01:43,  5.17it/s][A

 11%|█▏        | 68/600 [00:11<01:43,  5.12it/s][A

 12%|█▏        | 69/600 [00:11<01:43,  5.14it/s][A

 12%|█▏        | 70/600 [00:12<01:44,  5.08it/s][A

 12%|█▏        | 71/600 [00:12<01:37,  5.41it/s][A

 12%|█▏        | 72/600 [00:12<01:34,  5.61it/s][A

 12%|█▏        | 73/600 [00:12<01:34,  5.55it/s][A

 12%|█▏        | 74/600 [00:12<01:32,  5.68it/s][A

 12%|█▎        | 75/600 [00:12<01:34,  5.56it/s][A

 13%|█▎        | 76/600 [00:13<01:31,  5.71it/s][A

 13%|█▎        | 77/600 [00:13<01:30,  5.78it/s][A

 13%|█▎        | 78/600 [00:13<01:32,  5.62it/s][A

 13%|█▎        | 79/600 [00:13<01:33,  5.59it/s][A

 13%|█▎        | 80/600 [00:13<01:32,  5.61it/s][A

 14%|█▎        | 81/600 [00:13<01:32,  5.61it/s][A

 14%|█▎        | 82/600 [00:14<01:33,  5.53it/s][A

 14%|█▍        | 83/600 [00:14<01:34,  5.44it/s][A

 14%|█▍        | 84/600 [00:14<01:39,  5.20it/s][A

 14%|█▍        | 85/600 [00:14<01:40,  5.14it/s][A

 14%|█▍        | 86/600 [00:14<01:36,  5.35it/s][A

 14%|█▍        | 87/600 [00:15<01:31,  5.63it/s][A

 15%|█▍        | 88/600 [00:15<01:33,  5.45it/s][A

 15%|█▍        | 89/600 [00:15<01:36,  5.32it/s][A

 15%|█▌        | 90/600 [00:15<01:34,  5.39it/s][A

 15%|█▌        | 91/600 [00:15<01:31,  5.55it/s][A

 15%|█▌        | 92/600 [00:16<01:30,  5.63it/s][A

 16%|█▌        | 93/600 [00:16<01:27,  5.83it/s][A

 16%|█▌        | 94/600 [00:16<01:25,  5.91it/s][A

 16%|█▌        | 95/600 [00:16<01:28,  5.71it/s][A

 16%|█▌        | 96/600 [00:16<01:29,  5.66it/s][A

 16%|█▌        | 97/600 [00:16<01:28,  5.69it/s][A

 16%|█▋        | 98/600 [00:17<01:24,  5.95it/s][A

 16%|█▋        | 99/600 [00:17<01:24,  5.90it/s][A

 17%|█▋        | 100/600 [00:17<01:25,  5.86it/s][A

 17%|█▋        | 101/600 [00:17<01:25,  5.85it/s][A

 17%|█▋        | 102/600 [00:17<01:28,  5.66it/s][A

 17%|█▋        | 103/600 [00:17<01:28,  5.65it/s][A

 17%|█▋        | 104/600 [00:18<01:24,  5.87it/s][A

 18%|█▊        | 105/600 [00:18<01:21,  6.07it/s][A

 18%|█▊        | 106/600 [00:18<01:21,  6.09it/s][A

 18%|█▊        | 107/600 [00:18<01:22,  5.99it/s][A

 18%|█▊        | 108/600 [00:18<01:22,  5.95it/s][A

 18%|█▊        | 109/600 [00:18<01:21,  5.99it/s][A

 18%|█▊        | 110/600 [00:19<01:22,  5.97it/s][A

 18%|█▊        | 111/600 [00:19<01:27,  5.60it/s][A

 19%|█▊        | 112/600 [00:19<01:27,  5.57it/s][A

 19%|█▉        | 113/600 [00:19<01:29,  5.47it/s][A

 19%|█▉        | 114/600 [00:19<01:29,  5.46it/s][A

 19%|█▉        | 115/600 [00:19<01:24,  5.72it/s][A

 19%|█▉        | 116/600 [00:20<01:26,  5.60it/s][A

 20%|█▉        | 117/600 [00:20<01:25,  5.64it/s][A

 20%|█▉        | 118/600 [00:20<01:28,  5.47it/s][A

 20%|█▉        | 119/600 [00:20<01:25,  5.65it/s][A

 20%|██        | 120/600 [00:20<01:29,  5.37it/s][A

 20%|██        | 121/600 [00:21<01:33,  5.12it/s][A

 20%|██        | 122/600 [00:21<01:31,  5.21it/s][A

 20%|██        | 123/600 [00:21<01:31,  5.19it/s][A

 21%|██        | 124/600 [00:21<01:31,  5.20it/s][A

 21%|██        | 125/600 [00:21<01:29,  5.30it/s][A

 21%|██        | 126/600 [00:22<01:30,  5.23it/s][A

 21%|██        | 127/600 [00:22<01:31,  5.16it/s][A

 21%|██▏       | 128/600 [00:22<01:26,  5.43it/s][A

 22%|██▏       | 129/600 [00:22<01:26,  5.46it/s][A

 22%|██▏       | 130/600 [00:22<01:22,  5.73it/s][A

 22%|██▏       | 131/600 [00:22<01:24,  5.55it/s][A

 22%|██▏       | 132/600 [00:23<01:23,  5.62it/s][A

 22%|██▏       | 133/600 [00:23<01:18,  5.97it/s][A

 22%|██▏       | 134/600 [00:23<01:24,  5.52it/s][A

 22%|██▎       | 135/600 [00:23<01:23,  5.60it/s][A

 23%|██▎       | 136/600 [00:23<01:19,  5.84it/s][A

 23%|██▎       | 137/600 [00:24<01:21,  5.65it/s][A

 23%|██▎       | 138/600 [00:24<01:20,  5.71it/s][A

 23%|██▎       | 139/600 [00:24<01:20,  5.70it/s][A

 23%|██▎       | 140/600 [00:24<01:22,  5.57it/s][A

 24%|██▎       | 141/600 [00:24<01:20,  5.67it/s][A

 24%|██▎       | 142/600 [00:24<01:22,  5.56it/s][A

 24%|██▍       | 143/600 [00:25<01:21,  5.61it/s][A

 24%|██▍       | 144/600 [00:25<01:18,  5.82it/s][A

 24%|██▍       | 145/600 [00:25<01:17,  5.87it/s][A

 24%|██▍       | 146/600 [00:25<01:14,  6.07it/s][A

 24%|██▍       | 147/600 [00:25<01:14,  6.06it/s][A

 25%|██▍       | 148/600 [00:25<01:17,  5.86it/s][A

 25%|██▍       | 149/600 [00:26<01:21,  5.54it/s][A

 25%|██▌       | 150/600 [00:26<01:17,  5.82it/s][A

 25%|██▌       | 151/600 [00:26<01:14,  6.05it/s][A

 25%|██▌       | 152/600 [00:26<01:14,  6.04it/s][A

 26%|██▌       | 153/600 [00:26<01:12,  6.19it/s][A

 26%|██▌       | 154/600 [00:26<01:12,  6.15it/s][A

 26%|██▌       | 155/600 [00:27<01:11,  6.22it/s][A

 26%|██▌       | 156/600 [00:27<01:11,  6.18it/s][A

 26%|██▌       | 157/600 [00:27<01:13,  6.03it/s][A

 26%|██▋       | 158/600 [00:27<01:15,  5.88it/s][A

 26%|██▋       | 159/600 [00:27<01:13,  5.99it/s][A

 27%|██▋       | 160/600 [00:27<01:10,  6.22it/s][A

 27%|██▋       | 161/600 [00:28<01:09,  6.35it/s][A

 27%|██▋       | 162/600 [00:28<01:11,  6.10it/s][A

 27%|██▋       | 163/600 [00:28<01:08,  6.34it/s][A

 27%|██▋       | 164/600 [00:28<01:09,  6.23it/s][A

 28%|██▊       | 165/600 [00:28<01:10,  6.18it/s][A

 28%|██▊       | 166/600 [00:28<01:10,  6.18it/s][A

 28%|██▊       | 167/600 [00:29<01:14,  5.85it/s][A

 28%|██▊       | 168/600 [00:29<01:15,  5.75it/s][A

 28%|██▊       | 169/600 [00:29<01:12,  5.95it/s][A

 28%|██▊       | 170/600 [00:29<01:09,  6.17it/s][A

 28%|██▊       | 171/600 [00:29<01:10,  6.13it/s][A

 29%|██▊       | 172/600 [00:29<01:11,  6.02it/s][A

 29%|██▉       | 173/600 [00:30<01:11,  5.96it/s][A

 29%|██▉       | 174/600 [00:30<01:10,  6.05it/s][A

 29%|██▉       | 175/600 [00:30<01:08,  6.20it/s][A

 29%|██▉       | 176/600 [00:30<01:07,  6.24it/s][A

 30%|██▉       | 177/600 [00:30<01:13,  5.78it/s][A

 30%|██▉       | 178/600 [00:30<01:15,  5.56it/s][A

 30%|██▉       | 179/600 [00:31<01:12,  5.82it/s][A

 30%|███       | 180/600 [00:31<01:14,  5.62it/s][A

 30%|███       | 181/600 [00:31<01:20,  5.23it/s][A

 30%|███       | 182/600 [00:31<01:20,  5.17it/s][A

 30%|███       | 183/600 [00:31<01:23,  4.98it/s][A

 31%|███       | 184/600 [00:32<01:23,  4.96it/s][A

 31%|███       | 185/600 [00:32<01:18,  5.31it/s][A

 31%|███       | 186/600 [00:32<01:22,  5.03it/s][A

 31%|███       | 187/600 [00:32<01:24,  4.89it/s][A

 31%|███▏      | 188/600 [00:32<01:24,  4.88it/s][A

 32%|███▏      | 189/600 [00:33<01:20,  5.08it/s][A

 32%|███▏      | 190/600 [00:33<01:21,  5.01it/s][A

 32%|███▏      | 191/600 [00:33<01:22,  4.95it/s][A

 32%|███▏      | 192/600 [00:33<01:26,  4.70it/s][A

 32%|███▏      | 193/600 [00:33<01:24,  4.80it/s][A

 32%|███▏      | 194/600 [00:34<01:19,  5.10it/s][A

 32%|███▎      | 195/600 [00:34<01:18,  5.18it/s][A

 33%|███▎      | 196/600 [00:34<01:20,  5.00it/s][A

 33%|███▎      | 197/600 [00:34<01:17,  5.21it/s][A

 33%|███▎      | 198/600 [00:34<01:18,  5.14it/s][A

 33%|███▎      | 199/600 [00:35<01:22,  4.83it/s][A

 33%|███▎      | 200/600 [00:35<01:21,  4.92it/s][A

 34%|███▎      | 201/600 [00:35<01:19,  4.99it/s][A

 34%|███▎      | 202/600 [00:35<01:16,  5.23it/s][A

 34%|███▍      | 203/600 [00:35<01:17,  5.14it/s][A

 34%|███▍      | 204/600 [00:36<01:23,  4.75it/s][A

 34%|███▍      | 205/600 [00:36<01:19,  4.96it/s][A

 34%|███▍      | 206/600 [00:36<01:19,  4.97it/s][A

 34%|███▍      | 207/600 [00:36<01:19,  4.92it/s][A

 35%|███▍      | 208/600 [00:36<01:14,  5.26it/s][A

 35%|███▍      | 209/600 [00:37<01:14,  5.27it/s][A

 35%|███▌      | 210/600 [00:37<01:10,  5.54it/s][A

 35%|███▌      | 211/600 [00:37<01:09,  5.58it/s][A

 35%|███▌      | 212/600 [00:37<01:11,  5.45it/s][A

 36%|███▌      | 213/600 [00:37<01:09,  5.56it/s][A

 36%|███▌      | 214/600 [00:37<01:09,  5.58it/s][A

 36%|███▌      | 215/600 [00:38<01:08,  5.62it/s][A

 36%|███▌      | 216/600 [00:38<01:06,  5.77it/s][A

 36%|███▌      | 217/600 [00:38<01:07,  5.67it/s][A

 36%|███▋      | 218/600 [00:38<01:06,  5.74it/s][A

 36%|███▋      | 219/600 [00:38<01:03,  6.00it/s][A

 37%|███▋      | 220/600 [00:38<01:03,  6.02it/s][A

 37%|███▋      | 221/600 [00:39<01:01,  6.12it/s][A

 37%|███▋      | 222/600 [00:39<01:01,  6.10it/s][A

 37%|███▋      | 223/600 [00:39<01:02,  6.02it/s][A

 37%|███▋      | 224/600 [00:39<01:01,  6.10it/s][A

 38%|███▊      | 225/600 [00:39<01:01,  6.05it/s][A

 38%|███▊      | 226/600 [00:39<01:02,  5.99it/s][A

 38%|███▊      | 227/600 [00:40<01:02,  5.97it/s][A

 38%|███▊      | 228/600 [00:40<01:02,  5.97it/s][A

 38%|███▊      | 229/600 [00:40<01:01,  6.06it/s][A

 38%|███▊      | 230/600 [00:40<01:00,  6.11it/s][A

 38%|███▊      | 231/600 [00:40<01:01,  5.98it/s][A

 39%|███▊      | 232/600 [00:40<01:03,  5.84it/s][A

 39%|███▉      | 233/600 [00:41<01:00,  6.07it/s][A

 39%|███▉      | 234/600 [00:41<01:00,  6.05it/s][A

 39%|███▉      | 235/600 [00:41<01:03,  5.73it/s][A

 39%|███▉      | 236/600 [00:41<01:04,  5.64it/s][A

 40%|███▉      | 237/600 [00:41<01:02,  5.78it/s][A

 40%|███▉      | 238/600 [00:41<01:00,  5.95it/s][A

 40%|███▉      | 239/600 [00:42<01:03,  5.69it/s][A

 40%|████      | 240/600 [00:42<01:02,  5.75it/s][A

 40%|████      | 241/600 [00:42<01:00,  5.91it/s][A

 40%|████      | 242/600 [00:42<01:02,  5.70it/s][A

 40%|████      | 243/600 [00:42<01:03,  5.59it/s][A

 41%|████      | 244/600 [00:43<01:09,  5.16it/s][A

 41%|████      | 245/600 [00:43<01:07,  5.26it/s][A

 41%|████      | 246/600 [00:43<01:08,  5.20it/s][A

 41%|████      | 247/600 [00:43<01:07,  5.22it/s][A

 41%|████▏     | 248/600 [00:43<01:03,  5.50it/s][A

 42%|████▏     | 249/600 [00:43<01:03,  5.56it/s][A

 42%|████▏     | 250/600 [00:44<01:01,  5.72it/s][A

 42%|████▏     | 251/600 [00:44<01:03,  5.50it/s][A

 42%|████▏     | 252/600 [00:44<01:04,  5.37it/s][A

 42%|████▏     | 253/600 [00:44<01:03,  5.44it/s][A

 42%|████▏     | 254/600 [00:44<00:59,  5.79it/s][A

 42%|████▎     | 255/600 [00:45<00:58,  5.91it/s][A

 43%|████▎     | 256/600 [00:45<01:03,  5.46it/s][A

 43%|████▎     | 257/600 [00:45<00:59,  5.73it/s][A

 43%|████▎     | 258/600 [00:45<01:01,  5.55it/s][A

 43%|████▎     | 259/600 [00:45<01:00,  5.60it/s][A

 43%|████▎     | 260/600 [00:45<01:01,  5.50it/s][A

 44%|████▎     | 261/600 [00:46<01:00,  5.61it/s][A

 44%|████▎     | 262/600 [00:46<00:59,  5.72it/s][A

 44%|████▍     | 263/600 [00:46<00:57,  5.82it/s][A

 44%|████▍     | 264/600 [00:46<00:55,  6.07it/s][A

 44%|████▍     | 265/600 [00:46<00:53,  6.24it/s][A

 44%|████▍     | 266/600 [00:46<00:54,  6.10it/s][A

 44%|████▍     | 267/600 [00:47<00:54,  6.13it/s][A

 45%|████▍     | 268/600 [00:47<00:54,  6.09it/s][A

 45%|████▍     | 269/600 [00:47<00:57,  5.72it/s][A

 45%|████▌     | 270/600 [00:47<00:59,  5.55it/s][A

 45%|████▌     | 271/600 [00:47<00:57,  5.76it/s][A

 45%|████▌     | 272/600 [00:47<00:57,  5.67it/s][A

 46%|████▌     | 273/600 [00:48<00:55,  5.85it/s][A

 46%|████▌     | 274/600 [00:48<00:54,  5.96it/s][A

 46%|████▌     | 275/600 [00:48<00:53,  6.12it/s][A

 46%|████▌     | 276/600 [00:48<00:52,  6.19it/s][A

 46%|████▌     | 277/600 [00:48<00:52,  6.19it/s][A

 46%|████▋     | 278/600 [00:48<00:54,  5.95it/s][A

 46%|████▋     | 279/600 [00:49<00:55,  5.79it/s][A

 47%|████▋     | 280/600 [00:49<00:55,  5.82it/s][A

 47%|████▋     | 281/600 [00:49<00:55,  5.70it/s][A

 47%|████▋     | 282/600 [00:49<00:58,  5.45it/s][A

 47%|████▋     | 283/600 [00:49<00:55,  5.76it/s][A

 47%|████▋     | 284/600 [00:49<00:53,  5.89it/s][A

 48%|████▊     | 285/600 [00:50<00:51,  6.10it/s][A

 48%|████▊     | 286/600 [00:50<00:50,  6.27it/s][A

 48%|████▊     | 287/600 [00:50<00:50,  6.17it/s][A

 48%|████▊     | 288/600 [00:50<00:51,  6.07it/s][A

 48%|████▊     | 289/600 [00:50<00:52,  5.96it/s][A

 48%|████▊     | 290/600 [00:50<00:51,  6.04it/s][A

 48%|████▊     | 291/600 [00:51<00:50,  6.13it/s][A

 49%|████▊     | 292/600 [00:51<00:49,  6.27it/s][A

 49%|████▉     | 293/600 [00:51<00:48,  6.28it/s][A

 49%|████▉     | 294/600 [00:51<00:48,  6.31it/s][A

 49%|████▉     | 295/600 [00:51<00:48,  6.30it/s][A

 49%|████▉     | 296/600 [00:51<00:49,  6.19it/s][A

 50%|████▉     | 297/600 [00:52<00:49,  6.11it/s][A

 50%|████▉     | 298/600 [00:52<00:52,  5.73it/s][A

 50%|████▉     | 299/600 [00:52<00:51,  5.87it/s][A

 50%|█████     | 300/600 [00:52<00:50,  5.98it/s][A

 50%|█████     | 301/600 [00:52<00:52,  5.71it/s][A

 50%|█████     | 302/600 [00:52<00:52,  5.67it/s][A

 50%|█████     | 303/600 [00:53<00:52,  5.63it/s][A

 51%|█████     | 304/600 [00:53<00:54,  5.47it/s][A

 51%|█████     | 305/600 [00:53<00:57,  5.15it/s][A

 51%|█████     | 306/600 [00:53<00:56,  5.20it/s][A

 51%|█████     | 307/600 [00:53<00:56,  5.18it/s][A

 51%|█████▏    | 308/600 [00:54<00:56,  5.18it/s][A

 52%|█████▏    | 309/600 [00:54<00:54,  5.38it/s][A

 52%|█████▏    | 310/600 [00:54<00:52,  5.53it/s][A

 52%|█████▏    | 311/600 [00:54<00:51,  5.65it/s][A

 52%|█████▏    | 312/600 [00:54<00:51,  5.55it/s][A

 52%|█████▏    | 313/600 [00:55<00:53,  5.41it/s][A

 52%|█████▏    | 314/600 [00:55<00:51,  5.50it/s][A

 52%|█████▎    | 315/600 [00:55<00:51,  5.55it/s][A

 53%|█████▎    | 316/600 [00:55<00:55,  5.16it/s][A

 53%|█████▎    | 317/600 [00:55<00:55,  5.08it/s][A

 53%|█████▎    | 318/600 [00:56<00:54,  5.13it/s][A

 53%|█████▎    | 319/600 [00:56<00:53,  5.26it/s][A

 53%|█████▎    | 320/600 [00:56<00:51,  5.40it/s][A

 54%|█████▎    | 321/600 [00:56<00:49,  5.69it/s][A

 54%|█████▎    | 322/600 [00:56<00:48,  5.78it/s][A

 54%|█████▍    | 323/600 [00:56<00:49,  5.59it/s][A

 54%|█████▍    | 324/600 [00:57<00:52,  5.29it/s][A

 54%|█████▍    | 325/600 [00:57<00:49,  5.61it/s][A

 54%|█████▍    | 326/600 [00:57<00:52,  5.21it/s][A

 55%|█████▍    | 327/600 [00:57<00:53,  5.12it/s][A

 55%|█████▍    | 328/600 [00:57<00:51,  5.24it/s][A

 55%|█████▍    | 329/600 [00:58<00:49,  5.52it/s][A

 55%|█████▌    | 330/600 [00:58<00:48,  5.59it/s][A

 55%|█████▌    | 331/600 [00:58<00:45,  5.90it/s][A

 55%|█████▌    | 332/600 [00:58<00:43,  6.11it/s][A

 56%|█████▌    | 333/600 [00:58<00:44,  6.00it/s][A

 56%|█████▌    | 334/600 [00:58<00:44,  6.01it/s][A

 56%|█████▌    | 335/600 [00:59<00:45,  5.83it/s][A

 56%|█████▌    | 336/600 [00:59<00:46,  5.70it/s][A

 56%|█████▌    | 337/600 [00:59<00:45,  5.82it/s][A

 56%|█████▋    | 338/600 [00:59<00:45,  5.72it/s][A

 56%|█████▋    | 339/600 [00:59<00:47,  5.50it/s][A

 57%|█████▋    | 340/600 [00:59<00:46,  5.63it/s][A

 57%|█████▋    | 341/600 [01:00<00:46,  5.62it/s][A

 57%|█████▋    | 342/600 [01:00<00:44,  5.73it/s][A

 57%|█████▋    | 343/600 [01:00<00:44,  5.80it/s][A

 57%|█████▋    | 344/600 [01:00<00:43,  5.85it/s][A

 57%|█████▊    | 345/600 [01:00<00:44,  5.68it/s][A

 58%|█████▊    | 346/600 [01:00<00:45,  5.61it/s][A

 58%|█████▊    | 347/600 [01:01<00:46,  5.49it/s][A

 58%|█████▊    | 348/600 [01:01<00:44,  5.70it/s][A

 58%|█████▊    | 349/600 [01:01<00:45,  5.48it/s][A

 58%|█████▊    | 350/600 [01:01<00:43,  5.78it/s][A

 58%|█████▊    | 351/600 [01:01<00:42,  5.85it/s][A

 59%|█████▊    | 352/600 [01:02<00:43,  5.74it/s][A

 59%|█████▉    | 353/600 [01:02<00:44,  5.56it/s][A

 59%|█████▉    | 354/600 [01:02<00:43,  5.67it/s][A

 59%|█████▉    | 355/600 [01:02<00:42,  5.70it/s][A

 59%|█████▉    | 356/600 [01:02<00:42,  5.71it/s][A

 60%|█████▉    | 357/600 [01:02<00:42,  5.65it/s][A

 60%|█████▉    | 358/600 [01:03<00:41,  5.87it/s][A

 60%|█████▉    | 359/600 [01:03<00:39,  6.11it/s][A

 60%|██████    | 360/600 [01:03<00:38,  6.19it/s][A

 60%|██████    | 361/600 [01:03<00:38,  6.25it/s][A

 60%|██████    | 362/600 [01:03<00:41,  5.73it/s][A

 60%|██████    | 363/600 [01:03<00:41,  5.71it/s][A

 61%|██████    | 364/600 [01:04<00:43,  5.47it/s][A

 61%|██████    | 365/600 [01:04<00:42,  5.48it/s][A

 61%|██████    | 366/600 [01:04<00:40,  5.76it/s][A

 61%|██████    | 367/600 [01:04<00:39,  5.95it/s][A

 61%|██████▏   | 368/600 [01:04<00:38,  5.99it/s][A

 62%|██████▏   | 369/600 [01:04<00:39,  5.86it/s][A

 62%|██████▏   | 370/600 [01:05<00:37,  6.09it/s][A

 62%|██████▏   | 371/600 [01:05<00:39,  5.86it/s][A

 62%|██████▏   | 372/600 [01:05<00:39,  5.72it/s][A

 62%|██████▏   | 373/600 [01:05<00:41,  5.48it/s][A

 62%|██████▏   | 374/600 [01:05<00:40,  5.52it/s][A

 62%|██████▎   | 375/600 [01:05<00:40,  5.62it/s][A

 63%|██████▎   | 376/600 [01:06<00:37,  5.90it/s][A

 63%|██████▎   | 377/600 [01:06<00:36,  6.07it/s][A

 63%|██████▎   | 378/600 [01:06<00:35,  6.19it/s][A

 63%|██████▎   | 379/600 [01:06<00:36,  6.03it/s][A

 63%|██████▎   | 380/600 [01:06<00:36,  5.97it/s][A

 64%|██████▎   | 381/600 [01:06<00:38,  5.65it/s][A

 64%|██████▎   | 382/600 [01:07<00:38,  5.62it/s][A

 64%|██████▍   | 383/600 [01:07<00:37,  5.84it/s][A

 64%|██████▍   | 384/600 [01:07<00:36,  5.92it/s][A

 64%|██████▍   | 385/600 [01:07<00:36,  5.96it/s][A

 64%|██████▍   | 386/600 [01:07<00:36,  5.87it/s][A

 64%|██████▍   | 387/600 [01:08<00:36,  5.79it/s][A

 65%|██████▍   | 388/600 [01:08<00:35,  6.01it/s][A

 65%|██████▍   | 389/600 [01:08<00:35,  5.94it/s][A

 65%|██████▌   | 390/600 [01:08<00:36,  5.72it/s][A

 65%|██████▌   | 391/600 [01:08<00:35,  5.87it/s][A

 65%|██████▌   | 392/600 [01:08<00:35,  5.87it/s][A

 66%|██████▌   | 393/600 [01:09<00:33,  6.11it/s][A

 66%|██████▌   | 394/600 [01:09<00:33,  6.13it/s][A

 66%|██████▌   | 395/600 [01:09<00:32,  6.31it/s][A

 66%|██████▌   | 396/600 [01:09<00:32,  6.36it/s][A

 66%|██████▌   | 397/600 [01:09<00:35,  5.77it/s][A

 66%|██████▋   | 398/600 [01:09<00:33,  5.96it/s][A

 66%|██████▋   | 399/600 [01:10<00:33,  5.96it/s][A

 67%|██████▋   | 400/600 [01:10<00:34,  5.72it/s][A

 67%|██████▋   | 401/600 [01:10<00:33,  6.01it/s][A

 67%|██████▋   | 402/600 [01:10<00:31,  6.22it/s][A

 67%|██████▋   | 403/600 [01:10<00:30,  6.36it/s][A

 67%|██████▋   | 404/600 [01:10<00:30,  6.34it/s][A

 68%|██████▊   | 405/600 [01:10<00:31,  6.22it/s][A

 68%|██████▊   | 406/600 [01:11<00:31,  6.18it/s][A

 68%|██████▊   | 407/600 [01:11<00:33,  5.83it/s][A

 68%|██████▊   | 408/600 [01:11<00:32,  5.88it/s][A

 68%|██████▊   | 409/600 [01:11<00:31,  6.01it/s][A

 68%|██████▊   | 410/600 [01:11<00:31,  6.10it/s][A

 68%|██████▊   | 411/600 [01:11<00:30,  6.17it/s][A

 69%|██████▊   | 412/600 [01:12<00:30,  6.24it/s][A

 69%|██████▉   | 413/600 [01:12<00:30,  6.23it/s][A

 69%|██████▉   | 414/600 [01:12<00:29,  6.33it/s][A

 69%|██████▉   | 415/600 [01:12<00:28,  6.39it/s][A

 69%|██████▉   | 416/600 [01:12<00:29,  6.27it/s][A

 70%|██████▉   | 417/600 [01:12<00:30,  6.05it/s][A

 70%|██████▉   | 418/600 [01:13<00:31,  5.81it/s][A

 70%|██████▉   | 419/600 [01:13<00:30,  5.85it/s][A

 70%|███████   | 420/600 [01:13<00:31,  5.65it/s][A

 70%|███████   | 421/600 [01:13<00:32,  5.46it/s][A

 70%|███████   | 422/600 [01:13<00:31,  5.56it/s][A

 70%|███████   | 423/600 [01:14<00:32,  5.48it/s][A

 71%|███████   | 424/600 [01:14<00:30,  5.72it/s][A

 71%|███████   | 425/600 [01:14<00:31,  5.49it/s][A

 71%|███████   | 426/600 [01:14<00:31,  5.47it/s][A

 71%|███████   | 427/600 [01:14<00:34,  4.96it/s][A

 71%|███████▏  | 428/600 [01:14<00:32,  5.29it/s][A

 72%|███████▏  | 429/600 [01:15<00:31,  5.48it/s][A

 72%|███████▏  | 430/600 [01:15<00:31,  5.33it/s][A

 72%|███████▏  | 431/600 [01:15<00:33,  5.09it/s][A

 72%|███████▏  | 432/600 [01:15<00:31,  5.37it/s][A

 72%|███████▏  | 433/600 [01:15<00:31,  5.22it/s][A

 72%|███████▏  | 434/600 [01:16<00:31,  5.35it/s][A

 72%|███████▎  | 435/600 [01:16<00:30,  5.39it/s][A

 73%|███████▎  | 436/600 [01:16<00:30,  5.29it/s][A

 73%|███████▎  | 437/600 [01:16<00:30,  5.32it/s][A

 73%|███████▎  | 438/600 [01:16<00:30,  5.24it/s][A

 73%|███████▎  | 439/600 [01:17<00:30,  5.26it/s][A

 73%|███████▎  | 440/600 [01:17<00:31,  5.03it/s][A

 74%|███████▎  | 441/600 [01:17<00:30,  5.14it/s][A

 74%|███████▎  | 442/600 [01:17<00:32,  4.79it/s][A

 74%|███████▍  | 443/600 [01:17<00:31,  5.02it/s][A

 74%|███████▍  | 444/600 [01:18<00:30,  5.19it/s][A

 74%|███████▍  | 445/600 [01:18<00:29,  5.17it/s][A

 74%|███████▍  | 446/600 [01:18<00:28,  5.33it/s][A

 74%|███████▍  | 447/600 [01:18<00:29,  5.27it/s][A

 75%|███████▍  | 448/600 [01:18<00:27,  5.47it/s][A

 75%|███████▍  | 449/600 [01:18<00:28,  5.35it/s][A

 75%|███████▌  | 450/600 [01:19<00:28,  5.34it/s][A

 75%|███████▌  | 451/600 [01:19<00:27,  5.39it/s][A

 75%|███████▌  | 452/600 [01:19<00:27,  5.47it/s][A

 76%|███████▌  | 453/600 [01:19<00:26,  5.59it/s][A

 76%|███████▌  | 454/600 [01:19<00:26,  5.61it/s][A

 76%|███████▌  | 455/600 [01:20<00:25,  5.75it/s][A

 76%|███████▌  | 456/600 [01:20<00:24,  5.95it/s][A

 76%|███████▌  | 457/600 [01:20<00:23,  6.02it/s][A

 76%|███████▋  | 458/600 [01:20<00:23,  6.10it/s][A

 76%|███████▋  | 459/600 [01:20<00:23,  6.05it/s][A

 77%|███████▋  | 460/600 [01:20<00:23,  6.06it/s][A

 77%|███████▋  | 461/600 [01:21<00:22,  6.08it/s][A

 77%|███████▋  | 462/600 [01:21<00:23,  5.90it/s][A

 77%|███████▋  | 463/600 [01:21<00:23,  5.90it/s][A

 77%|███████▋  | 464/600 [01:21<00:22,  6.07it/s][A

 78%|███████▊  | 465/600 [01:21<00:23,  5.73it/s][A

 78%|███████▊  | 466/600 [01:21<00:22,  5.86it/s][A

 78%|███████▊  | 467/600 [01:22<00:22,  5.89it/s][A

 78%|███████▊  | 468/600 [01:22<00:22,  5.88it/s][A

 78%|███████▊  | 469/600 [01:22<00:22,  5.77it/s][A

 78%|███████▊  | 470/600 [01:22<00:21,  6.10it/s][A

 78%|███████▊  | 471/600 [01:22<00:21,  6.04it/s][A

 79%|███████▊  | 472/600 [01:22<00:21,  6.01it/s][A

 79%|███████▉  | 473/600 [01:23<00:21,  5.94it/s][A

 79%|███████▉  | 474/600 [01:23<00:21,  5.93it/s][A

 79%|███████▉  | 475/600 [01:23<00:20,  6.13it/s][A

 79%|███████▉  | 476/600 [01:23<00:20,  6.05it/s][A

 80%|███████▉  | 477/600 [01:23<00:20,  5.87it/s][A

 80%|███████▉  | 478/600 [01:23<00:21,  5.75it/s][A

 80%|███████▉  | 479/600 [01:24<00:21,  5.67it/s][A

 80%|████████  | 480/600 [01:24<00:20,  5.78it/s][A

 80%|████████  | 481/600 [01:24<00:20,  5.90it/s][A

 80%|████████  | 482/600 [01:24<00:19,  6.13it/s][A

 80%|████████  | 483/600 [01:24<00:18,  6.29it/s][A

 81%|████████  | 484/600 [01:24<00:18,  6.23it/s][A

 81%|████████  | 485/600 [01:25<00:18,  6.11it/s][A

 81%|████████  | 486/600 [01:25<00:18,  6.17it/s][A

 81%|████████  | 487/600 [01:25<00:18,  6.13it/s][A

 81%|████████▏ | 488/600 [01:25<00:19,  5.89it/s][A

 82%|████████▏ | 489/600 [01:25<00:18,  6.04it/s][A

 82%|████████▏ | 490/600 [01:25<00:17,  6.14it/s][A

 82%|████████▏ | 491/600 [01:26<00:17,  6.14it/s][A

 82%|████████▏ | 492/600 [01:26<00:16,  6.37it/s][A

 82%|████████▏ | 493/600 [01:26<00:16,  6.37it/s][A

 82%|████████▏ | 494/600 [01:26<00:17,  6.24it/s][A

 82%|████████▎ | 495/600 [01:26<00:16,  6.23it/s][A

 83%|████████▎ | 496/600 [01:26<00:16,  6.24it/s][A

 83%|████████▎ | 497/600 [01:26<00:17,  6.05it/s][A

 83%|████████▎ | 498/600 [01:27<00:17,  5.78it/s][A

 83%|████████▎ | 499/600 [01:27<00:17,  5.81it/s][A

 83%|████████▎ | 500/600 [01:27<00:16,  5.88it/s][A

 84%|████████▎ | 501/600 [01:27<00:17,  5.79it/s][A

 84%|████████▎ | 502/600 [01:27<00:16,  5.89it/s][A

 84%|████████▍ | 503/600 [01:28<00:16,  5.90it/s][A

 84%|████████▍ | 504/600 [01:28<00:16,  5.89it/s][A

 84%|████████▍ | 505/600 [01:28<00:16,  5.70it/s][A

 84%|████████▍ | 506/600 [01:28<00:17,  5.50it/s][A

 84%|████████▍ | 507/600 [01:28<00:17,  5.42it/s][A

 85%|████████▍ | 508/600 [01:28<00:17,  5.29it/s][A

 85%|████████▍ | 509/600 [01:29<00:17,  5.35it/s][A

 85%|████████▌ | 510/600 [01:29<00:16,  5.50it/s][A

 85%|████████▌ | 511/600 [01:29<00:15,  5.81it/s][A

 85%|████████▌ | 512/600 [01:29<00:14,  6.04it/s][A

 86%|████████▌ | 513/600 [01:29<00:14,  6.17it/s][A

 86%|████████▌ | 514/600 [01:29<00:14,  5.98it/s][A

 86%|████████▌ | 515/600 [01:30<00:14,  5.91it/s][A

 86%|████████▌ | 516/600 [01:30<00:14,  5.94it/s][A

 86%|████████▌ | 517/600 [01:30<00:14,  5.76it/s][A

 86%|████████▋ | 518/600 [01:30<00:13,  5.92it/s][A

 86%|████████▋ | 519/600 [01:30<00:13,  5.96it/s][A

 87%|████████▋ | 520/600 [01:31<00:13,  5.71it/s][A

 87%|████████▋ | 521/600 [01:31<00:13,  5.74it/s][A

 87%|████████▋ | 522/600 [01:31<00:14,  5.57it/s][A

 87%|████████▋ | 523/600 [01:31<00:14,  5.48it/s][A

 87%|████████▋ | 524/600 [01:31<00:13,  5.60it/s][A

 88%|████████▊ | 525/600 [01:31<00:13,  5.42it/s][A

 88%|████████▊ | 526/600 [01:32<00:13,  5.36it/s][A

 88%|████████▊ | 527/600 [01:32<00:13,  5.58it/s][A

 88%|████████▊ | 528/600 [01:32<00:12,  5.81it/s][A

 88%|████████▊ | 529/600 [01:32<00:11,  5.96it/s][A

 88%|████████▊ | 530/600 [01:32<00:11,  5.92it/s][A

 88%|████████▊ | 531/600 [01:32<00:11,  5.90it/s][A

 89%|████████▊ | 532/600 [01:33<00:11,  5.95it/s][A

 89%|████████▉ | 533/600 [01:33<00:11,  6.04it/s][A

 89%|████████▉ | 534/600 [01:33<00:11,  5.91it/s][A

 89%|████████▉ | 535/600 [01:33<00:10,  6.06it/s][A

 89%|████████▉ | 536/600 [01:33<00:10,  6.29it/s][A

 90%|████████▉ | 537/600 [01:33<00:10,  6.23it/s][A

 90%|████████▉ | 538/600 [01:34<00:10,  6.00it/s][A

 90%|████████▉ | 539/600 [01:34<00:10,  6.06it/s][A

 90%|█████████ | 540/600 [01:34<00:10,  5.81it/s][A

 90%|█████████ | 541/600 [01:34<00:10,  5.77it/s][A

 90%|█████████ | 542/600 [01:34<00:09,  5.87it/s][A

 90%|█████████ | 543/600 [01:34<00:10,  5.43it/s][A

 91%|█████████ | 544/600 [01:35<00:10,  5.40it/s][A

 91%|█████████ | 545/600 [01:35<00:10,  5.25it/s][A

 91%|█████████ | 546/600 [01:35<00:10,  5.18it/s][A

 91%|█████████ | 547/600 [01:35<00:10,  5.11it/s][A

 91%|█████████▏| 548/600 [01:35<00:09,  5.27it/s][A

 92%|█████████▏| 549/600 [01:36<00:09,  5.38it/s][A

 92%|█████████▏| 550/600 [01:36<00:09,  5.35it/s][A

 92%|█████████▏| 551/600 [01:36<00:09,  5.23it/s][A

 92%|█████████▏| 552/600 [01:36<00:08,  5.35it/s][A

 92%|█████████▏| 553/600 [01:36<00:08,  5.23it/s][A

 92%|█████████▏| 554/600 [01:37<00:08,  5.30it/s][A

 92%|█████████▎| 555/600 [01:37<00:09,  4.97it/s][A

 93%|█████████▎| 556/600 [01:37<00:08,  5.20it/s][A

 93%|█████████▎| 557/600 [01:37<00:08,  5.16it/s][A

 93%|█████████▎| 558/600 [01:37<00:07,  5.34it/s][A

 93%|█████████▎| 559/600 [01:38<00:07,  5.52it/s][A

 93%|█████████▎| 560/600 [01:38<00:07,  5.50it/s][A

 94%|█████████▎| 561/600 [01:38<00:06,  5.62it/s][A

 94%|█████████▎| 562/600 [01:38<00:06,  5.52it/s][A

 94%|█████████▍| 563/600 [01:38<00:06,  5.61it/s][A

 94%|█████████▍| 564/600 [01:38<00:06,  5.40it/s][A

 94%|█████████▍| 565/600 [01:39<00:06,  5.31it/s][A

 94%|█████████▍| 566/600 [01:39<00:06,  5.08it/s][A

 94%|█████████▍| 567/600 [01:39<00:06,  5.10it/s][A

 95%|█████████▍| 568/600 [01:39<00:06,  5.19it/s][A

 95%|█████████▍| 569/600 [01:39<00:05,  5.47it/s][A

 95%|█████████▌| 570/600 [01:40<00:05,  5.20it/s][A

 95%|█████████▌| 571/600 [01:40<00:05,  5.28it/s][A

 95%|█████████▌| 572/600 [01:40<00:05,  5.51it/s][A

 96%|█████████▌| 573/600 [01:40<00:04,  5.64it/s][A

 96%|█████████▌| 574/600 [01:40<00:04,  5.65it/s][A

 96%|█████████▌| 575/600 [01:40<00:04,  5.76it/s][A

 96%|█████████▌| 576/600 [01:41<00:04,  5.83it/s][A

 96%|█████████▌| 577/600 [01:41<00:03,  5.81it/s][A

 96%|█████████▋| 578/600 [01:41<00:03,  5.93it/s][A

 96%|█████████▋| 579/600 [01:41<00:03,  5.82it/s][A

 97%|█████████▋| 580/600 [01:41<00:03,  5.80it/s][A

 97%|█████████▋| 581/600 [01:41<00:03,  5.70it/s][A

 97%|█████████▋| 582/600 [01:42<00:02,  6.00it/s][A

 97%|█████████▋| 583/600 [01:42<00:02,  5.96it/s][A

 97%|█████████▋| 584/600 [01:42<00:02,  5.92it/s][A

 98%|█████████▊| 585/600 [01:42<00:02,  5.91it/s][A

 98%|█████████▊| 586/600 [01:42<00:02,  5.77it/s][A

 98%|█████████▊| 587/600 [01:43<00:02,  5.69it/s][A

 98%|█████████▊| 588/600 [01:43<00:02,  5.56it/s][A

 98%|█████████▊| 589/600 [01:43<00:02,  5.39it/s][A

 98%|█████████▊| 590/600 [01:43<00:01,  5.52it/s][A

 98%|█████████▊| 591/600 [01:43<00:01,  5.57it/s][A

 99%|█████████▊| 592/600 [01:43<00:01,  5.70it/s][A

 99%|█████████▉| 593/600 [01:44<00:01,  5.89it/s][A

 99%|█████████▉| 594/600 [01:44<00:01,  5.95it/s][A

 99%|█████████▉| 595/600 [01:44<00:00,  5.86it/s][A

 99%|█████████▉| 596/600 [01:44<00:00,  5.63it/s][A

100%|█████████▉| 597/600 [01:44<00:00,  5.90it/s][A

100%|█████████▉| 598/600 [01:44<00:00,  5.78it/s][A

100%|█████████▉| 599/600 [01:45<00:00,  5.87it/s][A

100%|██████████| 600/600 [01:45<00:00,  6.11it/s][A
                                                     


                                                 
[A
 68%|██████▊   | 3000/4384 [32:29<2:24:19,  6.26s/it]

100%|██████████| 600/600 [01:45<00:00,  6.11it/s][A

                                                 [A
 68%|██████▊   | 3001/4384 [32:36<14:40:16, 38.19s/it]
 68%|██████▊   | 3002/4384 [32:43<11:01:26, 28.72s/it]
 68%|██████▊   | 3003/4384 [32:49<8:26:51, 22.02s/it] 
 69%|██████▊   | 3004/4384 [32:56<6:39:13, 17.36s/it]
 69%|██████▊   | 3005/4384 [33:02<5:23:13, 14.06s/it]
 69%|██████▊   | 3006/4384 [33:08<4:27:38, 11.65s/it]
 69%|██████▊   | 3007/4384 [33:14<3:49:16,  9.99s/it]
 69%|██████▊   | 3008/4384 [33:21<3:22:43,  8.84s/it]
 69%|██████▊   | 3009/4384 [33:27<3:06:01,  8.12s/it]
 69%|██████▊   | 3010/4384 [33:33<2:53:27,  7.57s/it]
 69%|██████▊   | 3011/4384 [33:39<2:43:57,  7.17s/it]
 69%|██████▊   | 3012/4384 [33:46<2:36:28,  6.84s/it]
 69%|██████▊   | 3013/4384 [33:52<2:30:17,  6.58s/it]
 69%|██████▉   | 3014/4384 [33:59<2:33:29,  6.72s/it]
 69%|██████▉   | 3015/4384 [34:05<2:31:46,  6.65s/it]
 69%|██████▉   | 3016/4384 [34:11<2:27:25,  6.47s/it]
 69%|██████▉   | 3017/4384 [34:17<2:25:09,  6.37s/it]
 69%|██████▉   | 3018/4384 [34:23<2:23:08,  6.29s/it]
 69%|██████▉   | 3019/4384 [34:29<2:20:45,  6.19s/it]
 69%|██████▉   | 3020/4384 [34:36<2:22:16,  6.26s/it]
                                                     

 69%|██████▉   | 3020/4384 [34:36<2:22:16,  6.26s/it]
 69%|██████▉   | 3021/4384 [34:42<2:23:19,  6.31s/it]
 69%|██████▉   | 3022/4384 [34:48<2:21:51,  6.25s/it]
 69%|██████▉   | 3023/4384 [34:55<2:22:28,  6.28s/it]
 69%|██████▉   | 3024/4384 [35:01<2:25:14,  6.41s/it]
 69%|██████▉   | 3025/4384 [35:07<2:21:29,  6.25s/it]
 69%|██████▉   | 3026/4384 [35:13<2:19:25,  6.16s/it]
 69%|██████▉   | 3027/4384 [35:20<2:21:01,  6.24s/it]
 69%|██████▉   | 3028/4384 [35:26<2:19:33,  6.17s/it]
 69%|██████▉   | 3029/4384 [35:32<2:17:57,  6.11s/it]
 69%|██████▉   | 3030/4384 [35:38<2:17:07,  6.08s/it]
 69%|██████▉   | 3031/4384 [35:43<2:15:17,  6.00s/it]
 69%|██████▉   | 3032/4384 [35:50<2:19:04,  6.17s/it]
 69%|██████▉   | 3033/4384 [35:57<2:21:38,  6.29s/it]
 69%|██████▉   | 3034/4384 [36:03<2:22:33,  6.34s/it]
 69%|██████▉   | 3035/4384 [36:09<2:19:49,  6.22s/it]
 69%|██████▉   | 3036/4384 [36:15<2:16:27,  6.07s/it]
 69%|██████▉   | 3037/4384 [36:21<2:15:38,  6.04s/it]
 69%|██████▉   | 3038/4384 [36:27<2:17:59,  6.15s/it]
 69%|██████▉   | 3039/4384 [36:34<2:20:17,  6.26s/it]
 69%|██████▉   | 3040/4384 [36:39<2:17:52,  6.16s/it]
                                                     

 69%|██████▉   | 3040/4384 [36:39<2:17:52,  6.16s/it]
 69%|██████▉   | 3041/4384 [36:46<2:20:09,  6.26s/it]
 69%|██████▉   | 3042/4384 [36:53<2:22:06,  6.35s/it]
 69%|██████▉   | 3043/4384 [36:59<2:20:09,  6.27s/it]
 69%|██████▉   | 3044/4384 [37:05<2:21:50,  6.35s/it]
 69%|██████▉   | 3045/4384 [37:12<2:22:53,  6.40s/it]
 69%|██████▉   | 3046/4384 [37:18<2:21:20,  6.34s/it]
 70%|██████▉   | 3047/4384 [37:24<2:21:23,  6.34s/it]
 70%|██████▉   | 3048/4384 [37:30<2:19:22,  6.26s/it]
 70%|██████▉   | 3049/4384 [37:36<2:17:00,  6.16s/it]
 70%|██████▉   | 3050/4384 [37:42<2:17:13,  6.17s/it]
 70%|██████▉   | 3051/4384 [37:49<2:19:32,  6.28s/it]
 70%|██████▉   | 3052/4384 [37:55<2:19:33,  6.29s/it]
 70%|██████▉   | 3053/4384 [38:01<2:18:27,  6.24s/it]
 70%|██████▉   | 3054/4384 [38:08<2:18:15,  6.24s/it]
 70%|██████▉   | 3055/4384 [38:14<2:16:09,  6.15s/it]
 70%|██████▉   | 3056/4384 [38:20<2:17:28,  6.21s/it]
 70%|██████▉   | 3057/4384 [38:26<2:18:34,  6.27s/it]
 70%|██████▉   | 3058/4384 [38:32<2:17:02,  6.20s/it]
 70%|██████▉   | 3059/4384 [38:38<2:15:29,  6.14s/it]
 70%|██████▉   | 3060/4384 [38:45<2:16:09,  6.17s/it]
                                                     

 70%|██████▉   | 3060/4384 [38:45<2:16:09,  6.17s/it]
 70%|██████▉   | 3061/4384 [38:51<2:16:39,  6.20s/it]
 70%|██████▉   | 3062/4384 [38:57<2:18:55,  6.31s/it]
 70%|██████▉   | 3063/4384 [39:04<2:19:04,  6.32s/it]
 70%|██████▉   | 3064/4384 [39:10<2:18:55,  6.32s/it]
 70%|██████▉   | 3065/4384 [39:16<2:19:07,  6.33s/it]
 70%|██████▉   | 3066/4384 [39:22<2:17:19,  6.25s/it]
 70%|██████▉   | 3067/4384 [39:29<2:16:11,  6.20s/it]
 70%|██████▉   | 3068/4384 [39:35<2:18:47,  6.33s/it]
 70%|███████   | 3069/4384 [39:42<2:20:18,  6.40s/it]
 70%|███████   | 3070/4384 [39:48<2:18:36,  6.33s/it]
 70%|███████   | 3071/4384 [39:54<2:18:23,  6.32s/it]
 70%|███████   | 3072/4384 [40:01<2:18:22,  6.33s/it]
 70%|███████   | 3073/4384 [40:07<2:17:42,  6.30s/it]
 70%|███████   | 3074/4384 [40:13<2:19:13,  6.38s/it]
 70%|███████   | 3075/4384 [40:20<2:19:38,  6.40s/it]
 70%|███████   | 3076/4384 [40:26<2:15:36,  6.22s/it]
 70%|███████   | 3077/4384 [40:32<2:14:44,  6.19s/it]
 70%|███████   | 3078/4384 [40:38<2:15:59,  6.25s/it]
 70%|███████   | 3079/4384 [40:44<2:15:27,  6.23s/it]
 70%|███████   | 3080/4384 [40:51<2:16:00,  6.26s/it]
                                                     

 70%|███████   | 3080/4384 [40:51<2:16:00,  6.26s/it]
 70%|███████   | 3081/4384 [40:57<2:16:24,  6.28s/it]
 70%|███████   | 3082/4384 [41:03<2:14:39,  6.21s/it]
 70%|███████   | 3083/4384 [41:09<2:14:16,  6.19s/it]
 70%|███████   | 3084/4384 [41:15<2:13:09,  6.15s/it]
 70%|███████   | 3085/4384 [41:21<2:12:34,  6.12s/it]
 70%|███████   | 3086/4384 [41:28<2:14:25,  6.21s/it]
 70%|███████   | 3087/4384 [41:34<2:14:48,  6.24s/it]
 70%|███████   | 3088/4384 [41:40<2:15:25,  6.27s/it]
 70%|███████   | 3089/4384 [41:46<2:14:01,  6.21s/it]
 70%|███████   | 3090/4384 [41:52<2:13:00,  6.17s/it]
 71%|███████   | 3091/4384 [41:59<2:12:28,  6.15s/it]
 71%|███████   | 3092/4384 [42:05<2:15:09,  6.28s/it]
 71%|███████   | 3093/4384 [42:11<2:15:21,  6.29s/it]
 71%|███████   | 3094/4384 [42:18<2:14:02,  6.23s/it]
 71%|███████   | 3095/4384 [42:24<2:13:42,  6.22s/it]
 71%|███████   | 3096/4384 [42:30<2:13:44,  6.23s/it]
 71%|███████   | 3097/4384 [42:36<2:12:51,  6.19s/it]
 71%|███████   | 3098/4384 [42:43<2:14:47,  6.29s/it]
 71%|███████   | 3099/4384 [42:49<2:13:44,  6.24s/it]
 71%|███████   | 3100/4384 [42:55<2:14:15,  6.27s/it]
                                                     

 71%|███████   | 3100/4384 [42:55<2:14:15,  6.27s/it]
 71%|███████   | 3101/4384 [43:01<2:13:10,  6.23s/it]
 71%|███████   | 3102/4384 [43:07<2:13:19,  6.24s/it]
 71%|███████   | 3103/4384 [43:13<2:11:05,  6.14s/it]
 71%|███████   | 3104/4384 [43:20<2:11:17,  6.15s/it]
 71%|███████   | 3105/4384 [43:27<2:16:13,  6.39s/it]
 71%|███████   | 3106/4384 [43:33<2:15:32,  6.36s/it]
 71%|███████   | 3107/4384 [43:39<2:13:32,  6.27s/it]
 71%|███████   | 3108/4384 [43:45<2:11:47,  6.20s/it]
 71%|███████   | 3109/4384 [43:51<2:11:52,  6.21s/it]
 71%|███████   | 3110/4384 [43:58<2:13:58,  6.31s/it]
 71%|███████   | 3111/4384 [44:04<2:12:52,  6.26s/it]
 71%|███████   | 3112/4384 [44:10<2:11:51,  6.22s/it]
 71%|███████   | 3113/4384 [44:16<2:10:30,  6.16s/it]
 71%|███████   | 3114/4384 [44:23<2:12:39,  6.27s/it]
 71%|███████   | 3115/4384 [44:29<2:14:20,  6.35s/it]
 71%|███████   | 3116/4384 [44:35<2:14:34,  6.37s/it]
 71%|███████   | 3117/4384 [44:41<2:12:10,  6.26s/it]
 71%|███████   | 3118/4384 [44:48<2:11:00,  6.21s/it]
 71%|███████   | 3119/4384 [44:54<2:13:13,  6.32s/it]
 71%|███████   | 3120/4384 [45:00<2:11:54,  6.26s/it]
                                                     

 71%|███████   | 3120/4384 [45:00<2:11:54,  6.26s/it]
 71%|███████   | 3121/4384 [45:06<2:10:31,  6.20s/it]
 71%|███████   | 3122/4384 [45:13<2:14:24,  6.39s/it]
 71%|███████   | 3123/4384 [45:20<2:15:26,  6.44s/it]
 71%|███████▏  | 3124/4384 [45:26<2:14:45,  6.42s/it]
 71%|███████▏  | 3125/4384 [45:33<2:15:13,  6.44s/it]
 71%|███████▏  | 3126/4384 [45:39<2:12:11,  6.30s/it]
 71%|███████▏  | 3127/4384 [45:44<2:09:15,  6.17s/it]
 71%|███████▏  | 3128/4384 [45:51<2:10:18,  6.22s/it]
 71%|███████▏  | 3129/4384 [45:57<2:12:56,  6.36s/it]
 71%|███████▏  | 3130/4384 [46:04<2:11:24,  6.29s/it]
 71%|███████▏  | 3131/4384 [46:10<2:10:20,  6.24s/it]
 71%|███████▏  | 3132/4384 [46:16<2:10:27,  6.25s/it]
 71%|███████▏  | 3133/4384 [46:22<2:10:12,  6.24s/it]
 71%|███████▏  | 3134/4384 [46:29<2:10:55,  6.28s/it]
 72%|███████▏  | 3135/4384 [46:35<2:10:35,  6.27s/it]
 72%|███████▏  | 3136/4384 [46:41<2:10:24,  6.27s/it]
 72%|███████▏  | 3137/4384 [46:47<2:10:24,  6.27s/it]
 72%|███████▏  | 3138/4384 [46:54<2:09:36,  6.24s/it]
 72%|███████▏  | 3139/4384 [47:00<2:10:28,  6.29s/it]
 72%|███████▏  | 3140/4384 [47:06<2:10:27,  6.29s/it]
                                                     

 72%|███████▏  | 3140/4384 [47:06<2:10:27,  6.29s/it]
 72%|███████▏  | 3141/4384 [47:13<2:10:28,  6.30s/it]
 72%|███████▏  | 3142/4384 [47:19<2:11:35,  6.36s/it]
 72%|███████▏  | 3143/4384 [47:25<2:11:51,  6.37s/it]
 72%|███████▏  | 3144/4384 [47:32<2:10:14,  6.30s/it]
 72%|███████▏  | 3145/4384 [47:38<2:09:46,  6.28s/it]
 72%|███████▏  | 3146/4384 [47:45<2:12:15,  6.41s/it]
 72%|███████▏  | 3147/4384 [47:51<2:11:03,  6.36s/it]
 72%|███████▏  | 3148/4384 [47:57<2:08:34,  6.24s/it]
 72%|███████▏  | 3149/4384 [48:03<2:09:32,  6.29s/it]
 72%|███████▏  | 3150/4384 [48:09<2:08:40,  6.26s/it]
 72%|███████▏  | 3151/4384 [48:15<2:07:48,  6.22s/it]
 72%|███████▏  | 3152/4384 [48:22<2:06:43,  6.17s/it]
 72%|███████▏  | 3153/4384 [48:28<2:06:21,  6.16s/it]
 72%|███████▏  | 3154/4384 [48:34<2:09:06,  6.30s/it]
 72%|███████▏  | 3155/4384 [48:41<2:10:35,  6.38s/it]
 72%|███████▏  | 3156/4384 [48:47<2:08:34,  6.28s/it]
 72%|███████▏  | 3157/4384 [48:53<2:07:58,  6.26s/it]
 72%|███████▏  | 3158/4384 [49:00<2:09:08,  6.32s/it]
 72%|███████▏  | 3159/4384 [49:06<2:08:14,  6.28s/it]
 72%|███████▏  | 3160/4384 [49:12<2:08:11,  6.28s/it]
                                                     

 72%|███████▏  | 3160/4384 [49:12<2:08:11,  6.28s/it]
 72%|███████▏  | 3161/4384 [49:18<2:07:31,  6.26s/it]
 72%|███████▏  | 3162/4384 [49:24<2:06:18,  6.20s/it]
 72%|███████▏  | 3163/4384 [49:31<2:08:13,  6.30s/it]
 72%|███████▏  | 3164/4384 [49:37<2:08:57,  6.34s/it]
 72%|███████▏  | 3165/4384 [49:43<2:07:01,  6.25s/it]
 72%|███████▏  | 3166/4384 [49:50<2:07:31,  6.28s/it]
 72%|███████▏  | 3167/4384 [49:56<2:06:48,  6.25s/it]
 72%|███████▏  | 3168/4384 [50:02<2:06:28,  6.24s/it]
 72%|███████▏  | 3169/4384 [50:09<2:08:09,  6.33s/it]
 72%|███████▏  | 3170/4384 [50:15<2:10:12,  6.44s/it]
 72%|███████▏  | 3171/4384 [50:21<2:07:58,  6.33s/it]
 72%|███████▏  | 3172/4384 [50:27<2:06:09,  6.25s/it]
 72%|███████▏  | 3173/4384 [50:34<2:09:03,  6.39s/it]
 72%|███████▏  | 3174/4384 [50:40<2:08:28,  6.37s/it]
 72%|███████▏  | 3175/4384 [50:47<2:08:57,  6.40s/it]
 72%|███████▏  | 3176/4384 [50:54<2:11:43,  6.54s/it]
 72%|███████▏  | 3177/4384 [51:00<2:12:23,  6.58s/it]
 72%|███████▏  | 3178/4384 [51:07<2:10:18,  6.48s/it]
 73%|███████▎  | 3179/4384 [51:13<2:06:45,  6.31s/it]
 73%|███████▎  | 3180/4384 [51:19<2:05:55,  6.28s/it]
                                                     

 73%|███████▎  | 3180/4384 [51:19<2:05:55,  6.28s/it]
 73%|███████▎  | 3181/4384 [51:25<2:05:44,  6.27s/it]
 73%|███████▎  | 3182/4384 [51:32<2:07:10,  6.35s/it]
 73%|███████▎  | 3183/4384 [51:38<2:07:10,  6.35s/it]
 73%|███████▎  | 3184/4384 [51:44<2:06:34,  6.33s/it]
 73%|███████▎  | 3185/4384 [51:50<2:04:56,  6.25s/it]
 73%|███████▎  | 3186/4384 [51:57<2:04:35,  6.24s/it]
 73%|███████▎  | 3187/4384 [52:03<2:06:48,  6.36s/it]
 73%|███████▎  | 3188/4384 [52:09<2:06:22,  6.34s/it]
 73%|███████▎  | 3189/4384 [52:16<2:04:31,  6.25s/it]
 73%|███████▎  | 3190/4384 [52:22<2:05:19,  6.30s/it]
 73%|███████▎  | 3191/4384 [52:28<2:02:46,  6.18s/it]
 73%|███████▎  | 3192/4384 [52:34<2:01:49,  6.13s/it]
 73%|███████▎  | 3193/4384 [52:40<2:04:34,  6.28s/it]
 73%|███████▎  | 3194/4384 [52:47<2:06:05,  6.36s/it]
 73%|███████▎  | 3195/4384 [52:53<2:04:40,  6.29s/it]
 73%|███████▎  | 3196/4384 [52:59<2:03:00,  6.21s/it]
 73%|███████▎  | 3197/4384 [53:06<2:04:29,  6.29s/it]
 73%|███████▎  | 3198/4384 [53:12<2:02:38,  6.20s/it]
 73%|███████▎  | 3199/4384 [53:18<2:04:01,  6.28s/it]
 73%|███████▎  | 3200/4384 [53:25<2:05:00,  6.33s/it]
                                                     

 73%|███████▎  | 3200/4384 [53:25<2:05:00,  6.33s/it]
 73%|███████▎  | 3201/4384 [53:31<2:05:36,  6.37s/it]
 73%|███████▎  | 3202/4384 [53:37<2:03:34,  6.27s/it]
 73%|███████▎  | 3203/4384 [53:43<2:02:03,  6.20s/it]
 73%|███████▎  | 3204/4384 [53:50<2:03:14,  6.27s/it]
 73%|███████▎  | 3205/4384 [53:56<2:03:37,  6.29s/it]
 73%|███████▎  | 3206/4384 [54:02<2:04:05,  6.32s/it]
 73%|███████▎  | 3207/4384 [54:09<2:03:44,  6.31s/it]
 73%|███████▎  | 3208/4384 [54:15<2:02:31,  6.25s/it]
 73%|███████▎  | 3209/4384 [54:21<2:01:43,  6.22s/it]
 73%|███████▎  | 3210/4384 [54:27<2:01:09,  6.19s/it]
 73%|███████▎  | 3211/4384 [54:33<2:02:09,  6.25s/it]
 73%|███████▎  | 3212/4384 [54:40<2:02:13,  6.26s/it]
 73%|███████▎  | 3213/4384 [54:46<2:01:55,  6.25s/it]
 73%|███████▎  | 3214/4384 [54:52<2:02:20,  6.27s/it]
 73%|███████▎  | 3215/4384 [54:59<2:03:03,  6.32s/it]
 73%|███████▎  | 3216/4384 [55:05<2:01:39,  6.25s/it]
 73%|███████▎  | 3217/4384 [55:11<2:04:14,  6.39s/it]
 73%|███████▎  | 3218/4384 [55:18<2:02:46,  6.32s/it]
 73%|███████▎  | 3219/4384 [55:24<2:03:08,  6.34s/it]
 73%|███████▎  | 3220/4384 [55:30<2:04:06,  6.40s/it]
                                                     

 73%|███████▎  | 3220/4384 [55:30<2:04:06,  6.40s/it]
 73%|███████▎  | 3221/4384 [55:37<2:04:28,  6.42s/it]
 73%|███████▎  | 3222/4384 [55:43<2:03:56,  6.40s/it]
 74%|███████▎  | 3223/4384 [55:50<2:04:22,  6.43s/it]
 74%|███████▎  | 3224/4384 [55:57<2:06:05,  6.52s/it]
 74%|███████▎  | 3225/4384 [56:03<2:04:39,  6.45s/it]
 74%|███████▎  | 3226/4384 [56:09<2:03:21,  6.39s/it]
 74%|███████▎  | 3227/4384 [56:15<2:00:42,  6.26s/it]
 74%|███████▎  | 3228/4384 [56:21<1:59:26,  6.20s/it]
 74%|███████▎  | 3229/4384 [56:28<2:01:08,  6.29s/it]
 74%|███████▎  | 3230/4384 [56:34<1:59:27,  6.21s/it]
 74%|███████▎  | 3231/4384 [56:40<2:00:44,  6.28s/it]
 74%|███████▎  | 3232/4384 [56:46<1:59:18,  6.21s/it]
 74%|███████▎  | 3233/4384 [56:52<1:58:35,  6.18s/it]
 74%|███████▍  | 3234/4384 [56:58<1:58:50,  6.20s/it]
 74%|███████▍  | 3235/4384 [57:05<2:02:02,  6.37s/it]
 74%|███████▍  | 3236/4384 [57:11<2:01:19,  6.34s/it]
 74%|███████▍  | 3237/4384 [57:18<1:59:58,  6.28s/it]
 74%|███████▍  | 3238/4384 [57:24<2:00:36,  6.31s/it]
 74%|███████▍  | 3239/4384 [57:30<1:57:50,  6.18s/it]
 74%|███████▍  | 3240/4384 [57:36<1:57:06,  6.14s/it]
                                                     

 74%|███████▍  | 3240/4384 [57:36<1:57:06,  6.14s/it]
 74%|███████▍  | 3241/4384 [57:43<2:01:39,  6.39s/it]
 74%|███████▍  | 3242/4384 [57:49<2:01:10,  6.37s/it]
 74%|███████▍  | 3243/4384 [57:55<1:58:58,  6.26s/it]
 74%|███████▍  | 3244/4384 [58:02<1:59:20,  6.28s/it]
 74%|███████▍  | 3245/4384 [58:08<1:59:21,  6.29s/it]
 74%|███████▍  | 3246/4384 [58:14<1:57:43,  6.21s/it]
 74%|███████▍  | 3247/4384 [58:20<1:58:34,  6.26s/it]
 74%|███████▍  | 3248/4384 [58:26<1:57:56,  6.23s/it]
 74%|███████▍  | 3249/4384 [58:33<1:58:48,  6.28s/it]
 74%|███████▍  | 3250/4384 [58:39<1:59:01,  6.30s/it]
 74%|███████▍  | 3251/4384 [58:45<1:57:59,  6.25s/it]
 74%|███████▍  | 3252/4384 [58:51<1:55:20,  6.11s/it]
 74%|███████▍  | 3253/4384 [58:57<1:56:38,  6.19s/it]
 74%|███████▍  | 3254/4384 [59:04<1:56:03,  6.16s/it]
 74%|███████▍  | 3255/4384 [59:10<1:58:11,  6.28s/it]
 74%|███████▍  | 3256/4384 [59:16<1:57:19,  6.24s/it]
 74%|███████▍  | 3257/4384 [59:22<1:55:17,  6.14s/it]
 74%|███████▍  | 3258/4384 [59:28<1:55:41,  6.16s/it]
 74%|███████▍  | 3259/4384 [59:35<1:58:22,  6.31s/it]
 74%|███████▍  | 3260/4384 [59:42<1:59:06,  6.36s/it]
                                                     

 74%|███████▍  | 3260/4384 [59:42<1:59:06,  6.36s/it]
 74%|███████▍  | 3261/4384 [59:48<1:57:35,  6.28s/it]
 74%|███████▍  | 3262/4384 [59:54<1:59:43,  6.40s/it]
 74%|███████▍  | 3263/4384 [1:00:01<1:59:00,  6.37s/it]
 74%|███████▍  | 3264/4384 [1:00:07<1:56:53,  6.26s/it]
 74%|███████▍  | 3265/4384 [1:00:13<1:55:55,  6.22s/it]
 74%|███████▍  | 3266/4384 [1:00:19<1:55:07,  6.18s/it]
 75%|███████▍  | 3267/4384 [1:00:25<1:54:02,  6.13s/it]
 75%|███████▍  | 3268/4384 [1:00:31<1:53:28,  6.10s/it]
 75%|███████▍  | 3269/4384 [1:00:37<1:55:03,  6.19s/it]
 75%|███████▍  | 3270/4384 [1:00:43<1:53:35,  6.12s/it]
 75%|███████▍  | 3271/4384 [1:00:50<1:55:43,  6.24s/it]
 75%|███████▍  | 3272/4384 [1:00:56<1:57:17,  6.33s/it]
 75%|███████▍  | 3273/4384 [1:01:02<1:55:53,  6.26s/it]
 75%|███████▍  | 3274/4384 [1:01:09<1:55:14,  6.23s/it]
 75%|███████▍  | 3275/4384 [1:01:14<1:53:11,  6.12s/it]
 75%|███████▍  | 3276/4384 [1:01:20<1:52:43,  6.10s/it]
 75%|███████▍  | 3277/4384 [1:01:27<1:54:41,  6.22s/it]
 75%|███████▍  | 3278/4384 [1:01:33<1:55:05,  6.24s/it]
 75%|███████▍  | 3279/4384 [1:01:39<1:54:54,  6.24s/it]
 75%|███████▍  | 3280/4384 [1:01:45<1:53:25,  6.16s/it]
                                                       

 75%|███████▍  | 3280/4384 [1:01:45<1:53:25,  6.16s/it]
 75%|███████▍  | 3281/4384 [1:01:52<1:53:13,  6.16s/it]
 75%|███████▍  | 3282/4384 [1:01:58<1:53:31,  6.18s/it]
 75%|███████▍  | 3283/4384 [1:02:04<1:54:17,  6.23s/it]
 75%|███████▍  | 3284/4384 [1:02:10<1:52:38,  6.14s/it]
 75%|███████▍  | 3285/4384 [1:02:16<1:51:51,  6.11s/it]
 75%|███████▍  | 3286/4384 [1:02:23<1:54:34,  6.26s/it]
 75%|███████▍  | 3287/4384 [1:02:29<1:54:15,  6.25s/it]
 75%|███████▌  | 3288/4384 [1:02:35<1:51:50,  6.12s/it]
 75%|███████▌  | 3289/4384 [1:02:41<1:54:37,  6.28s/it]
 75%|███████▌  | 3290/4384 [1:02:48<1:53:31,  6.23s/it]
 75%|███████▌  | 3291/4384 [1:02:54<1:52:53,  6.20s/it]
 75%|███████▌  | 3292/4384 [1:03:00<1:52:50,  6.20s/it]
 75%|███████▌  | 3293/4384 [1:03:06<1:51:38,  6.14s/it]
 75%|███████▌  | 3294/4384 [1:03:12<1:51:29,  6.14s/it]
 75%|███████▌  | 3295/4384 [1:03:19<1:54:25,  6.30s/it]
 75%|███████▌  | 3296/4384 [1:03:25<1:56:43,  6.44s/it]
 75%|███████▌  | 3297/4384 [1:03:32<1:54:35,  6.32s/it]
 75%|███████▌  | 3298/4384 [1:03:38<1:53:24,  6.27s/it]
 75%|███████▌  | 3299/4384 [1:03:44<1:53:24,  6.27s/it]
 75%|███████▌  | 3300/4384 [1:03:50<1:52:46,  6.24s/it]
                                                       

 75%|███████▌  | 3300/4384 [1:03:50<1:52:46,  6.24s/it]
{'eval_loss': '1.948', 'eval_runtime': '105.5', 'eval_samples_per_second': '11.38', 'eval_steps_per_second': '5.689', 'eval_entropy': '1.768', 'eval_num_tokens': '3.063e+06', 'eval_mean_token_accuracy': '0.5971', 'epoch': '1.369'}
{'loss': '1.627', 'grad_norm': '1.598', 'learning_rate': '2.334e-05', 'entropy': '1.738', 'num_tokens': '3.267e+06', 'mean_token_accuracy': '0.6365', 'epoch': '1.378'}
{'loss': '1.563', 'grad_norm': '1.885', 'learning_rate': '2.272e-05', 'entropy': '1.662', 'num_tokens': '3.472e+06', 'mean_token_accuracy': '0.6471', 'epoch': '1.387'}
{'loss': '1.571', 'grad_norm': '1.582', 'learning_rate': '2.211e-05', 'entropy': '1.678', 'num_tokens': '3.676e+06', 'mean_token_accuracy': '0.645', 'epoch': '1.396'}
{'loss': '1.672', 'grad_norm': '1.57', 'learning_rate': '2.15e-05', 'entropy': '1.773', 'num_tokens': '3.881e+06', 'mean_token_accuracy': '0.625', 'epoch': '1.405'}
{'loss': '1.568', 'grad_norm': '1.524', 'learning_rate': '2.089e-05', 'entropy': '1.676', 'num_tokens': '4.088e+06', 'mean_token_accuracy': '0.6458', 'epoch': '1.414'}
{'loss': '1.611', 'grad_norm': '1.511', 'learning_rate': '2.029e-05', 'entropy': '1.713', 'num_tokens': '4.288e+06', 'mean_token_accuracy': '0.6392', 'epoch': '1.423'}
{'loss': '1.579', 'grad_norm': '1.608', 'learning_rate': '1.97e-05', 'entropy': '1.682', 'num_tokens': '4.491e+06', 'mean_token_accuracy': '0.6435', 'epoch': '1.433'}
{'loss': '1.621', 'grad_norm': '1.39', 'learning_rate': '1.912e-05', 'entropy': '1.738', 'num_tokens': '4.696e+06', 'mean_token_accuracy': '0.6378', 'epoch': '1.442'}
{'loss': '1.608', 'grad_norm': '1.635', 'learning_rate': '1.854e-05', 'entropy': '1.706', 'num_tokens': '4.9e+06', 'mean_token_accuracy': '0.6387', 'epoch': '1.451'}
{'loss': '1.595', 'grad_norm': '1.745', 'learning_rate': '1.797e-05', 'entropy': '1.709', 'num_tokens': '5.105e+06', 'mean_token_accuracy': '0.6417', 'epoch': '1.46'}
{'loss': '1.586', 'grad_norm': '1.599', 'learning_rate': '1.741e-05', 'entropy': '1.688', 'num_tokens': '5.307e+06', 'mean_token_accuracy': '0.644', 'epoch': '1.469'}
{'loss': '1.594', 'grad_norm': '1.463', 'learning_rate': '1.685e-05', 'entropy': '1.709', 'num_tokens': '5.508e+06', 'mean_token_accuracy': '0.6435', 'epoch': '1.478'}

{'loss': '1.589', 'grad_norm': '1.433', 'learning_rate': '1.63e-05', 'entropy': '1.685', 'num_tokens': '5.711e+06', 'mean_token_accuracy': '0.6441', 'epoch': '1.487'}
{'loss': '1.592', 'grad_norm': '1.586', 'learning_rate': '1.576e-05', 'entropy': '1.699', 'num_tokens': '5.917e+06', 'mean_token_accuracy': '0.6406', 'epoch': '1.496'}
{'loss': '1.654', 'grad_norm': '1.513', 'learning_rate': '1.522e-05', 'entropy': '1.771', 'num_tokens': '6.121e+06', 'mean_token_accuracy': '0.6324', 'epoch': '1.506'}
  0%|          | 0/600 [00:00<?, ?it/s][A

  0%|          | 2/600 [00:00<00:48, 12.29it/s][A

  1%|          | 4/600 [00:00<01:15,  7.93it/s][A

  1%|          | 5/600 [00:00<01:25,  6.96it/s][A

  1%|          | 6/600 [00:00<01:28,  6.68it/s][A

  1%|          | 7/600 [00:01<01:35,  6.18it/s][A

  1%|▏         | 8/600 [00:01<01:37,  6.08it/s][A

  2%|▏         | 9/600 [00:01<01:38,  6.03it/s][A

  2%|▏         | 10/600 [00:01<01:35,  6.17it/s][A

  2%|▏         | 11/600 [00:01<01:33,  6.27it/s][A

  2%|▏         | 12/600 [00:01<01:35,  6.15it/s][A

  2%|▏         | 13/600 [00:01<01:34,  6.24it/s][A

  2%|▏         | 14/600 [00:02<01:32,  6.32it/s][A

  2%|▎         | 15/600 [00:02<01:35,  6.10it/s][A

  3%|▎         | 16/600 [00:02<01:40,  5.81it/s][A

  3%|▎         | 17/600 [00:02<01:44,  5.56it/s][A

  3%|▎         | 18/600 [00:02<01:44,  5.54it/s][A

  3%|▎         | 19/600 [00:03<01:44,  5.54it/s][A

  3%|▎         | 20/600 [00:03<01:41,  5.72it/s][A

  4%|▎         | 21/600 [00:03<01:40,  5.78it/s][A

  4%|▎         | 22/600 [00:03<01:42,  5.64it/s][A

  4%|▍         | 23/600 [00:03<01:44,  5.53it/s][A

  4%|▍         | 24/600 [00:03<01:44,  5.52it/s][A

  4%|▍         | 25/600 [00:04<01:42,  5.62it/s][A

  4%|▍         | 26/600 [00:04<01:38,  5.80it/s][A

  4%|▍         | 27/600 [00:04<01:35,  5.97it/s][A

  5%|▍         | 28/600 [00:04<01:37,  5.87it/s][A

  5%|▍         | 29/600 [00:04<01:37,  5.87it/s][A

  5%|▌         | 30/600 [00:04<01:32,  6.14it/s][A

  5%|▌         | 31/600 [00:05<01:35,  5.93it/s][A

  5%|▌         | 32/600 [00:05<01:36,  5.90it/s][A

  6%|▌         | 33/600 [00:05<01:36,  5.90it/s][A

  6%|▌         | 34/600 [00:05<01:36,  5.88it/s][A

  6%|▌         | 35/600 [00:05<01:36,  5.87it/s][A

  6%|▌         | 36/600 [00:05<01:32,  6.09it/s][A

  6%|▌         | 37/600 [00:06<01:32,  6.10it/s][A

  6%|▋         | 38/600 [00:06<01:32,  6.11it/s][A

  6%|▋         | 39/600 [00:06<01:34,  5.96it/s][A

  7%|▋         | 40/600 [00:06<01:41,  5.54it/s][A

  7%|▋         | 41/600 [00:06<01:43,  5.43it/s][A

  7%|▋         | 42/600 [00:07<01:46,  5.25it/s][A

  7%|▋         | 43/600 [00:07<01:49,  5.08it/s][A

  7%|▋         | 44/600 [00:07<01:44,  5.32it/s][A

  8%|▊         | 45/600 [00:07<01:42,  5.41it/s][A

  8%|▊         | 46/600 [00:07<01:42,  5.43it/s][A

  8%|▊         | 47/600 [00:07<01:43,  5.36it/s][A

  8%|▊         | 48/600 [00:08<01:44,  5.31it/s][A

  8%|▊         | 49/600 [00:08<01:45,  5.20it/s][A

  8%|▊         | 50/600 [00:08<01:45,  5.23it/s][A

  8%|▊         | 51/600 [00:08<01:41,  5.38it/s][A

  9%|▊         | 52/600 [00:08<01:43,  5.31it/s][A

  9%|▉         | 53/600 [00:09<01:47,  5.09it/s][A

  9%|▉         | 54/600 [00:09<01:41,  5.39it/s][A

  9%|▉         | 55/600 [00:09<01:41,  5.39it/s][A

  9%|▉         | 56/600 [00:09<01:37,  5.60it/s][A

 10%|▉         | 57/600 [00:09<01:40,  5.41it/s][A

 10%|▉         | 58/600 [00:10<01:38,  5.50it/s][A

 10%|▉         | 59/600 [00:10<01:35,  5.65it/s][A

 10%|█         | 60/600 [00:10<01:38,  5.50it/s][A

 10%|█         | 61/600 [00:10<01:35,  5.64it/s][A

 10%|█         | 62/600 [00:10<01:39,  5.41it/s][A

 10%|█         | 63/600 [00:10<01:44,  5.13it/s][A

 11%|█         | 64/600 [00:11<01:46,  5.02it/s][A

 11%|█         | 65/600 [00:11<01:43,  5.19it/s][A

 11%|█         | 66/600 [00:11<01:42,  5.21it/s][A

 11%|█         | 67/600 [00:11<01:39,  5.38it/s][A

 11%|█▏        | 68/600 [00:11<01:40,  5.31it/s][A

 12%|█▏        | 69/600 [00:12<01:37,  5.46it/s][A

 12%|█▏        | 70/600 [00:12<01:38,  5.38it/s][A

 12%|█▏        | 71/600 [00:12<01:40,  5.28it/s][A

 12%|█▏        | 72/600 [00:12<01:36,  5.45it/s][A

 12%|█▏        | 73/600 [00:12<01:31,  5.77it/s][A

 12%|█▏        | 74/600 [00:12<01:32,  5.69it/s][A

 12%|█▎        | 75/600 [00:13<01:27,  5.98it/s][A

 13%|█▎        | 76/600 [00:13<01:29,  5.87it/s][A

 13%|█▎        | 77/600 [00:13<01:28,  5.90it/s][A

 13%|█▎        | 78/600 [00:13<01:27,  5.96it/s][A

 13%|█▎        | 79/600 [00:13<01:25,  6.08it/s][A

 13%|█▎        | 80/600 [00:13<01:25,  6.10it/s][A

 14%|█▎        | 81/600 [00:14<01:27,  5.92it/s][A

 14%|█▎        | 82/600 [00:14<01:27,  5.93it/s][A

 14%|█▍        | 83/600 [00:14<01:27,  5.89it/s][A

 14%|█▍        | 84/600 [00:14<01:28,  5.83it/s][A

 14%|█▍        | 85/600 [00:14<01:26,  5.98it/s][A

 14%|█▍        | 86/600 [00:15<01:29,  5.76it/s][A

 14%|█▍        | 87/600 [00:15<01:28,  5.78it/s][A

 15%|█▍        | 88/600 [00:15<01:31,  5.60it/s][A

 15%|█▍        | 89/600 [00:15<01:27,  5.85it/s][A

 15%|█▌        | 90/600 [00:15<01:30,  5.65it/s][A

 15%|█▌        | 91/600 [00:15<01:30,  5.61it/s][A

 15%|█▌        | 92/600 [00:16<01:31,  5.53it/s][A

 16%|█▌        | 93/600 [00:16<01:32,  5.50it/s][A

 16%|█▌        | 94/600 [00:16<01:28,  5.74it/s][A

 16%|█▌        | 95/600 [00:16<01:26,  5.85it/s][A

 16%|█▌        | 96/600 [00:16<01:23,  6.00it/s][A

 16%|█▌        | 97/600 [00:16<01:24,  5.93it/s][A

 16%|█▋        | 98/600 [00:17<01:23,  6.01it/s][A

 16%|█▋        | 99/600 [00:17<01:24,  5.94it/s][A

 17%|█▋        | 100/600 [00:17<01:25,  5.85it/s][A

 17%|█▋        | 101/600 [00:17<01:26,  5.78it/s][A

 17%|█▋        | 102/600 [00:17<01:24,  5.87it/s][A

 17%|█▋        | 103/600 [00:17<01:25,  5.81it/s][A

 17%|█▋        | 104/600 [00:18<01:23,  5.94it/s][A

 18%|█▊        | 105/600 [00:18<01:24,  5.87it/s][A

 18%|█▊        | 106/600 [00:18<01:28,  5.61it/s][A

 18%|█▊        | 107/600 [00:18<01:27,  5.63it/s][A

 18%|█▊        | 108/600 [00:18<01:23,  5.89it/s][A

 18%|█▊        | 109/600 [00:18<01:23,  5.89it/s][A

 18%|█▊        | 110/600 [00:19<01:22,  5.97it/s][A

 18%|█▊        | 111/600 [00:19<01:23,  5.85it/s][A

 19%|█▊        | 112/600 [00:19<01:21,  5.96it/s][A

 19%|█▉        | 113/600 [00:19<01:20,  6.07it/s][A

 19%|█▉        | 114/600 [00:19<01:21,  5.98it/s][A

 19%|█▉        | 115/600 [00:19<01:21,  5.97it/s][A

 19%|█▉        | 116/600 [00:20<01:20,  5.98it/s][A

 20%|█▉        | 117/600 [00:20<01:21,  5.93it/s][A

 20%|█▉        | 118/600 [00:20<01:19,  6.03it/s][A

 20%|█▉        | 119/600 [00:20<01:23,  5.73it/s][A

 20%|██        | 120/600 [00:20<01:28,  5.44it/s][A

 20%|██        | 121/600 [00:21<01:28,  5.39it/s][A

 20%|██        | 122/600 [00:21<01:28,  5.42it/s][A

 20%|██        | 123/600 [00:21<01:23,  5.69it/s][A

 21%|██        | 124/600 [00:21<01:25,  5.60it/s][A

 21%|██        | 125/600 [00:21<01:22,  5.78it/s][A

 21%|██        | 126/600 [00:21<01:25,  5.57it/s][A

 21%|██        | 127/600 [00:22<01:23,  5.67it/s][A

 21%|██▏       | 128/600 [00:22<01:20,  5.83it/s][A

 22%|██▏       | 129/600 [00:22<01:25,  5.51it/s][A

 22%|██▏       | 130/600 [00:22<01:20,  5.82it/s][A

 22%|██▏       | 131/600 [00:22<01:16,  6.10it/s][A

 22%|██▏       | 132/600 [00:22<01:17,  6.08it/s][A

 22%|██▏       | 133/600 [00:23<01:18,  5.93it/s][A

 22%|██▏       | 134/600 [00:23<01:19,  5.85it/s][A

 22%|██▎       | 135/600 [00:23<01:16,  6.10it/s][A

 23%|██▎       | 136/600 [00:23<01:17,  5.96it/s][A

 23%|██▎       | 137/600 [00:23<01:20,  5.77it/s][A

 23%|██▎       | 138/600 [00:23<01:20,  5.74it/s][A

 23%|██▎       | 139/600 [00:24<01:18,  5.84it/s][A

 23%|██▎       | 140/600 [00:24<01:15,  6.09it/s][A

 24%|██▎       | 141/600 [00:24<01:15,  6.08it/s][A

 24%|██▎       | 142/600 [00:24<01:17,  5.90it/s][A

 24%|██▍       | 143/600 [00:24<01:16,  6.01it/s][A

 24%|██▍       | 144/600 [00:24<01:19,  5.73it/s][A

 24%|██▍       | 145/600 [00:25<01:18,  5.79it/s][A

 24%|██▍       | 146/600 [00:25<01:17,  5.88it/s][A

 24%|██▍       | 147/600 [00:25<01:20,  5.65it/s][A

 25%|██▍       | 148/600 [00:25<01:19,  5.71it/s][A

 25%|██▍       | 149/600 [00:25<01:16,  5.93it/s][A

 25%|██▌       | 150/600 [00:26<01:15,  5.94it/s][A

 25%|██▌       | 151/600 [00:26<01:14,  6.04it/s][A

 25%|██▌       | 152/600 [00:26<01:12,  6.17it/s][A

 26%|██▌       | 153/600 [00:26<01:11,  6.23it/s][A

 26%|██▌       | 154/600 [00:26<01:13,  6.05it/s][A

 26%|██▌       | 155/600 [00:26<01:15,  5.93it/s][A

 26%|██▌       | 156/600 [00:27<01:19,  5.56it/s][A

 26%|██▌       | 157/600 [00:27<01:19,  5.58it/s][A

 26%|██▋       | 158/600 [00:27<01:18,  5.66it/s][A

 26%|██▋       | 159/600 [00:27<01:16,  5.80it/s][A

 27%|██▋       | 160/600 [00:27<01:16,  5.76it/s][A

 27%|██▋       | 161/600 [00:27<01:20,  5.46it/s][A

 27%|██▋       | 162/600 [00:28<01:22,  5.34it/s][A

 27%|██▋       | 163/600 [00:28<01:21,  5.37it/s][A

 27%|██▋       | 164/600 [00:28<01:19,  5.51it/s][A

 28%|██▊       | 165/600 [00:28<01:18,  5.51it/s][A

 28%|██▊       | 166/600 [00:28<01:16,  5.67it/s][A

 28%|██▊       | 167/600 [00:29<01:17,  5.61it/s][A

 28%|██▊       | 168/600 [00:29<01:22,  5.27it/s][A

 28%|██▊       | 169/600 [00:29<01:19,  5.42it/s][A

 28%|██▊       | 170/600 [00:29<01:18,  5.47it/s][A

 28%|██▊       | 171/600 [00:29<01:21,  5.27it/s][A

 29%|██▊       | 172/600 [00:29<01:21,  5.25it/s][A

 29%|██▉       | 173/600 [00:30<01:22,  5.17it/s][A

 29%|██▉       | 174/600 [00:30<01:18,  5.41it/s][A

 29%|██▉       | 175/600 [00:30<01:18,  5.42it/s][A

 29%|██▉       | 176/600 [00:30<01:26,  4.91it/s][A

 30%|██▉       | 177/600 [00:30<01:27,  4.84it/s][A

 30%|██▉       | 178/600 [00:31<01:22,  5.13it/s][A

 30%|██▉       | 179/600 [00:31<01:19,  5.30it/s][A

 30%|███       | 180/600 [00:31<01:20,  5.24it/s][A

 30%|███       | 181/600 [00:31<01:18,  5.31it/s][A

 30%|███       | 182/600 [00:31<01:14,  5.60it/s][A

 30%|███       | 183/600 [00:32<01:15,  5.49it/s][A

 31%|███       | 184/600 [00:32<01:16,  5.45it/s][A

 31%|███       | 185/600 [00:32<01:14,  5.60it/s][A

 31%|███       | 186/600 [00:32<01:16,  5.40it/s][A

 31%|███       | 187/600 [00:32<01:20,  5.14it/s][A

 31%|███▏      | 188/600 [00:33<01:19,  5.18it/s][A

 32%|███▏      | 189/600 [00:33<01:19,  5.14it/s][A

 32%|███▏      | 190/600 [00:33<01:14,  5.47it/s][A

 32%|███▏      | 191/600 [00:33<01:14,  5.46it/s][A

 32%|███▏      | 192/600 [00:33<01:11,  5.72it/s][A

 32%|███▏      | 193/600 [00:33<01:07,  6.03it/s][A

 32%|███▏      | 194/600 [00:34<01:07,  5.98it/s][A

 32%|███▎      | 195/600 [00:34<01:09,  5.84it/s][A

 33%|███▎      | 196/600 [00:34<01:08,  5.86it/s][A

 33%|███▎      | 197/600 [00:34<01:14,  5.41it/s][A

 33%|███▎      | 198/600 [00:34<01:14,  5.38it/s][A

 33%|███▎      | 199/600 [00:34<01:11,  5.64it/s][A

 33%|███▎      | 200/600 [00:35<01:12,  5.53it/s][A

 34%|███▎      | 201/600 [00:35<01:10,  5.64it/s][A

 34%|███▎      | 202/600 [00:35<01:11,  5.59it/s][A

 34%|███▍      | 203/600 [00:35<01:11,  5.57it/s][A

 34%|███▍      | 204/600 [00:35<01:09,  5.73it/s][A

 34%|███▍      | 205/600 [00:35<01:07,  5.88it/s][A

 34%|███▍      | 206/600 [00:36<01:10,  5.61it/s][A

 34%|███▍      | 207/600 [00:36<01:11,  5.48it/s][A

 35%|███▍      | 208/600 [00:36<01:09,  5.61it/s][A

 35%|███▍      | 209/600 [00:36<01:12,  5.40it/s][A

 35%|███▌      | 210/600 [00:36<01:12,  5.40it/s][A

 35%|███▌      | 211/600 [00:37<01:12,  5.34it/s][A

 35%|███▌      | 212/600 [00:37<01:12,  5.35it/s][A

 36%|███▌      | 213/600 [00:37<01:12,  5.30it/s][A

 36%|███▌      | 214/600 [00:37<01:12,  5.29it/s][A

 36%|███▌      | 215/600 [00:37<01:11,  5.41it/s][A

 36%|███▌      | 216/600 [00:38<01:09,  5.52it/s][A

 36%|███▌      | 217/600 [00:38<01:06,  5.77it/s][A

 36%|███▋      | 218/600 [00:38<01:06,  5.72it/s][A

 36%|███▋      | 219/600 [00:38<01:07,  5.69it/s][A

 37%|███▋      | 220/600 [00:38<01:04,  5.85it/s][A

 37%|███▋      | 221/600 [00:38<01:04,  5.87it/s][A

 37%|███▋      | 222/600 [00:39<01:08,  5.56it/s][A

 37%|███▋      | 223/600 [00:39<01:08,  5.52it/s][A

 37%|███▋      | 224/600 [00:39<01:07,  5.61it/s][A

 38%|███▊      | 225/600 [00:39<01:05,  5.72it/s][A

 38%|███▊      | 226/600 [00:39<01:08,  5.48it/s][A

 38%|███▊      | 227/600 [00:39<01:05,  5.71it/s][A

 38%|███▊      | 228/600 [00:40<01:05,  5.65it/s][A

 38%|███▊      | 229/600 [00:40<01:04,  5.73it/s][A

 38%|███▊      | 230/600 [00:40<01:04,  5.74it/s][A

 38%|███▊      | 231/600 [00:40<01:05,  5.60it/s][A

 39%|███▊      | 232/600 [00:40<01:06,  5.51it/s][A

 39%|███▉      | 233/600 [00:41<01:05,  5.62it/s][A

 39%|███▉      | 234/600 [00:41<01:04,  5.67it/s][A

 39%|███▉      | 235/600 [00:41<01:05,  5.59it/s][A

 39%|███▉      | 236/600 [00:41<01:02,  5.80it/s][A

 40%|███▉      | 237/600 [00:41<01:00,  5.99it/s][A

 40%|███▉      | 238/600 [00:41<00:58,  6.21it/s][A

 40%|███▉      | 239/600 [00:42<00:59,  6.06it/s][A

 40%|████      | 240/600 [00:42<00:59,  6.07it/s][A

 40%|████      | 241/600 [00:42<01:01,  5.84it/s][A

 40%|████      | 242/600 [00:42<01:06,  5.36it/s][A

 40%|████      | 243/600 [00:42<01:05,  5.44it/s][A

 41%|████      | 244/600 [00:42<01:03,  5.62it/s][A

 41%|████      | 245/600 [00:43<01:00,  5.86it/s][A

 41%|████      | 246/600 [00:43<01:00,  5.88it/s][A

 41%|████      | 247/600 [00:43<00:57,  6.10it/s][A

 41%|████▏     | 248/600 [00:43<00:57,  6.09it/s][A

 42%|████▏     | 249/600 [00:43<01:00,  5.77it/s][A

 42%|████▏     | 250/600 [00:43<01:02,  5.58it/s][A

 42%|████▏     | 251/600 [00:44<00:59,  5.89it/s][A

 42%|████▏     | 252/600 [00:44<00:57,  6.01it/s][A

 42%|████▏     | 253/600 [00:44<00:57,  5.99it/s][A

 42%|████▏     | 254/600 [00:44<00:58,  5.96it/s][A

 42%|████▎     | 255/600 [00:44<00:56,  6.07it/s][A

 43%|████▎     | 256/600 [00:44<00:58,  5.84it/s][A

 43%|████▎     | 257/600 [00:45<00:59,  5.72it/s][A

 43%|████▎     | 258/600 [00:45<00:58,  5.84it/s][A

 43%|████▎     | 259/600 [00:45<00:56,  6.08it/s][A

 43%|████▎     | 260/600 [00:45<00:56,  5.99it/s][A

 44%|████▎     | 261/600 [00:45<00:55,  6.15it/s][A

 44%|████▎     | 262/600 [00:45<00:53,  6.30it/s][A

 44%|████▍     | 263/600 [00:46<00:53,  6.25it/s][A

 44%|████▍     | 264/600 [00:46<00:55,  6.07it/s][A

 44%|████▍     | 265/600 [00:46<00:56,  5.89it/s][A

 44%|████▍     | 266/600 [00:46<00:57,  5.85it/s][A

 44%|████▍     | 267/600 [00:46<00:55,  5.97it/s][A

 45%|████▍     | 268/600 [00:46<00:53,  6.19it/s][A

 45%|████▍     | 269/600 [00:47<00:57,  5.75it/s][A

 45%|████▌     | 270/600 [00:47<00:54,  6.05it/s][A

 45%|████▌     | 271/600 [00:47<00:52,  6.24it/s][A

 45%|████▌     | 272/600 [00:47<00:53,  6.12it/s][A

 46%|████▌     | 273/600 [00:47<00:52,  6.17it/s][A

 46%|████▌     | 274/600 [00:47<00:53,  6.13it/s][A

 46%|████▌     | 275/600 [00:48<00:55,  5.88it/s][A

 46%|████▌     | 276/600 [00:48<00:56,  5.78it/s][A

 46%|████▌     | 277/600 [00:48<00:53,  6.02it/s][A

 46%|████▋     | 278/600 [00:48<00:54,  5.96it/s][A

 46%|████▋     | 279/600 [00:48<00:51,  6.20it/s][A

 47%|████▋     | 280/600 [00:48<00:50,  6.34it/s][A

 47%|████▋     | 281/600 [00:49<00:53,  5.98it/s][A

 47%|████▋     | 282/600 [00:49<00:57,  5.49it/s][A

 47%|████▋     | 283/600 [00:49<00:55,  5.72it/s][A

 47%|████▋     | 284/600 [00:49<00:59,  5.27it/s][A

 48%|████▊     | 285/600 [00:49<00:58,  5.41it/s][A

 48%|████▊     | 286/600 [00:50<00:56,  5.57it/s][A

 48%|████▊     | 287/600 [00:50<00:59,  5.29it/s][A

 48%|████▊     | 288/600 [00:50<01:01,  5.09it/s][A

 48%|████▊     | 289/600 [00:50<01:00,  5.13it/s][A

 48%|████▊     | 290/600 [00:50<01:00,  5.11it/s][A

 48%|████▊     | 291/600 [00:51<00:57,  5.35it/s][A

 49%|████▊     | 292/600 [00:51<00:59,  5.21it/s][A

 49%|████▉     | 293/600 [00:51<01:01,  5.02it/s][A

 49%|████▉     | 294/600 [00:51<01:00,  5.09it/s][A

 49%|████▉     | 295/600 [00:51<00:59,  5.09it/s][A

 49%|████▉     | 296/600 [00:51<00:58,  5.19it/s][A

 50%|████▉     | 297/600 [00:52<00:57,  5.23it/s][A

 50%|████▉     | 298/600 [00:52<00:55,  5.46it/s][A

 50%|████▉     | 299/600 [00:52<00:52,  5.74it/s][A

 50%|█████     | 300/600 [00:52<00:52,  5.74it/s][A

 50%|█████     | 301/600 [00:52<00:52,  5.66it/s][A

 50%|█████     | 302/600 [00:53<00:54,  5.47it/s][A

 50%|█████     | 303/600 [00:53<00:52,  5.64it/s][A

 51%|█████     | 304/600 [00:53<00:49,  5.94it/s][A

 51%|█████     | 305/600 [00:53<00:49,  5.99it/s][A

 51%|█████     | 306/600 [00:53<00:51,  5.72it/s][A

 51%|█████     | 307/600 [00:53<00:49,  5.88it/s][A

 51%|█████▏    | 308/600 [00:54<00:52,  5.55it/s][A

 52%|█████▏    | 309/600 [00:54<00:53,  5.46it/s][A

 52%|█████▏    | 310/600 [00:54<00:56,  5.14it/s][A

 52%|█████▏    | 311/600 [00:54<00:54,  5.28it/s][A

 52%|█████▏    | 312/600 [00:54<00:51,  5.57it/s][A

 52%|█████▏    | 313/600 [00:55<00:51,  5.55it/s][A

 52%|█████▏    | 314/600 [00:55<00:53,  5.31it/s][A

 52%|█████▎    | 315/600 [00:55<00:52,  5.38it/s][A

 53%|█████▎    | 316/600 [00:55<00:52,  5.42it/s][A

 53%|█████▎    | 317/600 [00:55<00:50,  5.56it/s][A

 53%|█████▎    | 318/600 [00:55<00:51,  5.50it/s][A

 53%|█████▎    | 319/600 [00:56<00:51,  5.44it/s][A

 53%|█████▎    | 320/600 [00:56<00:48,  5.76it/s][A

 54%|█████▎    | 321/600 [00:56<00:46,  5.98it/s][A

 54%|█████▎    | 322/600 [00:56<00:46,  5.94it/s][A

 54%|█████▍    | 323/600 [00:56<00:47,  5.83it/s][A

 54%|█████▍    | 324/600 [00:56<00:47,  5.83it/s][A

 54%|█████▍    | 325/600 [00:57<00:47,  5.81it/s][A

 54%|█████▍    | 326/600 [00:57<00:47,  5.75it/s][A

 55%|█████▍    | 327/600 [00:57<00:47,  5.73it/s][A

 55%|█████▍    | 328/600 [00:57<00:46,  5.81it/s][A

 55%|█████▍    | 329/600 [00:57<00:46,  5.80it/s][A

 55%|█████▌    | 330/600 [00:57<00:45,  5.99it/s][A

 55%|█████▌    | 331/600 [00:58<00:44,  6.02it/s][A

 55%|█████▌    | 332/600 [00:58<00:44,  5.99it/s][A

 56%|█████▌    | 333/600 [00:58<00:44,  6.06it/s][A

 56%|█████▌    | 334/600 [00:58<00:45,  5.83it/s][A

 56%|█████▌    | 335/600 [00:58<00:44,  5.96it/s][A

 56%|█████▌    | 336/600 [00:58<00:45,  5.78it/s][A

 56%|█████▌    | 337/600 [00:59<00:46,  5.61it/s][A

 56%|█████▋    | 338/600 [00:59<00:45,  5.72it/s][A

 56%|█████▋    | 339/600 [00:59<00:45,  5.72it/s][A

 57%|█████▋    | 340/600 [00:59<00:45,  5.65it/s][A

 57%|█████▋    | 341/600 [00:59<00:47,  5.44it/s][A

 57%|█████▋    | 342/600 [01:00<00:46,  5.60it/s][A

 57%|█████▋    | 343/600 [01:00<00:44,  5.77it/s][A

 57%|█████▋    | 344/600 [01:00<00:44,  5.73it/s][A

 57%|█████▊    | 345/600 [01:00<00:43,  5.85it/s][A

 58%|█████▊    | 346/600 [01:00<00:44,  5.71it/s][A

 58%|█████▊    | 347/600 [01:00<00:42,  5.97it/s][A

 58%|█████▊    | 348/600 [01:01<00:42,  5.94it/s][A

 58%|█████▊    | 349/600 [01:01<00:44,  5.61it/s][A

 58%|█████▊    | 350/600 [01:01<00:44,  5.60it/s][A

 58%|█████▊    | 351/600 [01:01<00:45,  5.53it/s][A

 59%|█████▊    | 352/600 [01:01<00:44,  5.56it/s][A

 59%|█████▉    | 353/600 [01:01<00:43,  5.73it/s][A

 59%|█████▉    | 354/600 [01:02<00:41,  5.95it/s][A

 59%|█████▉    | 355/600 [01:02<00:41,  5.90it/s][A

 59%|█████▉    | 356/600 [01:02<00:44,  5.46it/s][A

 60%|█████▉    | 357/600 [01:02<00:45,  5.30it/s][A

 60%|█████▉    | 358/600 [01:02<00:46,  5.23it/s][A

 60%|█████▉    | 359/600 [01:03<00:47,  5.02it/s][A

 60%|██████    | 360/600 [01:03<00:47,  5.08it/s][A

 60%|██████    | 361/600 [01:03<00:46,  5.18it/s][A

 60%|██████    | 362/600 [01:03<01:00,  3.95it/s][A

 60%|██████    | 363/600 [01:04<00:56,  4.22it/s][A

 61%|██████    | 364/600 [01:04<00:51,  4.59it/s][A

 61%|██████    | 365/600 [01:04<00:49,  4.72it/s][A

 61%|██████    | 366/600 [01:04<00:47,  4.95it/s][A

 61%|██████    | 367/600 [01:04<00:45,  5.14it/s][A

 61%|██████▏   | 368/600 [01:05<00:43,  5.32it/s][A

 62%|██████▏   | 369/600 [01:05<00:44,  5.19it/s][A

 62%|██████▏   | 370/600 [01:05<00:42,  5.45it/s][A

 62%|██████▏   | 371/600 [01:05<00:41,  5.51it/s][A

 62%|██████▏   | 372/600 [01:05<00:40,  5.69it/s][A

 62%|██████▏   | 373/600 [01:05<00:38,  5.93it/s][A

 62%|██████▏   | 374/600 [01:06<00:37,  6.04it/s][A

 62%|██████▎   | 375/600 [01:06<00:37,  5.94it/s][A

 63%|██████▎   | 376/600 [01:06<00:38,  5.77it/s][A

 63%|██████▎   | 377/600 [01:06<00:38,  5.75it/s][A

 63%|██████▎   | 378/600 [01:06<00:37,  5.84it/s][A

 63%|██████▎   | 379/600 [01:06<00:37,  5.95it/s][A

 63%|██████▎   | 380/600 [01:07<00:35,  6.12it/s][A

 64%|██████▎   | 381/600 [01:07<00:36,  5.94it/s][A

 64%|██████▎   | 382/600 [01:07<00:37,  5.86it/s][A

 64%|██████▍   | 383/600 [01:07<00:38,  5.71it/s][A

 64%|██████▍   | 384/600 [01:07<00:37,  5.79it/s][A

 64%|██████▍   | 385/600 [01:07<00:36,  5.95it/s][A

 64%|██████▍   | 386/600 [01:08<00:35,  6.03it/s][A

 64%|██████▍   | 387/600 [01:08<00:34,  6.11it/s][A

 65%|██████▍   | 388/600 [01:08<00:34,  6.13it/s][A

 65%|██████▍   | 389/600 [01:08<00:34,  6.18it/s][A

 65%|██████▌   | 390/600 [01:08<00:33,  6.20it/s][A

 65%|██████▌   | 391/600 [01:08<00:32,  6.38it/s][A

 65%|██████▌   | 392/600 [01:09<00:32,  6.41it/s][A

 66%|██████▌   | 393/600 [01:09<00:32,  6.41it/s][A

 66%|██████▌   | 394/600 [01:09<00:34,  5.94it/s][A

 66%|██████▌   | 395/600 [01:09<00:35,  5.83it/s][A

 66%|██████▌   | 396/600 [01:09<00:34,  5.89it/s][A

 66%|██████▌   | 397/600 [01:09<00:34,  5.85it/s][A

 66%|██████▋   | 398/600 [01:10<00:33,  5.99it/s][A

 66%|██████▋   | 399/600 [01:10<00:32,  6.19it/s][A

 67%|██████▋   | 400/600 [01:10<00:34,  5.76it/s][A

 67%|██████▋   | 401/600 [01:10<00:36,  5.41it/s][A

 67%|██████▋   | 402/600 [01:10<00:35,  5.59it/s][A

 67%|██████▋   | 403/600 [01:10<00:35,  5.50it/s][A

 67%|██████▋   | 404/600 [01:11<00:36,  5.31it/s][A

 68%|██████▊   | 405/600 [01:11<00:37,  5.24it/s][A

 68%|██████▊   | 406/600 [01:11<00:36,  5.34it/s][A

 68%|██████▊   | 407/600 [01:11<00:35,  5.47it/s][A

 68%|██████▊   | 408/600 [01:11<00:33,  5.75it/s][A

 68%|██████▊   | 409/600 [01:12<00:32,  5.86it/s][A

 68%|██████▊   | 410/600 [01:12<00:35,  5.41it/s][A

 68%|██████▊   | 411/600 [01:12<00:34,  5.55it/s][A

 69%|██████▊   | 412/600 [01:12<00:35,  5.29it/s][A

 69%|██████▉   | 413/600 [01:12<00:36,  5.15it/s][A

 69%|██████▉   | 414/600 [01:13<00:37,  4.98it/s][A

 69%|██████▉   | 415/600 [01:13<00:37,  4.90it/s][A

 69%|██████▉   | 416/600 [01:13<00:36,  5.09it/s][A

 70%|██████▉   | 417/600 [01:13<00:36,  5.04it/s][A

 70%|██████▉   | 418/600 [01:13<00:36,  5.01it/s][A

 70%|██████▉   | 419/600 [01:14<00:37,  4.84it/s][A

 70%|███████   | 420/600 [01:14<00:35,  5.02it/s][A

 70%|███████   | 421/600 [01:14<00:35,  5.07it/s][A

 70%|███████   | 422/600 [01:14<00:35,  5.01it/s][A

 70%|███████   | 423/600 [01:14<00:36,  4.89it/s][A

 71%|███████   | 424/600 [01:15<00:35,  4.96it/s][A

 71%|███████   | 425/600 [01:15<00:34,  5.02it/s][A

 71%|███████   | 426/600 [01:15<00:34,  5.07it/s][A

 71%|███████   | 427/600 [01:15<00:34,  4.98it/s][A

 71%|███████▏  | 428/600 [01:15<00:33,  5.15it/s][A

 72%|███████▏  | 429/600 [01:15<00:31,  5.40it/s][A

 72%|███████▏  | 430/600 [01:16<00:32,  5.20it/s][A

 72%|███████▏  | 431/600 [01:16<00:31,  5.32it/s][A

 72%|███████▏  | 432/600 [01:16<00:30,  5.58it/s][A

 72%|███████▏  | 433/600 [01:16<00:29,  5.68it/s][A

 72%|███████▏  | 434/600 [01:16<00:29,  5.68it/s][A

 72%|███████▎  | 435/600 [01:17<00:29,  5.67it/s][A

 73%|███████▎  | 436/600 [01:17<00:30,  5.41it/s][A

 73%|███████▎  | 437/600 [01:17<00:29,  5.61it/s][A

 73%|███████▎  | 438/600 [01:17<00:28,  5.66it/s][A

 73%|███████▎  | 439/600 [01:17<00:28,  5.69it/s][A

 73%|███████▎  | 440/600 [01:17<00:27,  5.82it/s][A

 74%|███████▎  | 441/600 [01:18<00:27,  5.81it/s][A

 74%|███████▎  | 442/600 [01:18<00:26,  5.91it/s][A

 74%|███████▍  | 443/600 [01:18<00:27,  5.76it/s][A

 74%|███████▍  | 444/600 [01:18<00:27,  5.76it/s][A

 74%|███████▍  | 445/600 [01:18<00:27,  5.65it/s][A

 74%|███████▍  | 446/600 [01:18<00:27,  5.57it/s][A

 74%|███████▍  | 447/600 [01:19<00:27,  5.54it/s][A

 75%|███████▍  | 448/600 [01:19<00:26,  5.71it/s][A

 75%|███████▍  | 449/600 [01:19<00:26,  5.79it/s][A

 75%|███████▌  | 450/600 [01:19<00:25,  5.84it/s][A

 75%|███████▌  | 451/600 [01:19<00:26,  5.58it/s][A

 75%|███████▌  | 452/600 [01:20<00:26,  5.63it/s][A

 76%|███████▌  | 453/600 [01:20<00:25,  5.80it/s][A

 76%|███████▌  | 454/600 [01:20<00:25,  5.69it/s][A

 76%|███████▌  | 455/600 [01:20<00:26,  5.54it/s][A

 76%|███████▌  | 456/600 [01:20<00:25,  5.73it/s][A

 76%|███████▌  | 457/600 [01:20<00:24,  5.89it/s][A

 76%|███████▋  | 458/600 [01:21<00:23,  6.15it/s][A

 76%|███████▋  | 459/600 [01:21<00:22,  6.34it/s][A

 77%|███████▋  | 460/600 [01:21<00:22,  6.09it/s][A

 77%|███████▋  | 461/600 [01:21<00:23,  5.98it/s][A

 77%|███████▋  | 462/600 [01:21<00:23,  5.93it/s][A

 77%|███████▋  | 463/600 [01:21<00:23,  5.95it/s][A

 77%|███████▋  | 464/600 [01:22<00:23,  5.79it/s][A

 78%|███████▊  | 465/600 [01:22<00:22,  6.07it/s][A

 78%|███████▊  | 466/600 [01:22<00:22,  6.01it/s][A

 78%|███████▊  | 467/600 [01:22<00:22,  5.97it/s][A

 78%|███████▊  | 468/600 [01:22<00:22,  5.95it/s][A

 78%|███████▊  | 469/600 [01:22<00:22,  5.95it/s][A

 78%|███████▊  | 470/600 [01:23<00:21,  6.02it/s][A

 78%|███████▊  | 471/600 [01:23<00:23,  5.58it/s][A

 79%|███████▊  | 472/600 [01:23<00:23,  5.40it/s][A

 79%|███████▉  | 473/600 [01:23<00:23,  5.35it/s][A

 79%|███████▉  | 474/600 [01:23<00:23,  5.45it/s][A

 79%|███████▉  | 475/600 [01:23<00:21,  5.86it/s][A

 79%|███████▉  | 476/600 [01:24<00:20,  5.99it/s][A

 80%|███████▉  | 477/600 [01:24<00:20,  6.14it/s][A

 80%|███████▉  | 478/600 [01:24<00:19,  6.21it/s][A

 80%|███████▉  | 479/600 [01:24<00:19,  6.09it/s][A

 80%|████████  | 480/600 [01:24<00:20,  5.92it/s][A

 80%|████████  | 481/600 [01:24<00:21,  5.59it/s][A

 80%|████████  | 482/600 [01:25<00:21,  5.37it/s][A

 80%|████████  | 483/600 [01:25<00:21,  5.56it/s][A

 81%|████████  | 484/600 [01:25<00:20,  5.76it/s][A

 81%|████████  | 485/600 [01:25<00:19,  5.94it/s][A

 81%|████████  | 486/600 [01:25<00:18,  6.14it/s][A

 81%|████████  | 487/600 [01:25<00:18,  6.06it/s][A

 81%|████████▏ | 488/600 [01:26<00:19,  5.70it/s][A

 82%|████████▏ | 489/600 [01:26<00:19,  5.61it/s][A

 82%|████████▏ | 490/600 [01:26<00:18,  5.79it/s][A

 82%|████████▏ | 491/600 [01:26<00:18,  5.92it/s][A

 82%|████████▏ | 492/600 [01:26<00:18,  5.94it/s][A

 82%|████████▏ | 493/600 [01:27<00:18,  5.93it/s][A

 82%|████████▏ | 494/600 [01:27<00:17,  6.14it/s][A

 82%|████████▎ | 495/600 [01:27<00:17,  5.89it/s][A

 83%|████████▎ | 496/600 [01:27<00:17,  5.91it/s][A

 83%|████████▎ | 497/600 [01:27<00:17,  5.84it/s][A

 83%|████████▎ | 498/600 [01:27<00:17,  5.90it/s][A

 83%|████████▎ | 499/600 [01:28<00:18,  5.56it/s][A

 83%|████████▎ | 500/600 [01:28<00:17,  5.62it/s][A

 84%|████████▎ | 501/600 [01:28<00:16,  5.91it/s][A

 84%|████████▎ | 502/600 [01:28<00:16,  6.00it/s][A

 84%|████████▍ | 503/600 [01:28<00:15,  6.07it/s][A

 84%|████████▍ | 504/600 [01:28<00:15,  6.32it/s][A

 84%|████████▍ | 505/600 [01:29<00:15,  6.21it/s][A

 84%|████████▍ | 506/600 [01:29<00:15,  6.13it/s][A

 84%|████████▍ | 507/600 [01:29<00:15,  5.99it/s][A

 85%|████████▍ | 508/600 [01:29<00:15,  5.91it/s][A

 85%|████████▍ | 509/600 [01:29<00:14,  6.11it/s][A

 85%|████████▌ | 510/600 [01:29<00:14,  6.21it/s][A

 85%|████████▌ | 511/600 [01:30<00:14,  6.31it/s][A

 85%|████████▌ | 512/600 [01:30<00:13,  6.34it/s][A

 86%|████████▌ | 513/600 [01:30<00:14,  6.08it/s][A

 86%|████████▌ | 514/600 [01:30<00:13,  6.21it/s][A

 86%|████████▌ | 515/600 [01:30<00:14,  5.91it/s][A

 86%|████████▌ | 516/600 [01:30<00:13,  6.00it/s][A

 86%|████████▌ | 517/600 [01:31<00:13,  6.09it/s][A

 86%|████████▋ | 518/600 [01:31<00:13,  6.00it/s][A

 86%|████████▋ | 519/600 [01:31<00:14,  5.71it/s][A

 87%|████████▋ | 520/600 [01:31<00:14,  5.70it/s][A

 87%|████████▋ | 521/600 [01:31<00:13,  5.85it/s][A

 87%|████████▋ | 522/600 [01:31<00:12,  6.07it/s][A

 87%|████████▋ | 523/600 [01:32<00:12,  6.20it/s][A

 87%|████████▋ | 524/600 [01:32<00:13,  5.75it/s][A

 88%|████████▊ | 525/600 [01:32<00:13,  5.55it/s][A

 88%|████████▊ | 526/600 [01:32<00:13,  5.41it/s][A

 88%|████████▊ | 527/600 [01:32<00:13,  5.52it/s][A

 88%|████████▊ | 528/600 [01:32<00:12,  5.80it/s][A

 88%|████████▊ | 529/600 [01:33<00:12,  5.56it/s][A

 88%|████████▊ | 530/600 [01:33<00:12,  5.44it/s][A

 88%|████████▊ | 531/600 [01:33<00:13,  5.24it/s][A

 89%|████████▊ | 532/600 [01:33<00:13,  5.14it/s][A

 89%|████████▉ | 533/600 [01:33<00:12,  5.35it/s][A

 89%|████████▉ | 534/600 [01:34<00:12,  5.48it/s][A

 89%|████████▉ | 535/600 [01:34<00:12,  5.37it/s][A

 89%|████████▉ | 536/600 [01:34<00:11,  5.42it/s][A

 90%|████████▉ | 537/600 [01:34<00:12,  5.21it/s][A

 90%|████████▉ | 538/600 [01:34<00:11,  5.18it/s][A

 90%|████████▉ | 539/600 [01:35<00:11,  5.18it/s][A

 90%|█████████ | 540/600 [01:35<00:10,  5.54it/s][A

 90%|█████████ | 541/600 [01:35<00:10,  5.79it/s][A

 90%|█████████ | 542/600 [01:35<00:10,  5.58it/s][A

 90%|█████████ | 543/600 [01:35<00:10,  5.49it/s][A

 91%|█████████ | 544/600 [01:35<00:10,  5.43it/s][A

 91%|█████████ | 545/600 [01:36<00:10,  5.45it/s][A

 91%|█████████ | 546/600 [01:36<00:09,  5.44it/s][A

 91%|█████████ | 547/600 [01:36<00:09,  5.35it/s][A

 91%|█████████▏| 548/600 [01:36<00:10,  5.20it/s][A

 92%|█████████▏| 549/600 [01:36<00:10,  4.96it/s][A

 92%|█████████▏| 550/600 [01:37<00:10,  4.97it/s][A

 92%|█████████▏| 551/600 [01:37<00:09,  5.04it/s][A

 92%|█████████▏| 552/600 [01:37<00:09,  4.94it/s][A

 92%|█████████▏| 553/600 [01:37<00:09,  4.90it/s][A

 92%|█████████▏| 554/600 [01:37<00:09,  5.04it/s][A

 92%|█████████▎| 555/600 [01:38<00:08,  5.28it/s][A

 93%|█████████▎| 556/600 [01:38<00:08,  5.50it/s][A

 93%|█████████▎| 557/600 [01:38<00:08,  5.32it/s][A

 93%|█████████▎| 558/600 [01:38<00:07,  5.38it/s][A

 93%|█████████▎| 559/600 [01:38<00:07,  5.35it/s][A

 93%|█████████▎| 560/600 [01:39<00:07,  5.40it/s][A

 94%|█████████▎| 561/600 [01:39<00:07,  5.41it/s][A

 94%|█████████▎| 562/600 [01:39<00:06,  5.43it/s][A

 94%|█████████▍| 563/600 [01:39<00:06,  5.49it/s][A

 94%|█████████▍| 564/600 [01:39<00:06,  5.53it/s][A

 94%|█████████▍| 565/600 [01:39<00:06,  5.72it/s][A

 94%|█████████▍| 566/600 [01:40<00:06,  5.63it/s][A

 94%|█████████▍| 567/600 [01:40<00:05,  5.53it/s][A

 95%|█████████▍| 568/600 [01:40<00:05,  5.41it/s][A

 95%|█████████▍| 569/600 [01:40<00:05,  5.56it/s][A

 95%|█████████▌| 570/600 [01:40<00:05,  5.54it/s][A

 95%|█████████▌| 571/600 [01:40<00:05,  5.58it/s][A

 95%|█████████▌| 572/600 [01:41<00:04,  5.71it/s][A

 96%|█████████▌| 573/600 [01:41<00:04,  5.62it/s][A

 96%|█████████▌| 574/600 [01:41<00:04,  5.62it/s][A

 96%|█████████▌| 575/600 [01:41<00:04,  5.66it/s][A

 96%|█████████▌| 576/600 [01:41<00:04,  5.70it/s][A

 96%|█████████▌| 577/600 [01:42<00:04,  5.65it/s][A

 96%|█████████▋| 578/600 [01:42<00:03,  5.73it/s][A

 96%|█████████▋| 579/600 [01:42<00:03,  5.77it/s][A

 97%|█████████▋| 580/600 [01:42<00:03,  5.74it/s][A

 97%|█████████▋| 581/600 [01:42<00:03,  5.81it/s][A

 97%|█████████▋| 582/600 [01:42<00:03,  5.61it/s][A

 97%|█████████▋| 583/600 [01:43<00:02,  5.78it/s][A

 97%|█████████▋| 584/600 [01:43<00:02,  5.59it/s][A

 98%|█████████▊| 585/600 [01:43<00:02,  5.38it/s][A

 98%|█████████▊| 586/600 [01:43<00:02,  5.40it/s][A

 98%|█████████▊| 587/600 [01:43<00:02,  5.38it/s][A

 98%|█████████▊| 588/600 [01:44<00:02,  5.26it/s][A

 98%|█████████▊| 589/600 [01:44<00:02,  5.12it/s][A

 98%|█████████▊| 590/600 [01:44<00:01,  5.20it/s][A

 98%|█████████▊| 591/600 [01:44<00:01,  5.14it/s][A

 99%|█████████▊| 592/600 [01:44<00:01,  5.39it/s][A

 99%|█████████▉| 593/600 [01:44<00:01,  5.53it/s][A

 99%|█████████▉| 594/600 [01:45<00:01,  5.50it/s][A

 99%|█████████▉| 595/600 [01:45<00:00,  5.55it/s][A

 99%|█████████▉| 596/600 [01:45<00:00,  5.47it/s][A

100%|█████████▉| 597/600 [01:45<00:00,  5.61it/s][A

100%|█████████▉| 598/600 [01:45<00:00,  5.65it/s][A

100%|█████████▉| 599/600 [01:46<00:00,  5.66it/s][A

100%|██████████| 600/600 [01:46<00:00,  5.53it/s][A
                                                       


                                                 
[A
 75%|███████▌  | 3300/4384 [1:05:36<1:52:46,  6.24s/it]

100%|██████████| 600/600 [01:46<00:00,  5.53it/s][A

                                                 [A
 75%|███████▌  | 3301/4384 [1:05:44<11:36:28, 38.59s/it]
 75%|███████▌  | 3302/4384 [1:05:51<8:43:05, 29.01s/it] 
 75%|███████▌  | 3303/4384 [1:05:57<6:40:35, 22.23s/it]
 75%|███████▌  | 3304/4384 [1:06:04<5:14:24, 17.47s/it]
 75%|███████▌  | 3305/4384 [1:06:10<4:14:16, 14.14s/it]
 75%|███████▌  | 3306/4384 [1:06:16<3:32:02, 11.80s/it]
 75%|███████▌  | 3307/4384 [1:06:23<3:02:28, 10.17s/it]
 75%|███████▌  | 3308/4384 [1:06:29<2:40:57,  8.98s/it]
 75%|███████▌  | 3309/4384 [1:06:35<2:26:18,  8.17s/it]
 76%|███████▌  | 3310/4384 [1:06:41<2:14:43,  7.53s/it]
 76%|███████▌  | 3311/4384 [1:06:47<2:06:14,  7.06s/it]
 76%|███████▌  | 3312/4384 [1:06:53<2:00:07,  6.72s/it]
 76%|███████▌  | 3313/4384 [1:07:00<2:01:31,  6.81s/it]
 76%|███████▌  | 3314/4384 [1:07:07<2:00:01,  6.73s/it]
 76%|███████▌  | 3315/4384 [1:07:13<1:55:52,  6.50s/it]
 76%|███████▌  | 3316/4384 [1:07:19<1:54:41,  6.44s/it]
 76%|███████▌  | 3317/4384 [1:07:25<1:53:14,  6.37s/it]
 76%|███████▌  | 3318/4384 [1:07:31<1:51:50,  6.30s/it]
 76%|███████▌  | 3319/4384 [1:07:38<1:52:21,  6.33s/it]
 76%|███████▌  | 3320/4384 [1:07:44<1:51:16,  6.27s/it]
                                                       

 76%|███████▌  | 3320/4384 [1:07:44<1:51:16,  6.27s/it]
 76%|███████▌  | 3321/4384 [1:07:50<1:51:51,  6.31s/it]
 76%|███████▌  | 3322/4384 [1:07:57<1:52:01,  6.33s/it]
 76%|███████▌  | 3323/4384 [1:08:03<1:52:27,  6.36s/it]
 76%|███████▌  | 3324/4384 [1:08:09<1:51:05,  6.29s/it]
 76%|███████▌  | 3325/4384 [1:08:16<1:52:01,  6.35s/it]
 76%|███████▌  | 3326/4384 [1:08:22<1:51:34,  6.33s/it]
 76%|███████▌  | 3327/4384 [1:08:28<1:51:23,  6.32s/it]
 76%|███████▌  | 3328/4384 [1:08:34<1:50:58,  6.31s/it]
 76%|███████▌  | 3329/4384 [1:08:40<1:49:12,  6.21s/it]
 76%|███████▌  | 3330/4384 [1:08:47<1:49:07,  6.21s/it]
 76%|███████▌  | 3331/4384 [1:08:53<1:49:35,  6.24s/it]
 76%|███████▌  | 3332/4384 [1:08:59<1:50:53,  6.32s/it]
 76%|███████▌  | 3333/4384 [1:09:06<1:52:17,  6.41s/it]
 76%|███████▌  | 3334/4384 [1:09:12<1:51:03,  6.35s/it]
 76%|███████▌  | 3335/4384 [1:09:18<1:49:40,  6.27s/it]
 76%|███████▌  | 3336/4384 [1:09:25<1:49:14,  6.25s/it]
 76%|███████▌  | 3337/4384 [1:09:31<1:51:15,  6.38s/it]
 76%|███████▌  | 3338/4384 [1:09:37<1:49:53,  6.30s/it]
 76%|███████▌  | 3339/4384 [1:09:44<1:49:13,  6.27s/it]
 76%|███████▌  | 3340/4384 [1:09:50<1:50:42,  6.36s/it]
                                                       

 76%|███████▌  | 3340/4384 [1:09:50<1:50:42,  6.36s/it]
 76%|███████▌  | 3341/4384 [1:09:56<1:50:01,  6.33s/it]
 76%|███████▌  | 3342/4384 [1:10:03<1:49:59,  6.33s/it]
 76%|███████▋  | 3343/4384 [1:10:09<1:51:33,  6.43s/it]
 76%|███████▋  | 3344/4384 [1:10:16<1:50:50,  6.39s/it]
 76%|███████▋  | 3345/4384 [1:10:22<1:48:36,  6.27s/it]
 76%|███████▋  | 3346/4384 [1:10:28<1:46:47,  6.17s/it]
 76%|███████▋  | 3347/4384 [1:10:34<1:45:36,  6.11s/it]
 76%|███████▋  | 3348/4384 [1:10:40<1:44:39,  6.06s/it]
 76%|███████▋  | 3349/4384 [1:10:46<1:45:37,  6.12s/it]
 76%|███████▋  | 3350/4384 [1:10:53<1:48:31,  6.30s/it]
 76%|███████▋  | 3351/4384 [1:10:59<1:49:01,  6.33s/it]
 76%|███████▋  | 3352/4384 [1:11:05<1:48:36,  6.31s/it]
 76%|███████▋  | 3353/4384 [1:11:11<1:46:27,  6.20s/it]
 77%|███████▋  | 3354/4384 [1:11:18<1:48:33,  6.32s/it]
 77%|███████▋  | 3355/4384 [1:11:24<1:49:08,  6.36s/it]
 77%|███████▋  | 3356/4384 [1:11:30<1:46:57,  6.24s/it]
 77%|███████▋  | 3357/4384 [1:11:36<1:46:12,  6.21s/it]
 77%|███████▋  | 3358/4384 [1:11:43<1:46:07,  6.21s/it]
 77%|███████▋  | 3359/4384 [1:11:49<1:45:05,  6.15s/it]
 77%|███████▋  | 3360/4384 [1:11:55<1:45:08,  6.16s/it]
                                                       

 77%|███████▋  | 3360/4384 [1:11:55<1:45:08,  6.16s/it]
 77%|███████▋  | 3361/4384 [1:12:01<1:47:57,  6.33s/it]
 77%|███████▋  | 3362/4384 [1:12:08<1:46:44,  6.27s/it]
 77%|███████▋  | 3363/4384 [1:12:14<1:46:18,  6.25s/it]
 77%|███████▋  | 3364/4384 [1:12:20<1:46:07,  6.24s/it]
 77%|███████▋  | 3365/4384 [1:12:26<1:45:52,  6.23s/it]
 77%|███████▋  | 3366/4384 [1:12:32<1:45:26,  6.21s/it]
 77%|███████▋  | 3367/4384 [1:12:39<1:47:02,  6.31s/it]
 77%|███████▋  | 3368/4384 [1:12:46<1:48:31,  6.41s/it]
 77%|███████▋  | 3369/4384 [1:12:52<1:47:26,  6.35s/it]
 77%|███████▋  | 3370/4384 [1:12:58<1:47:46,  6.38s/it]
 77%|███████▋  | 3371/4384 [1:13:04<1:46:56,  6.33s/it]
 77%|███████▋  | 3372/4384 [1:13:11<1:47:06,  6.35s/it]
 77%|███████▋  | 3373/4384 [1:13:17<1:48:03,  6.41s/it]
 77%|███████▋  | 3374/4384 [1:13:24<1:48:59,  6.47s/it]
 77%|███████▋  | 3375/4384 [1:13:30<1:48:07,  6.43s/it]
 77%|███████▋  | 3376/4384 [1:13:37<1:47:32,  6.40s/it]
 77%|███████▋  | 3377/4384 [1:13:43<1:45:46,  6.30s/it]
 77%|███████▋  | 3378/4384 [1:13:49<1:46:14,  6.34s/it]
 77%|███████▋  | 3379/4384 [1:13:56<1:48:06,  6.45s/it]
 77%|███████▋  | 3380/4384 [1:14:02<1:48:01,  6.46s/it]
                                                       

 77%|███████▋  | 3380/4384 [1:14:02<1:48:01,  6.46s/it]
 77%|███████▋  | 3381/4384 [1:14:09<1:48:19,  6.48s/it]
 77%|███████▋  | 3382/4384 [1:14:15<1:47:15,  6.42s/it]
 77%|███████▋  | 3383/4384 [1:14:21<1:46:09,  6.36s/it]
 77%|███████▋  | 3384/4384 [1:14:28<1:47:27,  6.45s/it]
 77%|███████▋  | 3385/4384 [1:14:35<1:47:23,  6.45s/it]
 77%|███████▋  | 3386/4384 [1:14:41<1:47:29,  6.46s/it]
 77%|███████▋  | 3387/4384 [1:14:47<1:46:15,  6.39s/it]
 77%|███████▋  | 3388/4384 [1:14:54<1:49:01,  6.57s/it]
 77%|███████▋  | 3389/4384 [1:15:00<1:46:25,  6.42s/it]
 77%|███████▋  | 3390/4384 [1:15:06<1:44:11,  6.29s/it]
 77%|███████▋  | 3391/4384 [1:15:13<1:43:54,  6.28s/it]
 77%|███████▋  | 3392/4384 [1:15:19<1:42:53,  6.22s/it]
 77%|███████▋  | 3393/4384 [1:15:25<1:41:29,  6.14s/it]
 77%|███████▋  | 3394/4384 [1:15:31<1:41:45,  6.17s/it]
 77%|███████▋  | 3395/4384 [1:15:37<1:42:01,  6.19s/it]
 77%|███████▋  | 3396/4384 [1:15:43<1:42:19,  6.21s/it]
 77%|███████▋  | 3397/4384 [1:15:50<1:42:57,  6.26s/it]
 78%|███████▊  | 3398/4384 [1:15:56<1:44:07,  6.34s/it]
 78%|███████▊  | 3399/4384 [1:16:02<1:42:01,  6.21s/it]
 78%|███████▊  | 3400/4384 [1:16:08<1:40:12,  6.11s/it]
                                                       

 78%|███████▊  | 3400/4384 [1:16:08<1:40:12,  6.11s/it]
 78%|███████▊  | 3401/4384 [1:16:14<1:39:33,  6.08s/it]
 78%|███████▊  | 3402/4384 [1:16:20<1:41:13,  6.19s/it]
 78%|███████▊  | 3403/4384 [1:16:27<1:42:03,  6.24s/it]
 78%|███████▊  | 3404/4384 [1:16:33<1:41:48,  6.23s/it]
 78%|███████▊  | 3405/4384 [1:16:39<1:41:56,  6.25s/it]
 78%|███████▊  | 3406/4384 [1:16:45<1:40:33,  6.17s/it]
 78%|███████▊  | 3407/4384 [1:16:51<1:40:11,  6.15s/it]
 78%|███████▊  | 3408/4384 [1:16:58<1:42:54,  6.33s/it]
 78%|███████▊  | 3409/4384 [1:17:05<1:43:21,  6.36s/it]
 78%|███████▊  | 3410/4384 [1:17:11<1:41:28,  6.25s/it]
 78%|███████▊  | 3411/4384 [1:17:17<1:40:24,  6.19s/it]
 78%|███████▊  | 3412/4384 [1:17:23<1:41:52,  6.29s/it]
 78%|███████▊  | 3413/4384 [1:17:30<1:42:20,  6.32s/it]
 78%|███████▊  | 3414/4384 [1:17:36<1:43:46,  6.42s/it]
 78%|███████▊  | 3415/4384 [1:17:42<1:42:54,  6.37s/it]
 78%|███████▊  | 3416/4384 [1:17:49<1:41:41,  6.30s/it]
 78%|███████▊  | 3417/4384 [1:17:55<1:41:24,  6.29s/it]
 78%|███████▊  | 3418/4384 [1:18:01<1:40:33,  6.25s/it]
 78%|███████▊  | 3419/4384 [1:18:07<1:38:22,  6.12s/it]
 78%|███████▊  | 3420/4384 [1:18:13<1:38:40,  6.14s/it]
                                                       

 78%|███████▊  | 3420/4384 [1:18:13<1:38:40,  6.14s/it]
 78%|███████▊  | 3421/4384 [1:18:19<1:39:26,  6.20s/it]
 78%|███████▊  | 3422/4384 [1:18:26<1:40:23,  6.26s/it]
 78%|███████▊  | 3423/4384 [1:18:32<1:41:17,  6.32s/it]
 78%|███████▊  | 3424/4384 [1:18:38<1:39:34,  6.22s/it]
 78%|███████▊  | 3425/4384 [1:18:44<1:38:52,  6.19s/it]
 78%|███████▊  | 3426/4384 [1:18:50<1:38:19,  6.16s/it]
 78%|███████▊  | 3427/4384 [1:18:57<1:38:40,  6.19s/it]
 78%|███████▊  | 3428/4384 [1:19:03<1:37:45,  6.14s/it]
 78%|███████▊  | 3429/4384 [1:19:09<1:37:22,  6.12s/it]
 78%|███████▊  | 3430/4384 [1:19:15<1:36:22,  6.06s/it]
 78%|███████▊  | 3431/4384 [1:19:21<1:36:42,  6.09s/it]
 78%|███████▊  | 3432/4384 [1:19:28<1:39:49,  6.29s/it]
 78%|███████▊  | 3433/4384 [1:19:34<1:39:28,  6.28s/it]
 78%|███████▊  | 3434/4384 [1:19:40<1:37:49,  6.18s/it]
 78%|███████▊  | 3435/4384 [1:19:46<1:36:51,  6.12s/it]
 78%|███████▊  | 3436/4384 [1:19:52<1:37:21,  6.16s/it]
 78%|███████▊  | 3437/4384 [1:19:58<1:37:06,  6.15s/it]
 78%|███████▊  | 3438/4384 [1:20:05<1:38:02,  6.22s/it]
 78%|███████▊  | 3439/4384 [1:20:11<1:38:09,  6.23s/it]
 78%|███████▊  | 3440/4384 [1:20:17<1:38:30,  6.26s/it]
                                                       

 78%|███████▊  | 3440/4384 [1:20:17<1:38:30,  6.26s/it]
 78%|███████▊  | 3441/4384 [1:20:23<1:37:26,  6.20s/it]
 79%|███████▊  | 3442/4384 [1:20:29<1:36:52,  6.17s/it]
 79%|███████▊  | 3443/4384 [1:20:36<1:37:38,  6.23s/it]
 79%|███████▊  | 3444/4384 [1:20:42<1:38:22,  6.28s/it]
 79%|███████▊  | 3445/4384 [1:20:48<1:38:14,  6.28s/it]
 79%|███████▊  | 3446/4384 [1:20:55<1:39:14,  6.35s/it]
 79%|███████▊  | 3447/4384 [1:21:01<1:39:03,  6.34s/it]
 79%|███████▊  | 3448/4384 [1:21:08<1:39:51,  6.40s/it]
 79%|███████▊  | 3449/4384 [1:21:15<1:42:46,  6.60s/it]
 79%|███████▊  | 3450/4384 [1:21:22<1:45:40,  6.79s/it]
 79%|███████▊  | 3451/4384 [1:21:29<1:45:12,  6.77s/it]
 79%|███████▊  | 3452/4384 [1:21:35<1:45:03,  6.76s/it]
 79%|███████▉  | 3453/4384 [1:21:42<1:45:11,  6.78s/it]
 79%|███████▉  | 3454/4384 [1:21:49<1:45:49,  6.83s/it]
 79%|███████▉  | 3455/4384 [1:21:57<1:48:28,  7.01s/it]
 79%|███████▉  | 3456/4384 [1:22:04<1:48:22,  7.01s/it]
 79%|███████▉  | 3457/4384 [1:22:11<1:50:36,  7.16s/it]
 79%|███████▉  | 3458/4384 [1:22:18<1:47:57,  7.00s/it]
 79%|███████▉  | 3459/4384 [1:22:24<1:44:57,  6.81s/it]
 79%|███████▉  | 3460/4384 [1:22:32<1:48:18,  7.03s/it]
                                                       

 79%|███████▉  | 3460/4384 [1:22:32<1:48:18,  7.03s/it]
 79%|███████▉  | 3461/4384 [1:22:39<1:50:56,  7.21s/it]
 79%|███████▉  | 3462/4384 [1:22:47<1:50:50,  7.21s/it]
 79%|███████▉  | 3463/4384 [1:22:54<1:52:46,  7.35s/it]
 79%|███████▉  | 3464/4384 [1:23:01<1:52:11,  7.32s/it]
 79%|███████▉  | 3465/4384 [1:23:08<1:49:01,  7.12s/it]
 79%|███████▉  | 3466/4384 [1:23:15<1:48:03,  7.06s/it]
 79%|███████▉  | 3467/4384 [1:23:22<1:47:17,  7.02s/it]
 79%|███████▉  | 3468/4384 [1:23:29<1:46:19,  6.96s/it]
 79%|███████▉  | 3469/4384 [1:23:35<1:41:42,  6.67s/it]
 79%|███████▉  | 3470/4384 [1:23:41<1:37:48,  6.42s/it]
 79%|███████▉  | 3471/4384 [1:23:47<1:35:27,  6.27s/it]
 79%|███████▉  | 3472/4384 [1:23:53<1:35:14,  6.27s/it]
 79%|███████▉  | 3473/4384 [1:23:59<1:33:56,  6.19s/it]
 79%|███████▉  | 3474/4384 [1:24:05<1:33:48,  6.19s/it]
 79%|███████▉  | 3475/4384 [1:24:11<1:33:22,  6.16s/it]
 79%|███████▉  | 3476/4384 [1:24:17<1:32:59,  6.14s/it]
 79%|███████▉  | 3477/4384 [1:24:23<1:33:34,  6.19s/it]
 79%|███████▉  | 3478/4384 [1:24:30<1:36:11,  6.37s/it]
 79%|███████▉  | 3479/4384 [1:24:37<1:35:36,  6.34s/it]
 79%|███████▉  | 3480/4384 [1:24:43<1:36:24,  6.40s/it]
                                                       

 79%|███████▉  | 3480/4384 [1:24:43<1:36:24,  6.40s/it]
 79%|███████▉  | 3481/4384 [1:24:49<1:35:11,  6.33s/it]
 79%|███████▉  | 3482/4384 [1:24:55<1:33:59,  6.25s/it]
 79%|███████▉  | 3483/4384 [1:25:02<1:35:39,  6.37s/it]
 79%|███████▉  | 3484/4384 [1:25:09<1:37:42,  6.51s/it]
 79%|███████▉  | 3485/4384 [1:25:15<1:37:05,  6.48s/it]
 80%|███████▉  | 3486/4384 [1:25:23<1:40:43,  6.73s/it]
 80%|███████▉  | 3487/4384 [1:25:29<1:41:39,  6.80s/it]
 80%|███████▉  | 3488/4384 [1:25:37<1:43:32,  6.93s/it]
 80%|███████▉  | 3489/4384 [1:25:45<1:48:33,  7.28s/it]
 80%|███████▉  | 3490/4384 [1:25:51<1:43:51,  6.97s/it]
 80%|███████▉  | 3491/4384 [1:25:57<1:40:58,  6.78s/it]
 80%|███████▉  | 3492/4384 [1:26:03<1:36:43,  6.51s/it]
 80%|███████▉  | 3493/4384 [1:26:09<1:33:19,  6.28s/it]
 80%|███████▉  | 3494/4384 [1:26:15<1:32:52,  6.26s/it]
 80%|███████▉  | 3495/4384 [1:26:21<1:32:46,  6.26s/it]
 80%|███████▉  | 3496/4384 [1:26:27<1:31:00,  6.15s/it]
 80%|███████▉  | 3497/4384 [1:26:33<1:29:37,  6.06s/it]
 80%|███████▉  | 3498/4384 [1:26:40<1:32:57,  6.29s/it]
 80%|███████▉  | 3499/4384 [1:26:47<1:35:57,  6.51s/it]
 80%|███████▉  | 3500/4384 [1:26:54<1:37:14,  6.60s/it]
                                                       

 80%|███████▉  | 3500/4384 [1:26:54<1:37:14,  6.60s/it]
 80%|███████▉  | 3501/4384 [1:27:01<1:40:05,  6.80s/it]
 80%|███████▉  | 3502/4384 [1:27:08<1:40:48,  6.86s/it]
 80%|███████▉  | 3503/4384 [1:27:15<1:42:07,  6.96s/it]
 80%|███████▉  | 3504/4384 [1:27:23<1:43:19,  7.05s/it]
 80%|███████▉  | 3505/4384 [1:27:29<1:42:33,  7.00s/it]
 80%|███████▉  | 3506/4384 [1:27:36<1:39:23,  6.79s/it]
 80%|███████▉  | 3507/4384 [1:27:42<1:36:59,  6.64s/it]
 80%|████████  | 3508/4384 [1:27:49<1:36:41,  6.62s/it]
 80%|████████  | 3509/4384 [1:27:55<1:36:06,  6.59s/it]
 80%|████████  | 3510/4384 [1:28:01<1:33:43,  6.43s/it]
 80%|████████  | 3511/4384 [1:28:08<1:35:32,  6.57s/it]
 80%|████████  | 3512/4384 [1:28:14<1:34:05,  6.47s/it]
 80%|████████  | 3513/4384 [1:28:20<1:31:28,  6.30s/it]
 80%|████████  | 3514/4384 [1:28:26<1:30:52,  6.27s/it]
 80%|████████  | 3515/4384 [1:28:33<1:32:09,  6.36s/it]
 80%|████████  | 3516/4384 [1:28:39<1:31:05,  6.30s/it]
 80%|████████  | 3517/4384 [1:28:46<1:34:13,  6.52s/it]
 80%|████████  | 3518/4384 [1:28:53<1:35:10,  6.59s/it]
 80%|████████  | 3519/4384 [1:28:59<1:33:30,  6.49s/it]
 80%|████████  | 3520/4384 [1:29:06<1:33:51,  6.52s/it]
                                                       

 80%|████████  | 3520/4384 [1:29:06<1:33:51,  6.52s/it]
 80%|████████  | 3521/4384 [1:29:12<1:31:20,  6.35s/it]
 80%|████████  | 3522/4384 [1:29:18<1:29:38,  6.24s/it]
 80%|████████  | 3523/4384 [1:29:24<1:28:14,  6.15s/it]
 80%|████████  | 3524/4384 [1:29:30<1:27:10,  6.08s/it]
 80%|████████  | 3525/4384 [1:29:36<1:27:49,  6.13s/it]
 80%|████████  | 3526/4384 [1:29:42<1:29:06,  6.23s/it]
 80%|████████  | 3527/4384 [1:29:49<1:30:08,  6.31s/it]
 80%|████████  | 3528/4384 [1:29:55<1:28:44,  6.22s/it]
 80%|████████  | 3529/4384 [1:30:02<1:30:50,  6.37s/it]
 81%|████████  | 3530/4384 [1:30:08<1:30:54,  6.39s/it]
 81%|████████  | 3531/4384 [1:30:14<1:30:49,  6.39s/it]
 81%|████████  | 3532/4384 [1:30:21<1:32:23,  6.51s/it]
 81%|████████  | 3533/4384 [1:30:27<1:30:45,  6.40s/it]
 81%|████████  | 3534/4384 [1:30:34<1:30:19,  6.38s/it]
 81%|████████  | 3535/4384 [1:30:41<1:33:26,  6.60s/it]
 81%|████████  | 3536/4384 [1:30:48<1:34:36,  6.69s/it]
 81%|████████  | 3537/4384 [1:30:54<1:34:21,  6.68s/it]
 81%|████████  | 3538/4384 [1:31:01<1:34:48,  6.72s/it]
 81%|████████  | 3539/4384 [1:31:08<1:34:10,  6.69s/it]
 81%|████████  | 3540/4384 [1:31:15<1:34:46,  6.74s/it]
                                                       

 81%|████████  | 3540/4384 [1:31:15<1:34:46,  6.74s/it]
 81%|████████  | 3541/4384 [1:31:21<1:34:47,  6.75s/it]
 81%|████████  | 3542/4384 [1:31:28<1:34:28,  6.73s/it]
 81%|████████  | 3543/4384 [1:31:34<1:32:52,  6.63s/it]
 81%|████████  | 3544/4384 [1:31:41<1:32:33,  6.61s/it]
 81%|████████  | 3545/4384 [1:31:48<1:33:23,  6.68s/it]
 81%|████████  | 3546/4384 [1:31:54<1:32:31,  6.62s/it]
 81%|████████  | 3547/4384 [1:32:01<1:31:52,  6.59s/it]
 81%|████████  | 3548/4384 [1:32:08<1:32:47,  6.66s/it]
 81%|████████  | 3549/4384 [1:32:14<1:30:56,  6.53s/it]
 81%|████████  | 3550/4384 [1:32:20<1:30:39,  6.52s/it]
 81%|████████  | 3551/4384 [1:32:27<1:30:24,  6.51s/it]
 81%|████████  | 3552/4384 [1:32:35<1:38:48,  7.13s/it]
 81%|████████  | 3553/4384 [1:32:43<1:38:14,  7.09s/it]
 81%|████████  | 3554/4384 [1:32:49<1:35:25,  6.90s/it]
 81%|████████  | 3555/4384 [1:32:55<1:33:09,  6.74s/it]
 81%|████████  | 3556/4384 [1:33:01<1:30:18,  6.54s/it]
 81%|████████  | 3557/4384 [1:33:08<1:29:49,  6.52s/it]
 81%|████████  | 3558/4384 [1:33:14<1:28:12,  6.41s/it]
 81%|████████  | 3559/4384 [1:33:20<1:27:06,  6.33s/it]
 81%|████████  | 3560/4384 [1:33:27<1:27:38,  6.38s/it]
                                                       

 81%|████████  | 3560/4384 [1:33:27<1:27:38,  6.38s/it]
 81%|████████  | 3561/4384 [1:33:33<1:27:15,  6.36s/it]
 81%|████████▏ | 3562/4384 [1:33:39<1:27:29,  6.39s/it]
 81%|████████▏ | 3563/4384 [1:33:46<1:26:37,  6.33s/it]
 81%|████████▏ | 3564/4384 [1:33:51<1:23:57,  6.14s/it]
 81%|████████▏ | 3565/4384 [1:33:58<1:25:57,  6.30s/it]
 81%|████████▏ | 3566/4384 [1:34:04<1:25:51,  6.30s/it]
 81%|████████▏ | 3567/4384 [1:34:10<1:23:54,  6.16s/it]
 81%|████████▏ | 3568/4384 [1:34:16<1:22:13,  6.05s/it]
 81%|████████▏ | 3569/4384 [1:34:22<1:23:59,  6.18s/it]
 81%|████████▏ | 3570/4384 [1:34:29<1:24:30,  6.23s/it]
 81%|████████▏ | 3571/4384 [1:34:35<1:24:23,  6.23s/it]
 81%|████████▏ | 3572/4384 [1:34:42<1:26:43,  6.41s/it]
 82%|████████▏ | 3573/4384 [1:34:48<1:24:54,  6.28s/it]
 82%|████████▏ | 3574/4384 [1:34:54<1:23:30,  6.19s/it]
 82%|████████▏ | 3575/4384 [1:35:01<1:25:45,  6.36s/it]
 82%|████████▏ | 3576/4384 [1:35:07<1:25:51,  6.38s/it]
 82%|████████▏ | 3577/4384 [1:35:13<1:23:24,  6.20s/it]
 82%|████████▏ | 3578/4384 [1:35:19<1:22:49,  6.17s/it]
 82%|████████▏ | 3579/4384 [1:35:25<1:23:58,  6.26s/it]
 82%|████████▏ | 3580/4384 [1:35:31<1:22:04,  6.13s/it]
                                                       

 82%|████████▏ | 3580/4384 [1:35:31<1:22:04,  6.13s/it]
 82%|████████▏ | 3581/4384 [1:35:37<1:21:33,  6.09s/it]
 82%|████████▏ | 3582/4384 [1:35:44<1:22:48,  6.19s/it]
 82%|████████▏ | 3583/4384 [1:35:49<1:21:40,  6.12s/it]
 82%|████████▏ | 3584/4384 [1:35:55<1:20:34,  6.04s/it]
 82%|████████▏ | 3585/4384 [1:36:01<1:20:07,  6.02s/it]
 82%|████████▏ | 3586/4384 [1:36:07<1:19:01,  5.94s/it]
 82%|████████▏ | 3587/4384 [1:36:13<1:17:52,  5.86s/it]
 82%|████████▏ | 3588/4384 [1:36:19<1:20:50,  6.09s/it]
 82%|████████▏ | 3589/4384 [1:36:26<1:22:27,  6.22s/it]
 82%|████████▏ | 3590/4384 [1:36:32<1:20:50,  6.11s/it]
 82%|████████▏ | 3591/4384 [1:36:38<1:20:57,  6.13s/it]
 82%|████████▏ | 3592/4384 [1:36:44<1:19:27,  6.02s/it]
 82%|████████▏ | 3593/4384 [1:36:50<1:19:43,  6.05s/it]
 82%|████████▏ | 3594/4384 [1:36:56<1:19:11,  6.01s/it]
 82%|████████▏ | 3595/4384 [1:37:02<1:19:41,  6.06s/it]
 82%|████████▏ | 3596/4384 [1:37:08<1:18:38,  5.99s/it]
 82%|████████▏ | 3597/4384 [1:37:14<1:18:34,  5.99s/it]
 82%|████████▏ | 3598/4384 [1:37:20<1:18:12,  5.97s/it]
 82%|████████▏ | 3599/4384 [1:37:26<1:18:32,  6.00s/it]
 82%|████████▏ | 3600/4384 [1:37:32<1:18:06,  5.98s/it]
                                                       

 82%|████████▏ | 3600/4384 [1:37:32<1:18:06,  5.98s/it]
{'eval_loss': '1.945', 'eval_runtime': '106.4', 'eval_samples_per_second': '11.28', 'eval_steps_per_second': '5.64', 'eval_entropy': '1.741', 'eval_num_tokens': '6.121e+06', 'eval_mean_token_accuracy': '0.5983', 'epoch': '1.506'}
{'loss': '1.614', 'grad_norm': '1.504', 'learning_rate': '1.47e-05', 'entropy': '1.707', 'num_tokens': '6.325e+06', 'mean_token_accuracy': '0.6389', 'epoch': '1.515'}
{'loss': '1.621', 'grad_norm': '1.622', 'learning_rate': '1.418e-05', 'entropy': '1.723', 'num_tokens': '6.531e+06', 'mean_token_accuracy': '0.6367', 'epoch': '1.524'}
{'loss': '1.623', 'grad_norm': '1.729', 'learning_rate': '1.367e-05', 'entropy': '1.734', 'num_tokens': '6.737e+06', 'mean_token_accuracy': '0.6367', 'epoch': '1.533'}
{'loss': '1.617', 'grad_norm': '1.473', 'learning_rate': '1.316e-05', 'entropy': '1.718', 'num_tokens': '6.938e+06', 'mean_token_accuracy': '0.6358', 'epoch': '1.542'}
{'loss': '1.59', 'grad_norm': '1.628', 'learning_rate': '1.267e-05', 'entropy': '1.705', 'num_tokens': '7.143e+06', 'mean_token_accuracy': '0.6423', 'epoch': '1.551'}
{'loss': '1.556', 'grad_norm': '1.437', 'learning_rate': '1.218e-05', 'entropy': '1.666', 'num_tokens': '7.346e+06', 'mean_token_accuracy': '0.647', 'epoch': '1.56'}
{'loss': '1.606', 'grad_norm': '1.569', 'learning_rate': '1.17e-05', 'entropy': '1.718', 'num_tokens': '7.552e+06', 'mean_token_accuracy': '0.6397', 'epoch': '1.57'}
{'loss': '1.597', 'grad_norm': '1.524', 'learning_rate': '1.123e-05', 'entropy': '1.693', 'num_tokens': '7.758e+06', 'mean_token_accuracy': '0.6409', 'epoch': '1.579'}
{'loss': '1.575', 'grad_norm': '1.589', 'learning_rate': '1.077e-05', 'entropy': '1.688', 'num_tokens': '7.96e+06', 'mean_token_accuracy': '0.6423', 'epoch': '1.588'}
{'loss': '1.551', 'grad_norm': '1.708', 'learning_rate': '1.031e-05', 'entropy': '1.668', 'num_tokens': '8.169e+06', 'mean_token_accuracy': '0.6491', 'epoch': '1.597'}
{'loss': '1.597', 'grad_norm': '1.608', 'learning_rate': '9.869e-06', 'entropy': '1.697', 'num_tokens': '8.373e+06', 'mean_token_accuracy': '0.6381', 'epoch': '1.606'}
{'loss': '1.513', 'grad_norm': '1.783', 'learning_rate': '9.432e-06', 'entropy': '1.614', 'num_tokens': '8.578e+06', 'mean_token_accuracy': '0.6574', 'epoch': '1.615'}
{'loss': '1.601', 'grad_norm': '3.052', 'learning_rate': '9.005e-06', 'entropy': '1.686', 'num_tokens': '8.783e+06', 'mean_token_accuracy': '0.6406', 'epoch': '1.624'}
{'loss': '1.559', 'grad_norm': '1.657', 'learning_rate': '8.586e-06', 'entropy': '1.673', 'num_tokens': '8.989e+06', 'mean_token_accuracy': '0.6464', 'epoch': '1.633'}
{'loss': '1.582', 'grad_norm': '1.602', 'learning_rate': '8.177e-06', 'entropy': '1.704', 'num_tokens': '9.193e+06', 'mean_token_accuracy': '0.6421', 'epoch': '1.643'}

  0%|          | 0/600 [00:00<?, ?it/s][A

  0%|          | 2/600 [00:00<00:48, 12.22it/s][A

  1%|          | 4/600 [00:00<01:15,  7.92it/s][A

  1%|          | 5/600 [00:00<01:22,  7.21it/s][A

  1%|          | 6/600 [00:00<01:25,  6.92it/s][A

  1%|          | 7/600 [00:00<01:29,  6.65it/s][A

  1%|▏         | 8/600 [00:01<01:32,  6.38it/s][A

  2%|▏         | 9/600 [00:01<01:33,  6.29it/s][A

  2%|▏         | 10/600 [00:01<01:36,  6.15it/s][A

  2%|▏         | 11/600 [00:01<01:41,  5.80it/s][A

  2%|▏         | 12/600 [00:01<01:42,  5.72it/s][A

  2%|▏         | 13/600 [00:02<01:39,  5.89it/s][A

  2%|▏         | 14/600 [00:02<01:42,  5.70it/s][A

  2%|▎         | 15/600 [00:02<01:39,  5.89it/s][A

  3%|▎         | 16/600 [00:02<01:41,  5.78it/s][A

  3%|▎         | 17/600 [00:02<01:40,  5.77it/s][A

  3%|▎         | 18/600 [00:02<01:40,  5.79it/s][A

  3%|▎         | 19/600 [00:03<01:40,  5.80it/s][A

  3%|▎         | 20/600 [00:03<01:37,  5.96it/s][A

  4%|▎         | 21/600 [00:03<01:36,  6.01it/s][A

  4%|▎         | 22/600 [00:03<01:35,  6.05it/s][A

  4%|▍         | 23/600 [00:03<01:33,  6.14it/s][A

  4%|▍         | 24/600 [00:03<01:31,  6.29it/s][A

  4%|▍         | 25/600 [00:03<01:31,  6.32it/s][A

  4%|▍         | 26/600 [00:04<01:36,  5.98it/s][A

  4%|▍         | 27/600 [00:04<01:35,  6.03it/s][A

  5%|▍         | 28/600 [00:04<01:34,  6.05it/s][A

  5%|▍         | 29/600 [00:04<01:35,  6.01it/s][A

  5%|▌         | 30/600 [00:04<01:30,  6.30it/s][A

  5%|▌         | 31/600 [00:04<01:33,  6.11it/s][A

  5%|▌         | 32/600 [00:05<01:36,  5.87it/s][A

  6%|▌         | 33/600 [00:05<01:36,  5.88it/s][A

  6%|▌         | 34/600 [00:05<01:36,  5.89it/s][A

  6%|▌         | 35/600 [00:05<01:34,  5.99it/s][A

  6%|▌         | 36/600 [00:05<01:31,  6.18it/s][A

  6%|▌         | 37/600 [00:05<01:30,  6.23it/s][A

  6%|▋         | 38/600 [00:06<01:29,  6.25it/s][A

  6%|▋         | 39/600 [00:06<01:31,  6.14it/s][A

  7%|▋         | 40/600 [00:06<01:30,  6.22it/s][A

  7%|▋         | 41/600 [00:06<01:28,  6.35it/s][A

  7%|▋         | 42/600 [00:06<01:28,  6.34it/s][A

  7%|▋         | 43/600 [00:06<01:26,  6.45it/s][A

  7%|▋         | 44/600 [00:07<01:24,  6.55it/s][A

  8%|▊         | 45/600 [00:07<01:26,  6.43it/s][A

  8%|▊         | 46/600 [00:07<01:25,  6.48it/s][A

  8%|▊         | 47/600 [00:07<01:27,  6.35it/s][A

  8%|▊         | 48/600 [00:07<01:27,  6.30it/s][A

  8%|▊         | 49/600 [00:07<01:24,  6.49it/s][A

  8%|▊         | 50/600 [00:08<01:24,  6.53it/s][A

  8%|▊         | 51/600 [00:08<01:23,  6.60it/s][A

  9%|▊         | 52/600 [00:08<01:22,  6.63it/s][A

  9%|▉         | 53/600 [00:08<01:25,  6.36it/s][A

  9%|▉         | 54/600 [00:08<01:26,  6.32it/s][A

  9%|▉         | 55/600 [00:08<01:25,  6.38it/s][A

  9%|▉         | 56/600 [00:08<01:27,  6.22it/s][A

 10%|▉         | 57/600 [00:09<01:24,  6.43it/s][A

 10%|▉         | 58/600 [00:09<01:22,  6.57it/s][A

 10%|▉         | 59/600 [00:09<01:22,  6.56it/s][A

 10%|█         | 60/600 [00:09<01:22,  6.56it/s][A

 10%|█         | 61/600 [00:09<01:22,  6.56it/s][A

 10%|█         | 62/600 [00:09<01:22,  6.51it/s][A

 10%|█         | 63/600 [00:10<01:22,  6.47it/s][A

 11%|█         | 64/600 [00:10<01:21,  6.58it/s][A

 11%|█         | 65/600 [00:10<01:24,  6.31it/s][A

 11%|█         | 66/600 [00:10<01:24,  6.35it/s][A

 11%|█         | 67/600 [00:10<01:24,  6.28it/s][A

 11%|█▏        | 68/600 [00:10<01:23,  6.39it/s][A

 12%|█▏        | 69/600 [00:10<01:22,  6.46it/s][A

 12%|█▏        | 70/600 [00:11<01:24,  6.29it/s][A

 12%|█▏        | 71/600 [00:11<01:22,  6.41it/s][A

 12%|█▏        | 72/600 [00:11<01:25,  6.19it/s][A

 12%|█▏        | 73/600 [00:11<01:24,  6.25it/s][A

 12%|█▏        | 74/600 [00:11<01:25,  6.13it/s][A

 12%|█▎        | 75/600 [00:11<01:29,  5.86it/s][A

 13%|█▎        | 76/600 [00:12<01:34,  5.52it/s][A

 13%|█▎        | 77/600 [00:12<01:35,  5.49it/s][A

 13%|█▎        | 78/600 [00:12<01:38,  5.29it/s][A

 13%|█▎        | 79/600 [00:12<01:37,  5.36it/s][A

 13%|█▎        | 80/600 [00:12<01:38,  5.28it/s][A

 14%|█▎        | 81/600 [00:13<01:39,  5.23it/s][A

 14%|█▎        | 82/600 [00:13<01:36,  5.38it/s][A

 14%|█▍        | 83/600 [00:13<01:35,  5.42it/s][A

 14%|█▍        | 84/600 [00:13<01:37,  5.30it/s][A

 14%|█▍        | 85/600 [00:13<01:42,  5.04it/s][A

 14%|█▍        | 86/600 [00:14<01:40,  5.09it/s][A

 14%|█▍        | 87/600 [00:14<01:37,  5.24it/s][A

 15%|█▍        | 88/600 [00:14<01:31,  5.59it/s][A

 15%|█▍        | 89/600 [00:14<01:37,  5.22it/s][A

 15%|█▌        | 90/600 [00:14<01:39,  5.15it/s][A

 15%|█▌        | 91/600 [00:15<01:42,  4.95it/s][A

 15%|█▌        | 92/600 [00:15<01:37,  5.21it/s][A

 16%|█▌        | 93/600 [00:15<01:40,  5.04it/s][A

 16%|█▌        | 94/600 [00:15<01:41,  4.97it/s][A

 16%|█▌        | 95/600 [00:15<01:36,  5.21it/s][A

 16%|█▌        | 96/600 [00:16<01:36,  5.24it/s][A

 16%|█▌        | 97/600 [00:16<01:32,  5.44it/s][A

 16%|█▋        | 98/600 [00:16<01:29,  5.60it/s][A

 16%|█▋        | 99/600 [00:16<01:30,  5.53it/s][A

 17%|█▋        | 100/600 [00:16<01:29,  5.57it/s][A

 17%|█▋        | 101/600 [00:16<01:34,  5.27it/s][A

 17%|█▋        | 102/600 [00:17<01:33,  5.33it/s][A

 17%|█▋        | 103/600 [00:17<01:32,  5.38it/s][A

 17%|█▋        | 104/600 [00:17<01:33,  5.29it/s][A

 18%|█▊        | 105/600 [00:17<01:35,  5.19it/s][A

 18%|█▊        | 106/600 [00:17<01:34,  5.25it/s][A

 18%|█▊        | 107/600 [00:18<01:29,  5.52it/s][A

 18%|█▊        | 108/600 [00:18<01:24,  5.80it/s][A

 18%|█▊        | 109/600 [00:18<01:24,  5.80it/s][A

 18%|█▊        | 110/600 [00:18<01:23,  5.86it/s][A

 18%|█▊        | 111/600 [00:18<01:26,  5.68it/s][A

 19%|█▊        | 112/600 [00:18<01:22,  5.91it/s][A

 19%|█▉        | 113/600 [00:19<01:20,  6.04it/s][A

 19%|█▉        | 114/600 [00:19<01:18,  6.22it/s][A

 19%|█▉        | 115/600 [00:19<01:17,  6.25it/s][A

 19%|█▉        | 116/600 [00:19<01:19,  6.07it/s][A

 20%|█▉        | 117/600 [00:19<01:19,  6.07it/s][A

 20%|█▉        | 118/600 [00:19<01:19,  6.09it/s][A

 20%|█▉        | 119/600 [00:19<01:17,  6.23it/s][A

 20%|██        | 120/600 [00:20<01:19,  6.05it/s][A

 20%|██        | 121/600 [00:20<01:20,  5.95it/s][A

 20%|██        | 122/600 [00:20<01:22,  5.80it/s][A

 20%|██        | 123/600 [00:20<01:21,  5.82it/s][A

 21%|██        | 124/600 [00:20<01:23,  5.70it/s][A

 21%|██        | 125/600 [00:21<01:21,  5.82it/s][A

 21%|██        | 126/600 [00:21<01:20,  5.91it/s][A

 21%|██        | 127/600 [00:21<01:19,  5.98it/s][A

 21%|██▏       | 128/600 [00:21<01:18,  6.03it/s][A

 22%|██▏       | 129/600 [00:21<01:19,  5.96it/s][A

 22%|██▏       | 130/600 [00:21<01:18,  5.98it/s][A

 22%|██▏       | 131/600 [00:22<01:19,  5.87it/s][A

 22%|██▏       | 132/600 [00:22<01:18,  5.95it/s][A

 22%|██▏       | 133/600 [00:22<01:16,  6.08it/s][A

 22%|██▏       | 134/600 [00:22<01:20,  5.76it/s][A

 22%|██▎       | 135/600 [00:22<01:24,  5.48it/s][A

 23%|██▎       | 136/600 [00:22<01:22,  5.66it/s][A

 23%|██▎       | 137/600 [00:23<01:20,  5.74it/s][A

 23%|██▎       | 138/600 [00:23<01:17,  5.99it/s][A

 23%|██▎       | 139/600 [00:23<01:15,  6.08it/s][A

 23%|██▎       | 140/600 [00:23<01:22,  5.60it/s][A

 24%|██▎       | 141/600 [00:23<01:21,  5.62it/s][A

 24%|██▎       | 142/600 [00:23<01:18,  5.85it/s][A

 24%|██▍       | 143/600 [00:24<01:16,  5.94it/s][A

 24%|██▍       | 144/600 [00:24<01:18,  5.82it/s][A

 24%|██▍       | 145/600 [00:24<01:19,  5.75it/s][A

 24%|██▍       | 146/600 [00:24<01:15,  5.98it/s][A

 24%|██▍       | 147/600 [00:24<01:13,  6.20it/s][A

 25%|██▍       | 148/600 [00:24<01:13,  6.13it/s][A

 25%|██▍       | 149/600 [00:25<01:13,  6.17it/s][A

 25%|██▌       | 150/600 [00:25<01:13,  6.15it/s][A

 25%|██▌       | 151/600 [00:25<01:13,  6.13it/s][A

 25%|██▌       | 152/600 [00:25<01:18,  5.73it/s][A

 26%|██▌       | 153/600 [00:25<01:18,  5.73it/s][A

 26%|██▌       | 154/600 [00:25<01:16,  5.81it/s][A

 26%|██▌       | 155/600 [00:26<01:12,  6.14it/s][A

 26%|██▌       | 156/600 [00:26<01:11,  6.20it/s][A

 26%|██▌       | 157/600 [00:26<01:10,  6.31it/s][A

 26%|██▋       | 158/600 [00:26<01:09,  6.40it/s][A

 26%|██▋       | 159/600 [00:26<01:12,  6.07it/s][A

 27%|██▋       | 160/600 [00:26<01:11,  6.17it/s][A

 27%|██▋       | 161/600 [00:27<01:12,  6.05it/s][A

 27%|██▋       | 162/600 [00:27<01:15,  5.80it/s][A

 27%|██▋       | 163/600 [00:27<01:11,  6.08it/s][A

 27%|██▋       | 164/600 [00:27<01:10,  6.18it/s][A

 28%|██▊       | 165/600 [00:27<01:13,  5.95it/s][A

 28%|██▊       | 166/600 [00:27<01:11,  6.04it/s][A

 28%|██▊       | 167/600 [00:28<01:09,  6.19it/s][A

 28%|██▊       | 168/600 [00:28<01:07,  6.36it/s][A

 28%|██▊       | 169/600 [00:28<01:06,  6.44it/s][A

 28%|██▊       | 170/600 [00:28<01:06,  6.47it/s][A

 28%|██▊       | 171/600 [00:28<01:08,  6.30it/s][A

 29%|██▊       | 172/600 [00:28<01:11,  5.99it/s][A

 29%|██▉       | 173/600 [00:29<01:10,  6.05it/s][A

 29%|██▉       | 174/600 [00:29<01:07,  6.28it/s][A

 29%|██▉       | 175/600 [00:29<01:05,  6.45it/s][A

 29%|██▉       | 176/600 [00:29<01:05,  6.49it/s][A

 30%|██▉       | 177/600 [00:29<01:04,  6.55it/s][A

 30%|██▉       | 178/600 [00:29<01:04,  6.54it/s][A

 30%|██▉       | 179/600 [00:29<01:06,  6.37it/s][A

 30%|███       | 180/600 [00:30<01:07,  6.19it/s][A

 30%|███       | 181/600 [00:30<01:07,  6.16it/s][A

 30%|███       | 182/600 [00:30<01:05,  6.35it/s][A

 30%|███       | 183/600 [00:30<01:05,  6.38it/s][A

 31%|███       | 184/600 [00:30<01:05,  6.38it/s][A

 31%|███       | 185/600 [00:30<01:04,  6.43it/s][A

 31%|███       | 186/600 [00:31<01:03,  6.48it/s][A

 31%|███       | 187/600 [00:31<01:03,  6.49it/s][A

 31%|███▏      | 188/600 [00:31<01:04,  6.40it/s][A

 32%|███▏      | 189/600 [00:31<01:03,  6.43it/s][A

 32%|███▏      | 190/600 [00:31<01:05,  6.23it/s][A

 32%|███▏      | 191/600 [00:31<01:06,  6.14it/s][A

 32%|███▏      | 192/600 [00:32<01:05,  6.25it/s][A

 32%|███▏      | 193/600 [00:32<01:04,  6.29it/s][A

 32%|███▏      | 194/600 [00:32<01:03,  6.35it/s][A

 32%|███▎      | 195/600 [00:32<01:03,  6.35it/s][A

 33%|███▎      | 196/600 [00:32<01:03,  6.37it/s][A

 33%|███▎      | 197/600 [00:32<01:03,  6.34it/s][A

 33%|███▎      | 198/600 [00:32<01:05,  6.16it/s][A

 33%|███▎      | 199/600 [00:33<01:02,  6.37it/s][A

 33%|███▎      | 200/600 [00:33<01:01,  6.55it/s][A

 34%|███▎      | 201/600 [00:33<01:05,  6.14it/s][A

 34%|███▎      | 202/600 [00:33<01:05,  6.04it/s][A

 34%|███▍      | 203/600 [00:33<01:05,  6.02it/s][A

 34%|███▍      | 204/600 [00:33<01:06,  5.97it/s][A

 34%|███▍      | 205/600 [00:34<01:16,  5.18it/s][A

 34%|███▍      | 206/600 [00:34<01:14,  5.30it/s][A

 34%|███▍      | 207/600 [00:34<01:14,  5.24it/s][A

 35%|███▍      | 208/600 [00:34<01:17,  5.05it/s][A

 35%|███▍      | 209/600 [00:34<01:18,  5.01it/s][A

 35%|███▌      | 210/600 [00:35<01:15,  5.13it/s][A

 35%|███▌      | 211/600 [00:35<01:12,  5.36it/s][A

 35%|███▌      | 212/600 [00:35<01:10,  5.51it/s][A

 36%|███▌      | 213/600 [00:35<01:10,  5.52it/s][A

 36%|███▌      | 214/600 [00:35<01:14,  5.19it/s][A

 36%|███▌      | 215/600 [00:36<01:12,  5.30it/s][A

 36%|███▌      | 216/600 [00:36<01:07,  5.65it/s][A

 36%|███▌      | 217/600 [00:36<01:10,  5.42it/s][A

 36%|███▋      | 218/600 [00:36<01:15,  5.09it/s][A

 36%|███▋      | 219/600 [00:36<01:14,  5.14it/s][A

 37%|███▋      | 220/600 [00:37<01:14,  5.13it/s][A

 37%|███▋      | 221/600 [00:37<01:16,  4.97it/s][A

 37%|███▋      | 222/600 [00:37<01:19,  4.76it/s][A

 37%|███▋      | 223/600 [00:37<01:19,  4.76it/s][A

 37%|███▋      | 224/600 [00:37<01:19,  4.74it/s][A

 38%|███▊      | 225/600 [00:38<01:19,  4.73it/s][A

 38%|███▊      | 226/600 [00:38<01:14,  5.05it/s][A

 38%|███▊      | 227/600 [00:38<01:10,  5.31it/s][A

 38%|███▊      | 228/600 [00:38<01:12,  5.13it/s][A

 38%|███▊      | 229/600 [00:38<01:11,  5.19it/s][A

 38%|███▊      | 230/600 [00:39<01:09,  5.35it/s][A

 38%|███▊      | 231/600 [00:39<01:07,  5.50it/s][A

 39%|███▊      | 232/600 [00:39<01:11,  5.15it/s][A

 39%|███▉      | 233/600 [00:39<01:08,  5.36it/s][A

 39%|███▉      | 234/600 [00:39<01:07,  5.46it/s][A

 39%|███▉      | 235/600 [00:39<01:07,  5.42it/s][A

 39%|███▉      | 236/600 [00:40<01:04,  5.64it/s][A

 40%|███▉      | 237/600 [00:40<01:02,  5.81it/s][A

 40%|███▉      | 238/600 [00:40<01:00,  6.01it/s][A

 40%|███▉      | 239/600 [00:40<01:01,  5.91it/s][A

 40%|████      | 240/600 [00:40<01:00,  5.98it/s][A

 40%|████      | 241/600 [00:40<00:59,  5.99it/s][A

 40%|████      | 242/600 [00:41<01:00,  5.90it/s][A

 40%|████      | 243/600 [00:41<00:58,  6.09it/s][A

 41%|████      | 244/600 [00:41<00:56,  6.25it/s][A

 41%|████      | 245/600 [00:41<00:57,  6.17it/s][A

 41%|████      | 246/600 [00:41<00:57,  6.15it/s][A

 41%|████      | 247/600 [00:41<00:58,  6.03it/s][A

 41%|████▏     | 248/600 [00:42<00:59,  5.92it/s][A

 42%|████▏     | 249/600 [00:42<00:59,  5.93it/s][A

 42%|████▏     | 250/600 [00:42<00:59,  5.87it/s][A

 42%|████▏     | 251/600 [00:42<01:00,  5.81it/s][A

 42%|████▏     | 252/600 [00:42<00:58,  5.92it/s][A

 42%|████▏     | 253/600 [00:42<00:59,  5.83it/s][A

 42%|████▏     | 254/600 [00:43<00:58,  5.91it/s][A

 42%|████▎     | 255/600 [00:43<00:58,  5.92it/s][A

 43%|████▎     | 256/600 [00:43<00:59,  5.77it/s][A

 43%|████▎     | 257/600 [00:43<00:58,  5.86it/s][A

 43%|████▎     | 258/600 [00:43<00:58,  5.89it/s][A

 43%|████▎     | 259/600 [00:43<00:57,  5.88it/s][A

 43%|████▎     | 260/600 [00:44<00:56,  5.98it/s][A

 44%|████▎     | 261/600 [00:44<00:56,  6.03it/s][A

 44%|████▎     | 262/600 [00:44<00:56,  5.99it/s][A

 44%|████▍     | 263/600 [00:44<00:56,  6.00it/s][A

 44%|████▍     | 264/600 [00:44<00:56,  5.91it/s][A

 44%|████▍     | 265/600 [00:44<00:57,  5.80it/s][A

 44%|████▍     | 266/600 [00:45<00:57,  5.83it/s][A

 44%|████▍     | 267/600 [00:45<00:55,  5.99it/s][A

 45%|████▍     | 268/600 [00:45<00:53,  6.21it/s][A

 45%|████▍     | 269/600 [00:45<00:52,  6.32it/s][A

 45%|████▌     | 270/600 [00:45<00:51,  6.35it/s][A

 45%|████▌     | 271/600 [00:45<00:54,  6.02it/s][A

 45%|████▌     | 272/600 [00:46<00:56,  5.85it/s][A

 46%|████▌     | 273/600 [00:46<00:55,  5.85it/s][A

 46%|████▌     | 274/600 [00:46<00:53,  6.04it/s][A

 46%|████▌     | 275/600 [00:46<00:52,  6.23it/s][A

 46%|████▌     | 276/600 [00:46<00:54,  5.99it/s][A

 46%|████▌     | 277/600 [00:46<00:54,  5.95it/s][A

 46%|████▋     | 278/600 [00:47<00:53,  6.04it/s][A

 46%|████▋     | 279/600 [00:47<00:51,  6.25it/s][A

 47%|████▋     | 280/600 [00:47<00:50,  6.34it/s][A

 47%|████▋     | 281/600 [00:47<00:51,  6.19it/s][A

 47%|████▋     | 282/600 [00:47<00:53,  5.92it/s][A

 47%|████▋     | 283/600 [00:47<00:54,  5.80it/s][A

 47%|████▋     | 284/600 [00:48<00:56,  5.62it/s][A

 48%|████▊     | 285/600 [00:48<00:55,  5.71it/s][A

 48%|████▊     | 286/600 [00:48<00:54,  5.80it/s][A

 48%|████▊     | 287/600 [00:48<00:52,  6.02it/s][A

 48%|████▊     | 288/600 [00:48<00:52,  5.90it/s][A

 48%|████▊     | 289/600 [00:48<00:50,  6.14it/s][A

 48%|████▊     | 290/600 [00:49<00:49,  6.26it/s][A

 48%|████▊     | 291/600 [00:49<00:47,  6.45it/s][A

 49%|████▊     | 292/600 [00:49<00:46,  6.56it/s][A

 49%|████▉     | 293/600 [00:49<00:46,  6.56it/s][A

 49%|████▉     | 294/600 [00:49<00:47,  6.42it/s][A

 49%|████▉     | 295/600 [00:49<00:49,  6.16it/s][A

 49%|████▉     | 296/600 [00:50<00:49,  6.19it/s][A

 50%|████▉     | 297/600 [00:50<00:48,  6.27it/s][A

 50%|████▉     | 298/600 [00:50<00:46,  6.43it/s][A

 50%|████▉     | 299/600 [00:50<00:46,  6.42it/s][A

 50%|█████     | 300/600 [00:50<00:46,  6.40it/s][A

 50%|█████     | 301/600 [00:50<00:46,  6.40it/s][A

 50%|█████     | 302/600 [00:51<00:48,  6.20it/s][A

 50%|█████     | 303/600 [00:51<00:47,  6.21it/s][A

 51%|█████     | 304/600 [00:51<00:46,  6.31it/s][A

 51%|█████     | 305/600 [00:51<00:47,  6.26it/s][A

 51%|█████     | 306/600 [00:51<00:46,  6.28it/s][A

 51%|█████     | 307/600 [00:51<00:46,  6.30it/s][A

 51%|█████▏    | 308/600 [00:51<00:46,  6.23it/s][A

 52%|█████▏    | 309/600 [00:52<00:45,  6.34it/s][A

 52%|█████▏    | 310/600 [00:52<00:45,  6.37it/s][A

 52%|█████▏    | 311/600 [00:52<00:44,  6.48it/s][A

 52%|█████▏    | 312/600 [00:52<00:43,  6.57it/s][A

 52%|█████▏    | 313/600 [00:52<00:43,  6.56it/s][A

 52%|█████▏    | 314/600 [00:52<00:43,  6.54it/s][A

 52%|█████▎    | 315/600 [00:53<00:44,  6.43it/s][A

 53%|█████▎    | 316/600 [00:53<00:45,  6.27it/s][A

 53%|█████▎    | 317/600 [00:53<00:45,  6.17it/s][A

 53%|█████▎    | 318/600 [00:53<00:46,  6.03it/s][A

 53%|█████▎    | 319/600 [00:53<00:45,  6.20it/s][A

 53%|█████▎    | 320/600 [00:53<00:45,  6.21it/s][A

 54%|█████▎    | 321/600 [00:54<00:44,  6.28it/s][A

 54%|█████▎    | 322/600 [00:54<00:43,  6.34it/s][A

 54%|█████▍    | 323/600 [00:54<00:45,  6.13it/s][A

 54%|█████▍    | 324/600 [00:54<00:44,  6.16it/s][A

 54%|█████▍    | 325/600 [00:54<00:44,  6.12it/s][A

 54%|█████▍    | 326/600 [00:54<00:43,  6.33it/s][A

 55%|█████▍    | 327/600 [00:54<00:43,  6.29it/s][A

 55%|█████▍    | 328/600 [00:55<00:46,  5.90it/s][A

 55%|█████▍    | 329/600 [00:55<00:48,  5.56it/s][A

 55%|█████▌    | 330/600 [00:55<00:50,  5.37it/s][A

 55%|█████▌    | 331/600 [00:55<00:49,  5.42it/s][A

 55%|█████▌    | 332/600 [00:55<00:51,  5.21it/s][A

 56%|█████▌    | 333/600 [00:56<00:49,  5.35it/s][A

 56%|█████▌    | 334/600 [00:56<00:50,  5.29it/s][A

 56%|█████▌    | 335/600 [00:56<00:52,  5.07it/s][A

 56%|█████▌    | 336/600 [00:56<00:51,  5.13it/s][A

 56%|█████▌    | 337/600 [00:56<00:53,  4.93it/s][A

 56%|█████▋    | 338/600 [00:57<00:53,  4.91it/s][A

 56%|█████▋    | 339/600 [00:57<00:52,  4.93it/s][A

 57%|█████▋    | 340/600 [00:57<00:50,  5.12it/s][A

 57%|█████▋    | 341/600 [00:57<00:50,  5.13it/s][A

 57%|█████▋    | 342/600 [00:57<00:49,  5.17it/s][A

 57%|█████▋    | 343/600 [00:58<00:51,  5.01it/s][A

 57%|█████▋    | 344/600 [00:58<00:52,  4.90it/s][A

 57%|█████▊    | 345/600 [00:58<00:50,  5.07it/s][A

 58%|█████▊    | 346/600 [00:58<00:47,  5.34it/s][A

 58%|█████▊    | 347/600 [00:58<00:47,  5.30it/s][A

 58%|█████▊    | 348/600 [00:59<00:45,  5.52it/s][A

 58%|█████▊    | 349/600 [00:59<00:46,  5.36it/s][A

 58%|█████▊    | 350/600 [00:59<00:48,  5.17it/s][A

 58%|█████▊    | 351/600 [00:59<00:47,  5.25it/s][A

 59%|█████▊    | 352/600 [00:59<00:45,  5.40it/s][A

 59%|█████▉    | 353/600 [01:00<00:47,  5.23it/s][A

 59%|█████▉    | 354/600 [01:00<00:45,  5.42it/s][A

 59%|█████▉    | 355/600 [01:00<00:47,  5.12it/s][A

 59%|█████▉    | 356/600 [01:00<00:47,  5.18it/s][A

 60%|█████▉    | 357/600 [01:00<00:46,  5.24it/s][A

 60%|█████▉    | 358/600 [01:00<00:45,  5.36it/s][A

 60%|█████▉    | 359/600 [01:01<00:43,  5.54it/s][A

 60%|██████    | 360/600 [01:01<00:42,  5.71it/s][A

 60%|██████    | 361/600 [01:01<00:40,  5.83it/s][A

 60%|██████    | 362/600 [01:01<00:41,  5.72it/s][A

 60%|██████    | 363/600 [01:01<00:40,  5.87it/s][A

 61%|██████    | 364/600 [01:01<00:40,  5.81it/s][A

 61%|██████    | 365/600 [01:02<00:40,  5.87it/s][A

 61%|██████    | 366/600 [01:02<00:39,  5.86it/s][A

 61%|██████    | 367/600 [01:02<00:39,  5.86it/s][A

 61%|██████▏   | 368/600 [01:02<00:39,  5.88it/s][A

 62%|██████▏   | 369/600 [01:02<00:39,  5.92it/s][A

 62%|██████▏   | 370/600 [01:02<00:38,  5.94it/s][A

 62%|██████▏   | 371/600 [01:03<00:37,  6.05it/s][A

 62%|██████▏   | 372/600 [01:03<00:37,  6.05it/s][A

 62%|██████▏   | 373/600 [01:03<00:37,  6.09it/s][A

 62%|██████▏   | 374/600 [01:03<00:37,  6.07it/s][A

 62%|██████▎   | 375/600 [01:03<00:38,  5.90it/s][A

 63%|██████▎   | 376/600 [01:03<00:37,  5.94it/s][A

 63%|██████▎   | 377/600 [01:04<00:37,  5.91it/s][A

 63%|██████▎   | 378/600 [01:04<00:37,  5.96it/s][A

 63%|██████▎   | 379/600 [01:04<00:36,  5.98it/s][A

 63%|██████▎   | 380/600 [01:04<00:36,  6.08it/s][A

 64%|██████▎   | 381/600 [01:04<00:35,  6.12it/s][A

 64%|██████▎   | 382/600 [01:04<00:35,  6.13it/s][A

 64%|██████▍   | 383/600 [01:05<00:37,  5.83it/s][A

 64%|██████▍   | 384/600 [01:05<00:36,  5.86it/s][A

 64%|██████▍   | 385/600 [01:05<00:35,  6.01it/s][A

 64%|██████▍   | 386/600 [01:05<00:34,  6.15it/s][A

 64%|██████▍   | 387/600 [01:05<00:34,  6.11it/s][A

 65%|██████▍   | 388/600 [01:05<00:35,  5.99it/s][A

 65%|██████▍   | 389/600 [01:06<00:34,  6.09it/s][A

 65%|██████▌   | 390/600 [01:06<00:34,  6.14it/s][A

 65%|██████▌   | 391/600 [01:06<00:34,  6.02it/s][A

 65%|██████▌   | 392/600 [01:06<00:34,  6.01it/s][A

 66%|██████▌   | 393/600 [01:06<00:34,  6.07it/s][A

 66%|██████▌   | 394/600 [01:06<00:34,  6.01it/s][A

 66%|██████▌   | 395/600 [01:07<00:32,  6.22it/s][A

 66%|██████▌   | 396/600 [01:07<00:32,  6.30it/s][A

 66%|██████▌   | 397/600 [01:07<00:32,  6.22it/s][A

 66%|██████▋   | 398/600 [01:07<00:31,  6.33it/s][A

 66%|██████▋   | 399/600 [01:07<00:30,  6.50it/s][A

 67%|██████▋   | 400/600 [01:07<00:32,  6.24it/s][A

 67%|██████▋   | 401/600 [01:08<00:31,  6.27it/s][A

 67%|██████▋   | 402/600 [01:08<00:32,  6.09it/s][A

 67%|██████▋   | 403/600 [01:08<00:32,  6.10it/s][A

 67%|██████▋   | 404/600 [01:08<00:31,  6.15it/s][A

 68%|██████▊   | 405/600 [01:08<00:31,  6.26it/s][A

 68%|██████▊   | 406/600 [01:08<00:30,  6.35it/s][A

 68%|██████▊   | 407/600 [01:09<00:29,  6.45it/s][A

 68%|██████▊   | 408/600 [01:09<00:29,  6.61it/s][A

 68%|██████▊   | 409/600 [01:09<00:29,  6.44it/s][A

 68%|██████▊   | 410/600 [01:09<00:29,  6.42it/s][A

 68%|██████▊   | 411/600 [01:09<00:31,  6.00it/s][A

 69%|██████▊   | 412/600 [01:09<00:31,  5.97it/s][A

 69%|██████▉   | 413/600 [01:09<00:31,  6.03it/s][A

 69%|██████▉   | 414/600 [01:10<00:30,  6.10it/s][A

 69%|██████▉   | 415/600 [01:10<00:29,  6.18it/s][A

 69%|██████▉   | 416/600 [01:10<00:29,  6.31it/s][A

 70%|██████▉   | 417/600 [01:10<00:28,  6.43it/s][A

 70%|██████▉   | 418/600 [01:10<00:28,  6.41it/s][A

 70%|██████▉   | 419/600 [01:10<00:27,  6.50it/s][A

 70%|███████   | 420/600 [01:11<00:27,  6.55it/s][A

 70%|███████   | 421/600 [01:11<00:27,  6.48it/s][A

 70%|███████   | 422/600 [01:11<00:28,  6.17it/s][A

 70%|███████   | 423/600 [01:11<00:28,  6.28it/s][A

 71%|███████   | 424/600 [01:11<00:27,  6.36it/s][A

 71%|███████   | 425/600 [01:11<00:27,  6.46it/s][A

 71%|███████   | 426/600 [01:12<00:27,  6.43it/s][A

 71%|███████   | 427/600 [01:12<00:27,  6.29it/s][A

 71%|███████▏  | 428/600 [01:12<00:27,  6.34it/s][A

 72%|███████▏  | 429/600 [01:12<00:26,  6.39it/s][A

 72%|███████▏  | 430/600 [01:12<00:26,  6.45it/s][A

 72%|███████▏  | 431/600 [01:12<00:26,  6.34it/s][A

 72%|███████▏  | 432/600 [01:12<00:27,  6.14it/s][A

 72%|███████▏  | 433/600 [01:13<00:27,  6.06it/s][A

 72%|███████▏  | 434/600 [01:13<00:26,  6.15it/s][A

 72%|███████▎  | 435/600 [01:13<00:26,  6.20it/s][A

 73%|███████▎  | 436/600 [01:13<00:27,  5.99it/s][A

 73%|███████▎  | 437/600 [01:13<00:26,  6.17it/s][A

 73%|███████▎  | 438/600 [01:13<00:26,  6.22it/s][A

 73%|███████▎  | 439/600 [01:14<00:25,  6.34it/s][A

 73%|███████▎  | 440/600 [01:14<00:26,  6.14it/s][A

 74%|███████▎  | 441/600 [01:14<00:25,  6.13it/s][A

 74%|███████▎  | 442/600 [01:14<00:25,  6.26it/s][A

 74%|███████▍  | 443/600 [01:14<00:25,  6.23it/s][A

 74%|███████▍  | 444/600 [01:14<00:24,  6.37it/s][A

 74%|███████▍  | 445/600 [01:15<00:24,  6.46it/s][A

 74%|███████▍  | 446/600 [01:15<00:23,  6.57it/s][A

 74%|███████▍  | 447/600 [01:15<00:23,  6.65it/s][A

 75%|███████▍  | 448/600 [01:15<00:22,  6.70it/s][A

 75%|███████▍  | 449/600 [01:15<00:22,  6.76it/s][A

 75%|███████▌  | 450/600 [01:15<00:22,  6.66it/s][A

 75%|███████▌  | 451/600 [01:15<00:23,  6.42it/s][A

 75%|███████▌  | 452/600 [01:16<00:23,  6.33it/s][A

 76%|███████▌  | 453/600 [01:16<00:23,  6.31it/s][A

 76%|███████▌  | 454/600 [01:16<00:23,  6.30it/s][A

 76%|███████▌  | 455/600 [01:16<00:24,  6.03it/s][A

 76%|███████▌  | 456/600 [01:16<00:25,  5.65it/s][A

 76%|███████▌  | 457/600 [01:17<00:26,  5.50it/s][A

 76%|███████▋  | 458/600 [01:17<00:25,  5.47it/s][A

 76%|███████▋  | 459/600 [01:17<00:27,  5.09it/s][A

 77%|███████▋  | 460/600 [01:17<00:26,  5.37it/s][A

 77%|███████▋  | 461/600 [01:17<00:25,  5.40it/s][A

 77%|███████▋  | 462/600 [01:17<00:24,  5.59it/s][A

 77%|███████▋  | 463/600 [01:18<00:25,  5.39it/s][A

 77%|███████▋  | 464/600 [01:18<00:25,  5.39it/s][A

 78%|███████▊  | 465/600 [01:18<00:25,  5.33it/s][A

 78%|███████▊  | 466/600 [01:18<00:24,  5.52it/s][A

 78%|███████▊  | 467/600 [01:18<00:24,  5.52it/s][A

 78%|███████▊  | 468/600 [01:19<00:23,  5.64it/s][A

 78%|███████▊  | 469/600 [01:19<00:23,  5.61it/s][A

 78%|███████▊  | 470/600 [01:19<00:23,  5.43it/s][A

 78%|███████▊  | 471/600 [01:19<00:24,  5.25it/s][A

 79%|███████▊  | 472/600 [01:19<00:22,  5.65it/s][A

 79%|███████▉  | 473/600 [01:19<00:23,  5.31it/s][A

 79%|███████▉  | 474/600 [01:20<00:23,  5.32it/s][A

 79%|███████▉  | 475/600 [01:20<00:22,  5.54it/s][A

 79%|███████▉  | 476/600 [01:20<00:22,  5.41it/s][A

 80%|███████▉  | 477/600 [01:20<00:22,  5.45it/s][A

 80%|███████▉  | 478/600 [01:20<00:21,  5.64it/s][A

 80%|███████▉  | 479/600 [01:21<00:23,  5.19it/s][A

 80%|████████  | 480/600 [01:21<00:23,  5.14it/s][A

 80%|████████  | 481/600 [01:21<00:22,  5.34it/s][A

 80%|████████  | 482/600 [01:21<00:22,  5.20it/s][A

 80%|████████  | 483/600 [01:21<00:23,  5.06it/s][A

 81%|████████  | 484/600 [01:22<00:22,  5.20it/s][A

 81%|████████  | 485/600 [01:22<00:21,  5.28it/s][A

 81%|████████  | 486/600 [01:22<00:22,  5.12it/s][A

 81%|████████  | 487/600 [01:22<00:21,  5.28it/s][A

 81%|████████▏ | 488/600 [01:22<00:20,  5.54it/s][A

 82%|████████▏ | 489/600 [01:22<00:19,  5.77it/s][A

 82%|████████▏ | 490/600 [01:23<00:18,  5.83it/s][A

 82%|████████▏ | 491/600 [01:23<00:18,  5.95it/s][A

 82%|████████▏ | 492/600 [01:23<00:17,  6.04it/s][A

 82%|████████▏ | 493/600 [01:23<00:17,  5.94it/s][A

 82%|████████▏ | 494/600 [01:23<00:17,  6.04it/s][A

 82%|████████▎ | 495/600 [01:23<00:17,  6.07it/s][A

 83%|████████▎ | 496/600 [01:24<00:16,  6.33it/s][A

 83%|████████▎ | 497/600 [01:24<00:17,  6.00it/s][A

 83%|████████▎ | 498/600 [01:24<00:17,  5.87it/s][A

 83%|████████▎ | 499/600 [01:24<00:17,  5.80it/s][A

 83%|████████▎ | 500/600 [01:24<00:17,  5.78it/s][A

 84%|████████▎ | 501/600 [01:24<00:17,  5.59it/s][A

 84%|████████▎ | 502/600 [01:25<00:17,  5.55it/s][A

 84%|████████▍ | 503/600 [01:25<00:17,  5.55it/s][A

 84%|████████▍ | 504/600 [01:25<00:17,  5.48it/s][A

 84%|████████▍ | 505/600 [01:25<00:16,  5.68it/s][A

 84%|████████▍ | 506/600 [01:25<00:15,  5.93it/s][A

 84%|████████▍ | 507/600 [01:26<00:15,  6.08it/s][A

 85%|████████▍ | 508/600 [01:26<00:15,  6.07it/s][A

 85%|████████▍ | 509/600 [01:26<00:14,  6.22it/s][A

 85%|████████▌ | 510/600 [01:26<00:14,  6.12it/s][A

 85%|████████▌ | 511/600 [01:26<00:14,  6.00it/s][A

 85%|████████▌ | 512/600 [01:26<00:14,  6.01it/s][A

 86%|████████▌ | 513/600 [01:27<00:14,  6.01it/s][A

 86%|████████▌ | 514/600 [01:27<00:13,  6.21it/s][A

 86%|████████▌ | 515/600 [01:27<00:13,  6.24it/s][A

 86%|████████▌ | 516/600 [01:27<00:13,  6.12it/s][A

 86%|████████▌ | 517/600 [01:27<00:13,  6.05it/s][A

 86%|████████▋ | 518/600 [01:27<00:13,  6.08it/s][A

 86%|████████▋ | 519/600 [01:27<00:13,  6.11it/s][A

 87%|████████▋ | 520/600 [01:28<00:13,  6.07it/s][A

 87%|████████▋ | 521/600 [01:28<00:13,  6.07it/s][A

 87%|████████▋ | 522/600 [01:28<00:12,  6.17it/s][A

 87%|████████▋ | 523/600 [01:28<00:12,  6.25it/s][A

 87%|████████▋ | 524/600 [01:28<00:12,  6.27it/s][A

 88%|████████▊ | 525/600 [01:28<00:11,  6.41it/s][A

 88%|████████▊ | 526/600 [01:29<00:11,  6.46it/s][A

 88%|████████▊ | 527/600 [01:29<00:11,  6.46it/s][A

 88%|████████▊ | 528/600 [01:29<00:11,  6.11it/s][A

 88%|████████▊ | 529/600 [01:29<00:12,  5.91it/s][A

 88%|████████▊ | 530/600 [01:29<00:11,  6.12it/s][A

 88%|████████▊ | 531/600 [01:29<00:11,  6.19it/s][A

 89%|████████▊ | 532/600 [01:30<00:10,  6.33it/s][A

 89%|████████▉ | 533/600 [01:30<00:10,  6.31it/s][A

 89%|████████▉ | 534/600 [01:30<00:10,  6.14it/s][A

 89%|████████▉ | 535/600 [01:30<00:10,  6.20it/s][A

 89%|████████▉ | 536/600 [01:30<00:10,  6.13it/s][A

 90%|████████▉ | 537/600 [01:30<00:10,  6.15it/s][A

 90%|████████▉ | 538/600 [01:31<00:09,  6.33it/s][A

 90%|████████▉ | 539/600 [01:31<00:09,  6.25it/s][A

 90%|█████████ | 540/600 [01:31<00:09,  6.32it/s][A

 90%|█████████ | 541/600 [01:31<00:09,  6.50it/s][A

 90%|█████████ | 542/600 [01:31<00:09,  6.26it/s][A

 90%|█████████ | 543/600 [01:31<00:09,  6.08it/s][A

 91%|█████████ | 544/600 [01:31<00:08,  6.24it/s][A

 91%|█████████ | 545/600 [01:32<00:08,  6.31it/s][A

 91%|█████████ | 546/600 [01:32<00:08,  6.28it/s][A

 91%|█████████ | 547/600 [01:32<00:08,  6.26it/s][A

 91%|█████████▏| 548/600 [01:32<00:08,  5.94it/s][A

 92%|█████████▏| 549/600 [01:32<00:08,  6.15it/s][A

 92%|█████████▏| 550/600 [01:32<00:07,  6.30it/s][A

 92%|█████████▏| 551/600 [01:33<00:07,  6.45it/s][A

 92%|█████████▏| 552/600 [01:33<00:07,  6.50it/s][A

 92%|█████████▏| 553/600 [01:33<00:07,  6.29it/s][A

 92%|█████████▏| 554/600 [01:33<00:07,  6.29it/s][A

 92%|█████████▎| 555/600 [01:33<00:07,  6.39it/s][A

 93%|█████████▎| 556/600 [01:33<00:06,  6.38it/s][A

 93%|█████████▎| 557/600 [01:34<00:07,  5.94it/s][A

 93%|█████████▎| 558/600 [01:34<00:07,  5.98it/s][A

 93%|█████████▎| 559/600 [01:34<00:06,  6.18it/s][A

 93%|█████████▎| 560/600 [01:34<00:06,  6.32it/s][A

 94%|█████████▎| 561/600 [01:34<00:06,  6.26it/s][A

 94%|█████████▎| 562/600 [01:34<00:06,  6.32it/s][A

 94%|█████████▍| 563/600 [01:35<00:05,  6.50it/s][A

 94%|█████████▍| 564/600 [01:35<00:05,  6.48it/s][A

 94%|█████████▍| 565/600 [01:35<00:05,  6.51it/s][A

 94%|█████████▍| 566/600 [01:35<00:05,  5.78it/s][A

 94%|█████████▍| 567/600 [01:35<00:05,  5.81it/s][A

 95%|█████████▍| 568/600 [01:35<00:05,  5.80it/s][A

 95%|█████████▍| 569/600 [01:36<00:05,  5.97it/s][A

 95%|█████████▌| 570/600 [01:36<00:04,  6.11it/s][A

 95%|█████████▌| 571/600 [01:36<00:04,  6.23it/s][A

 95%|█████████▌| 572/600 [01:36<00:04,  6.27it/s][A

 96%|█████████▌| 573/600 [01:36<00:04,  6.33it/s][A

 96%|█████████▌| 574/600 [01:36<00:04,  6.32it/s][A

 96%|█████████▌| 575/600 [01:36<00:03,  6.42it/s][A

 96%|█████████▌| 576/600 [01:37<00:03,  6.41it/s][A

 96%|█████████▌| 577/600 [01:37<00:03,  6.33it/s][A

 96%|█████████▋| 578/600 [01:37<00:03,  6.20it/s][A

 96%|█████████▋| 579/600 [01:37<00:03,  6.31it/s][A

 97%|█████████▋| 580/600 [01:37<00:03,  5.96it/s][A

 97%|█████████▋| 581/600 [01:37<00:03,  5.96it/s][A

 97%|█████████▋| 582/600 [01:38<00:02,  6.08it/s][A

 97%|█████████▋| 583/600 [01:38<00:03,  5.62it/s][A

 97%|█████████▋| 584/600 [01:38<00:02,  5.45it/s][A

 98%|█████████▊| 585/600 [01:38<00:02,  5.51it/s][A

 98%|█████████▊| 586/600 [01:38<00:02,  5.33it/s][A

 98%|█████████▊| 587/600 [01:39<00:02,  5.14it/s][A

 98%|█████████▊| 588/600 [01:39<00:02,  5.17it/s][A

 98%|█████████▊| 589/600 [01:39<00:02,  5.32it/s][A

 98%|█████████▊| 590/600 [01:39<00:01,  5.32it/s][A

 98%|█████████▊| 591/600 [01:39<00:01,  5.44it/s][A

 99%|█████████▊| 592/600 [01:40<00:01,  5.52it/s][A

 99%|█████████▉| 593/600 [01:40<00:01,  5.73it/s][A

 99%|█████████▉| 594/600 [01:40<00:01,  5.60it/s][A

 99%|█████████▉| 595/600 [01:40<00:00,  5.48it/s][A

 99%|█████████▉| 596/600 [01:40<00:00,  5.66it/s][A

100%|█████████▉| 597/600 [01:40<00:00,  5.58it/s][A

100%|█████████▉| 598/600 [01:41<00:00,  5.20it/s][A

100%|█████████▉| 599/600 [01:41<00:00,  5.28it/s][A

100%|██████████| 600/600 [01:41<00:00,  5.37it/s][A
                                                       


                                                 
[A
 82%|████████▏ | 3600/4384 [1:39:13<1:18:06,  5.98s/it]

100%|██████████| 600/600 [01:41<00:00,  5.37it/s][A

                                                 [A
 82%|████████▏ | 3601/4384 [1:39:21<8:01:52, 36.92s/it]
 82%|████████▏ | 3602/4384 [1:39:27<6:01:24, 27.73s/it]
 82%|████████▏ | 3603/4384 [1:39:33<4:36:31, 21.24s/it]
 82%|████████▏ | 3604/4384 [1:39:39<3:36:25, 16.65s/it]
 82%|████████▏ | 3605/4384 [1:39:45<2:54:19, 13.43s/it]
 82%|████████▏ | 3606/4384 [1:39:51<2:24:36, 11.15s/it]
 82%|████████▏ | 3607/4384 [1:39:57<2:03:40,  9.55s/it]
 82%|████████▏ | 3608/4384 [1:40:03<1:50:51,  8.57s/it]
 82%|████████▏ | 3609/4384 [1:40:10<1:43:21,  8.00s/it]
 82%|████████▏ | 3610/4384 [1:40:16<1:36:37,  7.49s/it]
 82%|████████▏ | 3611/4384 [1:40:22<1:29:37,  6.96s/it]
 82%|████████▏ | 3612/4384 [1:40:27<1:24:49,  6.59s/it]
 82%|████████▏ | 3613/4384 [1:40:33<1:22:42,  6.44s/it]
 82%|████████▏ | 3614/4384 [1:40:40<1:21:38,  6.36s/it]
 82%|████████▏ | 3615/4384 [1:40:46<1:20:07,  6.25s/it]
 82%|████████▏ | 3616/4384 [1:40:52<1:19:57,  6.25s/it]
 83%|████████▎ | 3617/4384 [1:40:58<1:20:25,  6.29s/it]
 83%|████████▎ | 3618/4384 [1:41:05<1:20:41,  6.32s/it]
 83%|████████▎ | 3619/4384 [1:41:11<1:19:28,  6.23s/it]
 83%|████████▎ | 3620/4384 [1:41:18<1:21:48,  6.42s/it]
                                                       

 83%|████████▎ | 3620/4384 [1:41:18<1:21:48,  6.42s/it]
 83%|████████▎ | 3621/4384 [1:41:24<1:22:27,  6.48s/it]
 83%|████████▎ | 3622/4384 [1:41:30<1:20:33,  6.34s/it]
 83%|████████▎ | 3623/4384 [1:41:37<1:20:46,  6.37s/it]
 83%|████████▎ | 3624/4384 [1:41:42<1:18:06,  6.17s/it]
 83%|████████▎ | 3625/4384 [1:41:48<1:16:03,  6.01s/it]
 83%|████████▎ | 3626/4384 [1:41:54<1:16:41,  6.07s/it]
 83%|████████▎ | 3627/4384 [1:42:01<1:18:29,  6.22s/it]
 83%|████████▎ | 3628/4384 [1:42:07<1:17:56,  6.19s/it]
 83%|████████▎ | 3629/4384 [1:42:13<1:16:34,  6.09s/it]
 83%|████████▎ | 3630/4384 [1:42:19<1:17:10,  6.14s/it]
 83%|████████▎ | 3631/4384 [1:42:25<1:17:34,  6.18s/it]
 83%|████████▎ | 3632/4384 [1:42:31<1:16:09,  6.08s/it]
 83%|████████▎ | 3633/4384 [1:42:37<1:17:13,  6.17s/it]
 83%|████████▎ | 3634/4384 [1:42:44<1:16:56,  6.16s/it]
 83%|████████▎ | 3635/4384 [1:42:49<1:15:54,  6.08s/it]
 83%|████████▎ | 3636/4384 [1:42:56<1:15:44,  6.08s/it]
 83%|████████▎ | 3637/4384 [1:43:02<1:17:01,  6.19s/it]
 83%|████████▎ | 3638/4384 [1:43:08<1:15:48,  6.10s/it]
 83%|████████▎ | 3639/4384 [1:43:16<1:22:29,  6.64s/it]
 83%|████████▎ | 3640/4384 [1:43:22<1:22:03,  6.62s/it]
                                                       

 83%|████████▎ | 3640/4384 [1:43:22<1:22:03,  6.62s/it]
 83%|████████▎ | 3641/4384 [1:43:29<1:20:11,  6.48s/it]
 83%|████████▎ | 3642/4384 [1:43:34<1:17:10,  6.24s/it]
 83%|████████▎ | 3643/4384 [1:43:40<1:15:40,  6.13s/it]
 83%|████████▎ | 3644/4384 [1:43:46<1:15:04,  6.09s/it]
 83%|████████▎ | 3645/4384 [1:43:52<1:13:57,  6.00s/it]
 83%|████████▎ | 3646/4384 [1:43:58<1:15:16,  6.12s/it]
 83%|████████▎ | 3647/4384 [1:44:05<1:16:52,  6.26s/it]
 83%|████████▎ | 3648/4384 [1:44:11<1:15:31,  6.16s/it]
 83%|████████▎ | 3649/4384 [1:44:17<1:15:11,  6.14s/it]
 83%|████████▎ | 3650/4384 [1:44:23<1:16:08,  6.22s/it]
 83%|████████▎ | 3651/4384 [1:44:29<1:14:03,  6.06s/it]
 83%|████████▎ | 3652/4384 [1:44:35<1:12:07,  5.91s/it]
 83%|████████▎ | 3653/4384 [1:44:41<1:12:45,  5.97s/it]
 83%|████████▎ | 3654/4384 [1:44:47<1:13:51,  6.07s/it]
 83%|████████▎ | 3655/4384 [1:44:53<1:13:01,  6.01s/it]
 83%|████████▎ | 3656/4384 [1:44:59<1:13:25,  6.05s/it]
 83%|████████▎ | 3657/4384 [1:45:05<1:12:32,  5.99s/it]
 83%|████████▎ | 3658/4384 [1:45:11<1:11:46,  5.93s/it]
 83%|████████▎ | 3659/4384 [1:45:17<1:12:38,  6.01s/it]
 83%|████████▎ | 3660/4384 [1:45:23<1:13:11,  6.07s/it]
                                                       

 83%|████████▎ | 3660/4384 [1:45:23<1:13:11,  6.07s/it]
 84%|████████▎ | 3661/4384 [1:45:29<1:13:51,  6.13s/it]
 84%|████████▎ | 3662/4384 [1:45:35<1:12:48,  6.05s/it]
 84%|████████▎ | 3663/4384 [1:45:41<1:10:55,  5.90s/it]
 84%|████████▎ | 3664/4384 [1:45:47<1:10:43,  5.89s/it]
 84%|████████▎ | 3665/4384 [1:45:53<1:11:05,  5.93s/it]
 84%|████████▎ | 3666/4384 [1:45:59<1:13:35,  6.15s/it]
 84%|████████▎ | 3667/4384 [1:46:05<1:13:34,  6.16s/it]
 84%|████████▎ | 3668/4384 [1:46:11<1:12:40,  6.09s/it]
 84%|████████▎ | 3669/4384 [1:46:17<1:11:51,  6.03s/it]
 84%|████████▎ | 3670/4384 [1:46:23<1:11:07,  5.98s/it]
 84%|████████▎ | 3671/4384 [1:46:29<1:10:49,  5.96s/it]
 84%|████████▍ | 3672/4384 [1:46:35<1:11:02,  5.99s/it]
 84%|████████▍ | 3673/4384 [1:46:42<1:12:58,  6.16s/it]
 84%|████████▍ | 3674/4384 [1:46:48<1:13:25,  6.20s/it]
 84%|████████▍ | 3675/4384 [1:46:54<1:13:35,  6.23s/it]
 84%|████████▍ | 3676/4384 [1:47:00<1:12:02,  6.11s/it]
 84%|████████▍ | 3677/4384 [1:47:06<1:10:18,  5.97s/it]
 84%|████████▍ | 3678/4384 [1:47:12<1:10:02,  5.95s/it]
 84%|████████▍ | 3679/4384 [1:47:18<1:10:45,  6.02s/it]
 84%|████████▍ | 3680/4384 [1:47:24<1:10:37,  6.02s/it]
                                                       

 84%|████████▍ | 3680/4384 [1:47:24<1:10:37,  6.02s/it]
 84%|████████▍ | 3681/4384 [1:47:30<1:10:54,  6.05s/it]
 84%|████████▍ | 3682/4384 [1:47:36<1:09:44,  5.96s/it]
 84%|████████▍ | 3683/4384 [1:47:42<1:10:00,  5.99s/it]
 84%|████████▍ | 3684/4384 [1:47:48<1:11:21,  6.12s/it]
 84%|████████▍ | 3685/4384 [1:47:54<1:10:36,  6.06s/it]
 84%|████████▍ | 3686/4384 [1:48:00<1:11:37,  6.16s/it]
 84%|████████▍ | 3687/4384 [1:48:07<1:11:27,  6.15s/it]
 84%|████████▍ | 3688/4384 [1:48:13<1:11:23,  6.16s/it]
 84%|████████▍ | 3689/4384 [1:48:18<1:09:49,  6.03s/it]
 84%|████████▍ | 3690/4384 [1:48:24<1:08:15,  5.90s/it]
 84%|████████▍ | 3691/4384 [1:48:30<1:08:40,  5.95s/it]
 84%|████████▍ | 3692/4384 [1:48:37<1:10:58,  6.15s/it]
 84%|████████▍ | 3693/4384 [1:48:43<1:11:54,  6.24s/it]
 84%|████████▍ | 3694/4384 [1:48:49<1:10:35,  6.14s/it]
 84%|████████▍ | 3695/4384 [1:48:55<1:10:04,  6.10s/it]
 84%|████████▍ | 3696/4384 [1:49:01<1:09:50,  6.09s/it]
 84%|████████▍ | 3697/4384 [1:49:07<1:08:23,  5.97s/it]
 84%|████████▍ | 3698/4384 [1:49:13<1:08:59,  6.03s/it]
 84%|████████▍ | 3699/4384 [1:49:19<1:09:02,  6.05s/it]
 84%|████████▍ | 3700/4384 [1:49:25<1:08:34,  6.01s/it]
                                                       

 84%|████████▍ | 3700/4384 [1:49:25<1:08:34,  6.01s/it]
 84%|████████▍ | 3701/4384 [1:49:32<1:09:54,  6.14s/it]
 84%|████████▍ | 3702/4384 [1:49:38<1:10:40,  6.22s/it]
 84%|████████▍ | 3703/4384 [1:49:44<1:08:41,  6.05s/it]
 84%|████████▍ | 3704/4384 [1:49:49<1:07:06,  5.92s/it]
 85%|████████▍ | 3705/4384 [1:49:56<1:09:12,  6.12s/it]
 85%|████████▍ | 3706/4384 [1:50:02<1:09:40,  6.17s/it]
 85%|████████▍ | 3707/4384 [1:50:08<1:09:08,  6.13s/it]
 85%|████████▍ | 3708/4384 [1:50:14<1:09:00,  6.13s/it]
 85%|████████▍ | 3709/4384 [1:50:20<1:07:09,  5.97s/it]
 85%|████████▍ | 3710/4384 [1:50:26<1:06:14,  5.90s/it]
 85%|████████▍ | 3711/4384 [1:50:32<1:07:52,  6.05s/it]
 85%|████████▍ | 3712/4384 [1:50:39<1:09:41,  6.22s/it]
 85%|████████▍ | 3713/4384 [1:50:45<1:08:33,  6.13s/it]
 85%|████████▍ | 3714/4384 [1:50:51<1:08:29,  6.13s/it]
 85%|████████▍ | 3715/4384 [1:50:56<1:06:51,  6.00s/it]
 85%|████████▍ | 3716/4384 [1:51:02<1:05:32,  5.89s/it]
 85%|████████▍ | 3717/4384 [1:51:08<1:04:55,  5.84s/it]
 85%|████████▍ | 3718/4384 [1:51:14<1:06:22,  5.98s/it]
 85%|████████▍ | 3719/4384 [1:51:20<1:06:49,  6.03s/it]
 85%|████████▍ | 3720/4384 [1:51:26<1:06:01,  5.97s/it]
                                                       

 85%|████████▍ | 3720/4384 [1:51:26<1:06:01,  5.97s/it]
 85%|████████▍ | 3721/4384 [1:51:32<1:05:43,  5.95s/it]
 85%|████████▍ | 3722/4384 [1:51:38<1:06:22,  6.02s/it]
 85%|████████▍ | 3723/4384 [1:51:44<1:05:48,  5.97s/it]
 85%|████████▍ | 3724/4384 [1:51:50<1:05:40,  5.97s/it]
 85%|████████▍ | 3725/4384 [1:51:56<1:07:22,  6.13s/it]
 85%|████████▍ | 3726/4384 [1:52:02<1:05:48,  6.00s/it]
 85%|████████▌ | 3727/4384 [1:52:08<1:05:12,  5.95s/it]
 85%|████████▌ | 3728/4384 [1:52:14<1:05:03,  5.95s/it]
 85%|████████▌ | 3729/4384 [1:52:20<1:06:05,  6.05s/it]
 85%|████████▌ | 3730/4384 [1:52:26<1:05:24,  6.00s/it]
 85%|████████▌ | 3731/4384 [1:52:32<1:06:39,  6.12s/it]
 85%|████████▌ | 3732/4384 [1:52:39<1:07:19,  6.20s/it]
 85%|████████▌ | 3733/4384 [1:52:45<1:06:33,  6.14s/it]
 85%|████████▌ | 3734/4384 [1:52:51<1:05:37,  6.06s/it]
 85%|████████▌ | 3735/4384 [1:52:57<1:05:16,  6.04s/it]
 85%|████████▌ | 3736/4384 [1:53:02<1:04:15,  5.95s/it]
 85%|████████▌ | 3737/4384 [1:53:08<1:03:56,  5.93s/it]
 85%|████████▌ | 3738/4384 [1:53:15<1:05:22,  6.07s/it]
 85%|████████▌ | 3739/4384 [1:53:21<1:06:09,  6.15s/it]
 85%|████████▌ | 3740/4384 [1:53:27<1:05:33,  6.11s/it]
                                                       

 85%|████████▌ | 3740/4384 [1:53:27<1:05:33,  6.11s/it]
 85%|████████▌ | 3741/4384 [1:53:33<1:04:00,  5.97s/it]
 85%|████████▌ | 3742/4384 [1:53:39<1:04:29,  6.03s/it]
 85%|████████▌ | 3743/4384 [1:53:45<1:04:10,  6.01s/it]
 85%|████████▌ | 3744/4384 [1:53:51<1:05:12,  6.11s/it]
 85%|████████▌ | 3745/4384 [1:53:57<1:04:27,  6.05s/it]
 85%|████████▌ | 3746/4384 [1:54:03<1:03:30,  5.97s/it]
 85%|████████▌ | 3747/4384 [1:54:09<1:03:02,  5.94s/it]
 85%|████████▌ | 3748/4384 [1:54:15<1:02:46,  5.92s/it]
 86%|████████▌ | 3749/4384 [1:54:21<1:02:42,  5.92s/it]
 86%|████████▌ | 3750/4384 [1:54:27<1:03:46,  6.04s/it]
 86%|████████▌ | 3751/4384 [1:54:34<1:05:38,  6.22s/it]
 86%|████████▌ | 3752/4384 [1:54:39<1:04:38,  6.14s/it]
 86%|████████▌ | 3753/4384 [1:54:45<1:04:04,  6.09s/it]
 86%|████████▌ | 3754/4384 [1:54:51<1:03:18,  6.03s/it]
 86%|████████▌ | 3755/4384 [1:54:57<1:02:09,  5.93s/it]
 86%|████████▌ | 3756/4384 [1:55:03<1:02:18,  5.95s/it]
 86%|████████▌ | 3757/4384 [1:55:09<1:03:09,  6.04s/it]
 86%|████████▌ | 3758/4384 [1:55:16<1:03:57,  6.13s/it]
 86%|████████▌ | 3759/4384 [1:55:22<1:04:17,  6.17s/it]
 86%|████████▌ | 3760/4384 [1:55:28<1:03:28,  6.10s/it]
                                                       

 86%|████████▌ | 3760/4384 [1:55:28<1:03:28,  6.10s/it]
 86%|████████▌ | 3761/4384 [1:55:34<1:02:29,  6.02s/it]
 86%|████████▌ | 3762/4384 [1:55:39<1:01:02,  5.89s/it]
 86%|████████▌ | 3763/4384 [1:55:46<1:02:08,  6.00s/it]
 86%|████████▌ | 3764/4384 [1:55:52<1:02:38,  6.06s/it]
 86%|████████▌ | 3765/4384 [1:55:57<1:01:40,  5.98s/it]
 86%|████████▌ | 3766/4384 [1:56:04<1:01:52,  6.01s/it]
 86%|████████▌ | 3767/4384 [1:56:10<1:02:42,  6.10s/it]
 86%|████████▌ | 3768/4384 [1:56:16<1:02:10,  6.06s/it]
 86%|████████▌ | 3769/4384 [1:56:22<1:02:14,  6.07s/it]
 86%|████████▌ | 3770/4384 [1:56:28<1:02:39,  6.12s/it]
 86%|████████▌ | 3771/4384 [1:56:34<1:03:00,  6.17s/it]
 86%|████████▌ | 3772/4384 [1:56:40<1:01:26,  6.02s/it]
 86%|████████▌ | 3773/4384 [1:56:46<1:02:12,  6.11s/it]
 86%|████████▌ | 3774/4384 [1:56:52<1:01:20,  6.03s/it]
 86%|████████▌ | 3775/4384 [1:56:58<59:32,  5.87s/it]  
 86%|████████▌ | 3776/4384 [1:57:04<1:01:07,  6.03s/it]
 86%|████████▌ | 3777/4384 [1:57:11<1:02:33,  6.18s/it]
 86%|████████▌ | 3778/4384 [1:57:17<1:02:23,  6.18s/it]
 86%|████████▌ | 3779/4384 [1:57:23<1:02:28,  6.20s/it]
 86%|████████▌ | 3780/4384 [1:57:29<1:01:09,  6.08s/it]
                                                       

 86%|████████▌ | 3780/4384 [1:57:29<1:01:09,  6.08s/it]
 86%|████████▌ | 3781/4384 [1:57:35<1:00:01,  5.97s/it]
 86%|████████▋ | 3782/4384 [1:57:40<58:27,  5.83s/it]  
 86%|████████▋ | 3783/4384 [1:57:47<1:01:05,  6.10s/it]
 86%|████████▋ | 3784/4384 [1:57:53<59:41,  5.97s/it]  
 86%|████████▋ | 3785/4384 [1:57:58<59:07,  5.92s/it]
 86%|████████▋ | 3786/4384 [1:58:05<1:00:33,  6.08s/it]
 86%|████████▋ | 3787/4384 [1:58:11<59:51,  6.02s/it]  
 86%|████████▋ | 3788/4384 [1:58:16<58:45,  5.91s/it]
 86%|████████▋ | 3789/4384 [1:58:22<59:13,  5.97s/it]
 86%|████████▋ | 3790/4384 [1:58:29<1:00:47,  6.14s/it]
 86%|████████▋ | 3791/4384 [1:58:35<1:01:12,  6.19s/it]
 86%|████████▋ | 3792/4384 [1:58:41<1:00:14,  6.11s/it]
 87%|████████▋ | 3793/4384 [1:58:47<59:33,  6.05s/it]  
 87%|████████▋ | 3794/4384 [1:58:53<58:15,  5.92s/it]
 87%|████████▋ | 3795/4384 [1:58:59<58:25,  5.95s/it]
 87%|████████▋ | 3796/4384 [1:59:05<59:29,  6.07s/it]
 87%|████████▋ | 3797/4384 [1:59:12<1:00:41,  6.20s/it]
 87%|████████▋ | 3798/4384 [1:59:17<59:26,  6.09s/it]  
 87%|████████▋ | 3799/4384 [1:59:23<58:34,  6.01s/it]
 87%|████████▋ | 3800/4384 [1:59:29<58:05,  5.97s/it]
                                                     

 87%|████████▋ | 3800/4384 [1:59:29<58:05,  5.97s/it]
 87%|████████▋ | 3801/4384 [1:59:35<56:57,  5.86s/it]
 87%|████████▋ | 3802/4384 [1:59:41<56:43,  5.85s/it]
 87%|████████▋ | 3803/4384 [1:59:47<57:45,  5.97s/it]
 87%|████████▋ | 3804/4384 [1:59:53<57:18,  5.93s/it]
 87%|████████▋ | 3805/4384 [1:59:59<57:06,  5.92s/it]
 87%|████████▋ | 3806/4384 [2:00:04<57:05,  5.93s/it]
 87%|████████▋ | 3807/4384 [2:00:11<57:25,  5.97s/it]
 87%|████████▋ | 3808/4384 [2:00:16<56:35,  5.89s/it]
 87%|████████▋ | 3809/4384 [2:00:22<56:46,  5.92s/it]
 87%|████████▋ | 3810/4384 [2:00:28<57:05,  5.97s/it]
 87%|████████▋ | 3811/4384 [2:00:34<57:08,  5.98s/it]
 87%|████████▋ | 3812/4384 [2:00:40<56:06,  5.89s/it]
 87%|████████▋ | 3813/4384 [2:00:46<55:19,  5.81s/it]
 87%|████████▋ | 3814/4384 [2:00:52<55:51,  5.88s/it]
 87%|████████▋ | 3815/4384 [2:00:58<56:34,  5.97s/it]
 87%|████████▋ | 3816/4384 [2:01:04<57:22,  6.06s/it]
 87%|████████▋ | 3817/4384 [2:01:10<57:19,  6.07s/it]
 87%|████████▋ | 3818/4384 [2:01:16<56:01,  5.94s/it]
 87%|████████▋ | 3819/4384 [2:01:22<55:41,  5.91s/it]
 87%|████████▋ | 3820/4384 [2:01:28<55:12,  5.87s/it]
                                                     

 87%|████████▋ | 3820/4384 [2:01:28<55:12,  5.87s/it]
 87%|████████▋ | 3821/4384 [2:01:33<54:15,  5.78s/it]
 87%|████████▋ | 3822/4384 [2:01:39<55:17,  5.90s/it]
 87%|████████▋ | 3823/4384 [2:01:46<56:26,  6.04s/it]
 87%|████████▋ | 3824/4384 [2:01:52<57:23,  6.15s/it]
 87%|████████▋ | 3825/4384 [2:01:58<56:16,  6.04s/it]
 87%|████████▋ | 3826/4384 [2:02:04<55:27,  5.96s/it]
 87%|████████▋ | 3827/4384 [2:02:09<54:56,  5.92s/it]
 87%|████████▋ | 3828/4384 [2:02:15<55:12,  5.96s/it]
 87%|████████▋ | 3829/4384 [2:02:22<55:55,  6.05s/it]
 87%|████████▋ | 3830/4384 [2:02:28<55:50,  6.05s/it]
 87%|████████▋ | 3831/4384 [2:02:34<56:24,  6.12s/it]
 87%|████████▋ | 3832/4384 [2:02:40<55:22,  6.02s/it]
 87%|████████▋ | 3833/4384 [2:02:46<54:37,  5.95s/it]
 87%|████████▋ | 3834/4384 [2:02:51<54:13,  5.92s/it]
 87%|████████▋ | 3835/4384 [2:02:57<54:19,  5.94s/it]
 88%|████████▊ | 3836/4384 [2:03:04<55:48,  6.11s/it]
 88%|████████▊ | 3837/4384 [2:03:10<54:57,  6.03s/it]
 88%|████████▊ | 3838/4384 [2:03:16<55:06,  6.06s/it]
 88%|████████▊ | 3839/4384 [2:03:22<54:09,  5.96s/it]
 88%|████████▊ | 3840/4384 [2:03:28<53:47,  5.93s/it]
                                                     

 88%|████████▊ | 3840/4384 [2:03:28<53:47,  5.93s/it]
 88%|████████▊ | 3841/4384 [2:03:34<54:14,  5.99s/it]
 88%|████████▊ | 3842/4384 [2:03:40<55:25,  6.14s/it]
 88%|████████▊ | 3843/4384 [2:03:46<55:54,  6.20s/it]
 88%|████████▊ | 3844/4384 [2:03:52<55:13,  6.14s/it]
 88%|████████▊ | 3845/4384 [2:03:59<55:48,  6.21s/it]
 88%|████████▊ | 3846/4384 [2:04:05<54:45,  6.11s/it]
 88%|████████▊ | 3847/4384 [2:04:10<53:21,  5.96s/it]
 88%|████████▊ | 3848/4384 [2:04:16<53:46,  6.02s/it]
 88%|████████▊ | 3849/4384 [2:04:23<54:08,  6.07s/it]
 88%|████████▊ | 3850/4384 [2:04:29<54:00,  6.07s/it]
 88%|████████▊ | 3851/4384 [2:04:35<54:17,  6.11s/it]
 88%|████████▊ | 3852/4384 [2:04:41<54:18,  6.13s/it]
 88%|████████▊ | 3853/4384 [2:04:47<53:33,  6.05s/it]
 88%|████████▊ | 3854/4384 [2:04:53<53:45,  6.09s/it]
 88%|████████▊ | 3855/4384 [2:05:00<54:24,  6.17s/it]
 88%|████████▊ | 3856/4384 [2:05:06<53:51,  6.12s/it]
 88%|████████▊ | 3857/4384 [2:05:11<52:27,  5.97s/it]
 88%|████████▊ | 3858/4384 [2:05:17<52:34,  6.00s/it]
 88%|████████▊ | 3859/4384 [2:05:23<51:59,  5.94s/it]
 88%|████████▊ | 3860/4384 [2:05:29<51:10,  5.86s/it]
                                                     

 88%|████████▊ | 3860/4384 [2:05:29<51:10,  5.86s/it]
 88%|████████▊ | 3861/4384 [2:05:36<53:42,  6.16s/it]
 88%|████████▊ | 3862/4384 [2:05:42<53:34,  6.16s/it]
 88%|████████▊ | 3863/4384 [2:05:48<52:37,  6.06s/it]
 88%|████████▊ | 3864/4384 [2:05:53<52:00,  6.00s/it]
 88%|████████▊ | 3865/4384 [2:05:59<51:55,  6.00s/it]
 88%|████████▊ | 3866/4384 [2:06:05<51:01,  5.91s/it]
 88%|████████▊ | 3867/4384 [2:06:11<51:41,  6.00s/it]
 88%|████████▊ | 3868/4384 [2:06:17<52:01,  6.05s/it]
 88%|████████▊ | 3869/4384 [2:06:24<51:57,  6.05s/it]
 88%|████████▊ | 3870/4384 [2:06:29<51:08,  5.97s/it]
 88%|████████▊ | 3871/4384 [2:06:36<51:53,  6.07s/it]
 88%|████████▊ | 3872/4384 [2:06:41<50:55,  5.97s/it]
 88%|████████▊ | 3873/4384 [2:06:47<50:13,  5.90s/it]
 88%|████████▊ | 3874/4384 [2:06:54<51:28,  6.06s/it]
 88%|████████▊ | 3875/4384 [2:07:00<53:13,  6.27s/it]
 88%|████████▊ | 3876/4384 [2:07:06<52:43,  6.23s/it]
 88%|████████▊ | 3877/4384 [2:07:12<51:12,  6.06s/it]
 88%|████████▊ | 3878/4384 [2:07:18<51:01,  6.05s/it]
 88%|████████▊ | 3879/4384 [2:07:24<49:46,  5.91s/it]
 89%|████████▊ | 3880/4384 [2:07:30<50:11,  5.98s/it]
                                                     

 89%|████████▊ | 3880/4384 [2:07:30<50:11,  5.98s/it]
 89%|████████▊ | 3881/4384 [2:07:36<51:28,  6.14s/it]
 89%|████████▊ | 3882/4384 [2:07:42<50:50,  6.08s/it]
 89%|████████▊ | 3883/4384 [2:07:48<50:16,  6.02s/it]
 89%|████████▊ | 3884/4384 [2:07:54<50:05,  6.01s/it]
 89%|████████▊ | 3885/4384 [2:08:00<49:32,  5.96s/it]
 89%|████████▊ | 3886/4384 [2:08:05<48:04,  5.79s/it]
 89%|████████▊ | 3887/4384 [2:08:11<47:45,  5.77s/it]
 89%|████████▊ | 3888/4384 [2:08:17<48:52,  5.91s/it]
 89%|████████▊ | 3889/4384 [2:08:23<49:19,  5.98s/it]
 89%|████████▊ | 3890/4384 [2:08:30<49:44,  6.04s/it]
 89%|████████▉ | 3891/4384 [2:08:36<49:32,  6.03s/it]
 89%|████████▉ | 3892/4384 [2:08:42<49:32,  6.04s/it]
 89%|████████▉ | 3893/4384 [2:08:48<49:26,  6.04s/it]
 89%|████████▉ | 3894/4384 [2:08:54<49:49,  6.10s/it]
 89%|████████▉ | 3895/4384 [2:09:00<50:26,  6.19s/it]
 89%|████████▉ | 3896/4384 [2:09:06<49:41,  6.11s/it]
 89%|████████▉ | 3897/4384 [2:09:12<49:35,  6.11s/it]
 89%|████████▉ | 3898/4384 [2:09:19<49:53,  6.16s/it]
 89%|████████▉ | 3899/4384 [2:09:25<49:16,  6.10s/it]
 89%|████████▉ | 3900/4384 [2:09:31<49:22,  6.12s/it]
                                                     

{'eval_loss': '1.94', 'eval_runtime': '101.6', 'eval_samples_per_second': '11.81', 'eval_steps_per_second': '5.903', 'eval_entropy': '1.756', 'eval_num_tokens': '9.193e+06', 'eval_mean_token_accuracy': '0.5986', 'epoch': '1.643'}
{'loss': '1.626', 'grad_norm': '1.468', 'learning_rate': '7.776e-06', 'entropy': '1.718', 'num_tokens': '9.397e+06', 'mean_token_accuracy': '0.6365', 'epoch': '1.652'}
{'loss': '1.609', 'grad_norm': '1.512', 'learning_rate': '7.385e-06', 'entropy': '1.719', 'num_tokens': '9.6e+06', 'mean_token_accuracy': '0.6373', 'epoch': '1.661'}
{'loss': '1.619', 'grad_norm': '1.52', 'learning_rate': '7.004e-06', 'entropy': '1.729', 'num_tokens': '9.804e+06', 'mean_token_accuracy': '0.6386', 'epoch': '1.67'}
{'loss': '1.559', 'grad_norm': '1.593', 'learning_rate': '6.631e-06', 'entropy': '1.67', 'num_tokens': '1.001e+07', 'mean_token_accuracy': '0.6465', 'epoch': '1.679'}
 89%|████████▉ | 3900/4384 [2:09:31<49:22,  6.12s/it]
{'loss': '1.575', 'grad_norm': '1.515', 'learning_rate': '6.268e-06', 'entropy': '1.675', 'num_tokens': '1.021e+07', 'mean_token_accuracy': '0.6452', 'epoch': '1.688'}
{'loss': '1.557', 'grad_norm': '1.865', 'learning_rate': '5.915e-06', 'entropy': '1.669', 'num_tokens': '1.042e+07', 'mean_token_accuracy': '0.6483', 'epoch': '1.697'}
{'loss': '1.651', 'grad_norm': '1.678', 'learning_rate': '5.571e-06', 'entropy': '1.749', 'num_tokens': '1.062e+07', 'mean_token_accuracy': '0.6303', 'epoch': '1.706'}
{'loss': '1.601', 'grad_norm': '1.682', 'learning_rate': '5.237e-06', 'entropy': '1.701', 'num_tokens': '1.082e+07', 'mean_token_accuracy': '0.6388', 'epoch': '1.716'}
{'loss': '1.577', 'grad_norm': '1.612', 'learning_rate': '4.913e-06', 'entropy': '1.696', 'num_tokens': '1.103e+07', 'mean_token_accuracy': '0.6453', 'epoch': '1.725'}
{'loss': '1.622', 'grad_norm': '1.624', 'learning_rate': '4.598e-06', 'entropy': '1.732', 'num_tokens': '1.123e+07', 'mean_token_accuracy': '0.6378', 'epoch': '1.734'}
{'loss': '1.589', 'grad_norm': '1.704', 'learning_rate': '4.294e-06', 'entropy': '1.697', 'num_tokens': '1.143e+07', 'mean_token_accuracy': '0.6433', 'epoch': '1.743'}
{'loss': '1.648', 'grad_norm': '1.622', 'learning_rate': '3.999e-06', 'entropy': '1.761', 'num_tokens': '1.164e+07', 'mean_token_accuracy': '0.6358', 'epoch': '1.752'}

{'loss': '1.563', 'grad_norm': '1.681', 'learning_rate': '3.715e-06', 'entropy': '1.662', 'num_tokens': '1.184e+07', 'mean_token_accuracy': '0.6479', 'epoch': '1.761'}
{'loss': '1.602', 'grad_norm': '1.655', 'learning_rate': '3.44e-06', 'entropy': '1.711', 'num_tokens': '1.205e+07', 'mean_token_accuracy': '0.6429', 'epoch': '1.77'}
{'loss': '1.554', 'grad_norm': '1.685', 'learning_rate': '3.176e-06', 'entropy': '1.671', 'num_tokens': '1.225e+07', 'mean_token_accuracy': '0.6489', 'epoch': '1.779'}
  0%|          | 0/600 [00:00<?, ?it/s][A

  0%|          | 2/600 [00:00<00:49, 12.07it/s][A

  1%|          | 4/600 [00:00<01:20,  7.43it/s][A

  1%|          | 5/600 [00:00<01:24,  7.02it/s][A

  1%|          | 6/600 [00:00<01:26,  6.87it/s][A

  1%|          | 7/600 [00:00<01:28,  6.70it/s][A

  1%|▏         | 8/600 [00:01<01:33,  6.30it/s][A

  2%|▏         | 9/600 [00:01<01:34,  6.24it/s][A

  2%|▏         | 10/600 [00:01<01:38,  5.99it/s][A

  2%|▏         | 11/600 [00:01<01:36,  6.13it/s][A

  2%|▏         | 12/600 [00:01<01:39,  5.89it/s][A

  2%|▏         | 13/600 [00:02<01:38,  5.94it/s][A

  2%|▏         | 14/600 [00:02<01:37,  5.98it/s][A

  2%|▎         | 15/600 [00:02<01:34,  6.18it/s][A

  3%|▎         | 16/600 [00:02<01:36,  6.02it/s][A

  3%|▎         | 17/600 [00:02<01:37,  6.01it/s][A

  3%|▎         | 18/600 [00:02<01:41,  5.71it/s][A

  3%|▎         | 19/600 [00:03<01:41,  5.72it/s][A

  3%|▎         | 20/600 [00:03<01:37,  5.92it/s][A

  4%|▎         | 21/600 [00:03<01:36,  6.00it/s][A

  4%|▎         | 22/600 [00:03<01:36,  5.97it/s][A

  4%|▍         | 23/600 [00:03<01:35,  6.06it/s][A

  4%|▍         | 24/600 [00:03<01:34,  6.09it/s][A

  4%|▍         | 25/600 [00:03<01:32,  6.22it/s][A

  4%|▍         | 26/600 [00:04<01:32,  6.20it/s][A

  4%|▍         | 27/600 [00:04<01:38,  5.81it/s][A

  5%|▍         | 28/600 [00:04<01:42,  5.58it/s][A

  5%|▍         | 29/600 [00:04<01:38,  5.82it/s][A

  5%|▌         | 30/600 [00:04<01:34,  6.02it/s][A

  5%|▌         | 31/600 [00:05<01:31,  6.24it/s][A

  5%|▌         | 32/600 [00:05<01:29,  6.37it/s][A

  6%|▌         | 33/600 [00:05<01:28,  6.43it/s][A

  6%|▌         | 34/600 [00:05<01:28,  6.43it/s][A

  6%|▌         | 35/600 [00:05<01:26,  6.54it/s][A

  6%|▌         | 36/600 [00:05<01:27,  6.46it/s][A

  6%|▌         | 37/600 [00:05<01:32,  6.06it/s][A

  6%|▋         | 38/600 [00:06<01:34,  5.96it/s][A

  6%|▋         | 39/600 [00:06<01:34,  5.92it/s][A

  7%|▋         | 40/600 [00:06<01:30,  6.16it/s][A

  7%|▋         | 41/600 [00:06<01:29,  6.22it/s][A

  7%|▋         | 42/600 [00:06<01:28,  6.29it/s][A

  7%|▋         | 43/600 [00:06<01:27,  6.39it/s][A

  7%|▋         | 44/600 [00:07<01:28,  6.28it/s][A

  8%|▊         | 45/600 [00:07<01:29,  6.21it/s][A

  8%|▊         | 46/600 [00:07<01:29,  6.16it/s][A

  8%|▊         | 47/600 [00:07<01:32,  6.01it/s][A

  8%|▊         | 48/600 [00:07<01:30,  6.13it/s][A

  8%|▊         | 49/600 [00:07<01:27,  6.28it/s][A

  8%|▊         | 50/600 [00:08<01:26,  6.36it/s][A

  8%|▊         | 51/600 [00:08<01:28,  6.20it/s][A

  9%|▊         | 52/600 [00:08<01:26,  6.30it/s][A

  9%|▉         | 53/600 [00:08<01:25,  6.42it/s][A

  9%|▉         | 54/600 [00:08<01:23,  6.53it/s][A

  9%|▉         | 55/600 [00:08<01:26,  6.28it/s][A

  9%|▉         | 56/600 [00:09<01:30,  6.04it/s][A

 10%|▉         | 57/600 [00:09<01:29,  6.09it/s][A

 10%|▉         | 58/600 [00:09<01:27,  6.23it/s][A

 10%|▉         | 59/600 [00:09<01:25,  6.36it/s][A

 10%|█         | 60/600 [00:09<01:23,  6.45it/s][A

 10%|█         | 61/600 [00:09<01:22,  6.53it/s][A

 10%|█         | 62/600 [00:09<01:22,  6.55it/s][A

 10%|█         | 63/600 [00:10<01:21,  6.59it/s][A

 11%|█         | 64/600 [00:10<01:22,  6.49it/s][A

 11%|█         | 65/600 [00:10<01:24,  6.32it/s][A

 11%|█         | 66/600 [00:10<01:24,  6.32it/s][A

 11%|█         | 67/600 [00:10<01:26,  6.18it/s][A

 11%|█▏        | 68/600 [00:10<01:23,  6.34it/s][A

 12%|█▏        | 69/600 [00:11<01:22,  6.44it/s][A

 12%|█▏        | 70/600 [00:11<01:24,  6.25it/s][A

 12%|█▏        | 71/600 [00:11<01:23,  6.36it/s][A

 12%|█▏        | 72/600 [00:11<01:21,  6.51it/s][A

 12%|█▏        | 73/600 [00:11<01:19,  6.61it/s][A

 12%|█▏        | 74/600 [00:11<01:19,  6.60it/s][A

 12%|█▎        | 75/600 [00:11<01:19,  6.62it/s][A

 13%|█▎        | 76/600 [00:12<01:20,  6.49it/s][A

 13%|█▎        | 77/600 [00:12<01:20,  6.51it/s][A

 13%|█▎        | 78/600 [00:12<01:19,  6.59it/s][A

 13%|█▎        | 79/600 [00:12<01:20,  6.51it/s][A

 13%|█▎        | 80/600 [00:12<01:18,  6.62it/s][A

 14%|█▎        | 81/600 [00:12<01:19,  6.56it/s][A

 14%|█▎        | 82/600 [00:13<01:20,  6.42it/s][A

 14%|█▍        | 83/600 [00:13<01:19,  6.47it/s][A

 14%|█▍        | 84/600 [00:13<01:20,  6.38it/s][A

 14%|█▍        | 85/600 [00:13<01:22,  6.26it/s][A

 14%|█▍        | 86/600 [00:13<01:24,  6.09it/s][A

 14%|█▍        | 87/600 [00:13<01:21,  6.29it/s][A

 15%|█▍        | 88/600 [00:13<01:19,  6.45it/s][A

 15%|█▍        | 89/600 [00:14<01:18,  6.54it/s][A

 15%|█▌        | 90/600 [00:14<01:21,  6.26it/s][A

 15%|█▌        | 91/600 [00:14<01:29,  5.71it/s][A

 15%|█▌        | 92/600 [00:14<01:28,  5.77it/s][A

 16%|█▌        | 93/600 [00:14<01:24,  6.01it/s][A

 16%|█▌        | 94/600 [00:15<01:26,  5.83it/s][A

 16%|█▌        | 95/600 [00:15<01:32,  5.46it/s][A

 16%|█▌        | 96/600 [00:15<01:27,  5.75it/s][A

 16%|█▌        | 97/600 [00:15<01:28,  5.71it/s][A

 16%|█▋        | 98/600 [00:15<01:23,  6.00it/s][A

 16%|█▋        | 99/600 [00:15<01:25,  5.87it/s][A

 17%|█▋        | 100/600 [00:16<01:27,  5.71it/s][A

 17%|█▋        | 101/600 [00:16<01:29,  5.60it/s][A

 17%|█▋        | 102/600 [00:16<01:31,  5.42it/s][A

 17%|█▋        | 103/600 [00:16<01:32,  5.37it/s][A

 17%|█▋        | 104/600 [00:16<01:32,  5.38it/s][A

 18%|█▊        | 105/600 [00:17<01:40,  4.93it/s][A

 18%|█▊        | 106/600 [00:17<01:37,  5.08it/s][A

 18%|█▊        | 107/600 [00:17<01:29,  5.48it/s][A

 18%|█▊        | 108/600 [00:17<01:32,  5.33it/s][A

 18%|█▊        | 109/600 [00:17<01:29,  5.51it/s][A

 18%|█▊        | 110/600 [00:17<01:32,  5.30it/s][A

 18%|█▊        | 111/600 [00:18<01:38,  4.97it/s][A

 19%|█▊        | 112/600 [00:18<01:35,  5.09it/s][A

 19%|█▉        | 113/600 [00:18<01:38,  4.94it/s][A

 19%|█▉        | 114/600 [00:18<01:36,  5.03it/s][A

 19%|█▉        | 115/600 [00:18<01:31,  5.30it/s][A

 19%|█▉        | 116/600 [00:19<01:35,  5.05it/s][A

 20%|█▉        | 117/600 [00:19<01:28,  5.45it/s][A

 20%|█▉        | 118/600 [00:19<01:24,  5.68it/s][A

 20%|█▉        | 119/600 [00:19<01:24,  5.69it/s][A

 20%|██        | 120/600 [00:19<01:30,  5.33it/s][A

 20%|██        | 121/600 [00:20<01:26,  5.57it/s][A

 20%|██        | 122/600 [00:20<01:27,  5.47it/s][A

 20%|██        | 123/600 [00:20<01:24,  5.62it/s][A

 21%|██        | 124/600 [00:20<01:25,  5.60it/s][A

 21%|██        | 125/600 [00:20<01:23,  5.67it/s][A

 21%|██        | 126/600 [00:20<01:22,  5.72it/s][A

 21%|██        | 127/600 [00:21<01:22,  5.72it/s][A

 21%|██▏       | 128/600 [00:21<01:19,  5.93it/s][A

 22%|██▏       | 129/600 [00:21<01:19,  5.93it/s][A

 22%|██▏       | 130/600 [00:21<01:17,  6.03it/s][A

 22%|██▏       | 131/600 [00:21<01:17,  6.07it/s][A

 22%|██▏       | 132/600 [00:21<01:14,  6.26it/s][A

 22%|██▏       | 133/600 [00:22<01:15,  6.21it/s][A

 22%|██▏       | 134/600 [00:22<01:17,  5.97it/s][A

 22%|██▎       | 135/600 [00:22<01:19,  5.87it/s][A

 23%|██▎       | 136/600 [00:22<01:18,  5.88it/s][A

 23%|██▎       | 137/600 [00:22<01:20,  5.75it/s][A

 23%|██▎       | 138/600 [00:22<01:20,  5.72it/s][A

 23%|██▎       | 139/600 [00:23<01:19,  5.82it/s][A

 23%|██▎       | 140/600 [00:23<01:17,  5.92it/s][A

 24%|██▎       | 141/600 [00:23<01:17,  5.91it/s][A

 24%|██▎       | 142/600 [00:23<01:17,  5.91it/s][A

 24%|██▍       | 143/600 [00:23<01:14,  6.12it/s][A

 24%|██▍       | 144/600 [00:23<01:14,  6.11it/s][A

 24%|██▍       | 145/600 [00:24<01:14,  6.08it/s][A

 24%|██▍       | 146/600 [00:24<01:15,  6.04it/s][A

 24%|██▍       | 147/600 [00:24<01:17,  5.87it/s][A

 25%|██▍       | 148/600 [00:24<01:16,  5.89it/s][A

 25%|██▍       | 149/600 [00:24<01:13,  6.16it/s][A

 25%|██▌       | 150/600 [00:24<01:11,  6.27it/s][A

 25%|██▌       | 151/600 [00:25<01:11,  6.28it/s][A

 25%|██▌       | 152/600 [00:25<01:11,  6.28it/s][A

 26%|██▌       | 153/600 [00:25<01:09,  6.40it/s][A

 26%|██▌       | 154/600 [00:25<01:09,  6.40it/s][A

 26%|██▌       | 155/600 [00:25<01:11,  6.21it/s][A

 26%|██▌       | 156/600 [00:25<01:16,  5.77it/s][A

 26%|██▌       | 157/600 [00:26<01:20,  5.53it/s][A

 26%|██▋       | 158/600 [00:26<01:18,  5.65it/s][A

 26%|██▋       | 159/600 [00:26<01:19,  5.53it/s][A

 27%|██▋       | 160/600 [00:26<01:14,  5.90it/s][A

 27%|██▋       | 161/600 [00:26<01:12,  6.06it/s][A

 27%|██▋       | 162/600 [00:26<01:16,  5.76it/s][A

 27%|██▋       | 163/600 [00:27<01:13,  5.98it/s][A

 27%|██▋       | 164/600 [00:27<01:13,  5.93it/s][A

 28%|██▊       | 165/600 [00:27<01:14,  5.81it/s][A

 28%|██▊       | 166/600 [00:27<01:17,  5.63it/s][A

 28%|██▊       | 167/600 [00:27<01:20,  5.41it/s][A

 28%|██▊       | 168/600 [00:27<01:14,  5.77it/s][A

 28%|██▊       | 169/600 [00:28<01:11,  6.03it/s][A

 28%|██▊       | 170/600 [00:28<01:08,  6.29it/s][A

 28%|██▊       | 171/600 [00:28<01:08,  6.31it/s][A

 29%|██▊       | 172/600 [00:28<01:10,  6.09it/s][A

 29%|██▉       | 173/600 [00:28<01:15,  5.62it/s][A

 29%|██▉       | 174/600 [00:29<01:17,  5.51it/s][A

 29%|██▉       | 175/600 [00:29<01:13,  5.81it/s][A

 29%|██▉       | 176/600 [00:29<01:10,  6.05it/s][A

 30%|██▉       | 177/600 [00:29<01:08,  6.20it/s][A

 30%|██▉       | 178/600 [00:29<01:06,  6.36it/s][A

 30%|██▉       | 179/600 [00:29<01:05,  6.46it/s][A

 30%|███       | 180/600 [00:29<01:03,  6.57it/s][A

 30%|███       | 181/600 [00:30<01:04,  6.51it/s][A

 30%|███       | 182/600 [00:30<01:12,  5.79it/s][A

 30%|███       | 183/600 [00:30<01:10,  5.95it/s][A

 31%|███       | 184/600 [00:30<01:09,  6.01it/s][A

 31%|███       | 185/600 [00:30<01:07,  6.19it/s][A

 31%|███       | 186/600 [00:30<01:05,  6.36it/s][A

 31%|███       | 187/600 [00:31<01:03,  6.45it/s][A

 31%|███▏      | 188/600 [00:31<01:02,  6.62it/s][A

 32%|███▏      | 189/600 [00:31<01:02,  6.55it/s][A

 32%|███▏      | 190/600 [00:31<01:01,  6.63it/s][A

 32%|███▏      | 191/600 [00:31<01:01,  6.64it/s][A

 32%|███▏      | 192/600 [00:31<01:01,  6.61it/s][A

 32%|███▏      | 193/600 [00:31<01:01,  6.59it/s][A

 32%|███▏      | 194/600 [00:32<01:02,  6.53it/s][A

 32%|███▎      | 195/600 [00:32<01:02,  6.48it/s][A

 33%|███▎      | 196/600 [00:32<01:01,  6.62it/s][A

 33%|███▎      | 197/600 [00:32<01:00,  6.71it/s][A

 33%|███▎      | 198/600 [00:32<00:59,  6.76it/s][A

 33%|███▎      | 199/600 [00:32<00:59,  6.72it/s][A

 33%|███▎      | 200/600 [00:32<00:59,  6.74it/s][A

 34%|███▎      | 201/600 [00:33<01:00,  6.56it/s][A

 34%|███▎      | 202/600 [00:33<01:01,  6.49it/s][A

 34%|███▍      | 203/600 [00:33<01:02,  6.33it/s][A

 34%|███▍      | 204/600 [00:33<01:01,  6.42it/s][A

 34%|███▍      | 205/600 [00:33<01:00,  6.53it/s][A

 34%|███▍      | 206/600 [00:33<00:59,  6.67it/s][A

 34%|███▍      | 207/600 [00:34<01:01,  6.42it/s][A

 35%|███▍      | 208/600 [00:34<01:00,  6.44it/s][A

 35%|███▍      | 209/600 [00:34<01:01,  6.31it/s][A

 35%|███▌      | 210/600 [00:34<01:01,  6.29it/s][A

 35%|███▌      | 211/600 [00:34<01:01,  6.35it/s][A

 35%|███▌      | 212/600 [00:34<01:01,  6.36it/s][A

 36%|███▌      | 213/600 [00:35<01:01,  6.32it/s][A

 36%|███▌      | 214/600 [00:35<01:00,  6.42it/s][A

 36%|███▌      | 215/600 [00:35<00:59,  6.52it/s][A

 36%|███▌      | 216/600 [00:35<00:58,  6.62it/s][A

 36%|███▌      | 217/600 [00:35<00:58,  6.57it/s][A

 36%|███▋      | 218/600 [00:35<01:03,  6.05it/s][A

 36%|███▋      | 219/600 [00:35<01:01,  6.19it/s][A

 37%|███▋      | 220/600 [00:36<01:05,  5.83it/s][A

 37%|███▋      | 221/600 [00:36<01:06,  5.73it/s][A

 37%|███▋      | 222/600 [00:36<01:07,  5.62it/s][A

 37%|███▋      | 223/600 [00:36<01:10,  5.32it/s][A

 37%|███▋      | 224/600 [00:36<01:10,  5.32it/s][A

 38%|███▊      | 225/600 [00:37<01:11,  5.21it/s][A

 38%|███▊      | 226/600 [00:37<01:16,  4.89it/s][A

 38%|███▊      | 227/600 [00:37<01:13,  5.07it/s][A

 38%|███▊      | 228/600 [00:37<01:13,  5.09it/s][A

 38%|███▊      | 229/600 [00:37<01:10,  5.29it/s][A

 38%|███▊      | 230/600 [00:38<01:10,  5.28it/s][A

 38%|███▊      | 231/600 [00:38<01:07,  5.44it/s][A

 39%|███▊      | 232/600 [00:38<01:11,  5.14it/s][A

 39%|███▉      | 233/600 [00:38<01:09,  5.26it/s][A

 39%|███▉      | 234/600 [00:38<01:09,  5.29it/s][A

 39%|███▉      | 235/600 [00:39<01:07,  5.44it/s][A

 39%|███▉      | 236/600 [00:39<01:10,  5.20it/s][A

 40%|███▉      | 237/600 [00:39<01:08,  5.31it/s][A

 40%|███▉      | 238/600 [00:39<01:07,  5.39it/s][A

 40%|███▉      | 239/600 [00:39<01:05,  5.50it/s][A

 40%|████      | 240/600 [00:39<01:03,  5.68it/s][A

 40%|████      | 241/600 [00:40<01:04,  5.56it/s][A

 40%|████      | 242/600 [00:40<01:02,  5.70it/s][A

 40%|████      | 243/600 [00:40<01:02,  5.73it/s][A

 41%|████      | 244/600 [00:40<01:04,  5.49it/s][A

 41%|████      | 245/600 [00:40<01:02,  5.70it/s][A

 41%|████      | 246/600 [00:41<01:03,  5.61it/s][A

 41%|████      | 247/600 [00:41<01:03,  5.56it/s][A

 41%|████▏     | 248/600 [00:41<01:05,  5.33it/s][A

 42%|████▏     | 249/600 [00:41<01:06,  5.29it/s][A

 42%|████▏     | 250/600 [00:41<01:01,  5.67it/s][A

 42%|████▏     | 251/600 [00:41<01:02,  5.62it/s][A

 42%|████▏     | 252/600 [00:42<01:01,  5.70it/s][A

 42%|████▏     | 253/600 [00:42<00:59,  5.81it/s][A

 42%|████▏     | 254/600 [00:42<00:58,  5.87it/s][A

 42%|████▎     | 255/600 [00:42<00:58,  5.88it/s][A

 43%|████▎     | 256/600 [00:42<00:59,  5.83it/s][A

 43%|████▎     | 257/600 [00:42<00:57,  6.02it/s][A

 43%|████▎     | 258/600 [00:43<00:55,  6.17it/s][A

 43%|████▎     | 259/600 [00:43<00:56,  6.03it/s][A

 43%|████▎     | 260/600 [00:43<00:57,  5.93it/s][A

 44%|████▎     | 261/600 [00:43<00:57,  5.91it/s][A

 44%|████▎     | 262/600 [00:43<00:56,  5.98it/s][A

 44%|████▍     | 263/600 [00:43<00:57,  5.91it/s][A

 44%|████▍     | 264/600 [00:44<00:56,  5.91it/s][A

 44%|████▍     | 265/600 [00:44<00:57,  5.85it/s][A

 44%|████▍     | 266/600 [00:44<00:54,  6.12it/s][A

 44%|████▍     | 267/600 [00:44<00:55,  5.96it/s][A

 45%|████▍     | 268/600 [00:44<00:53,  6.16it/s][A

 45%|████▍     | 269/600 [00:44<00:53,  6.22it/s][A

 45%|████▌     | 270/600 [00:45<00:52,  6.24it/s][A

 45%|████▌     | 271/600 [00:45<00:53,  6.13it/s][A

 45%|████▌     | 272/600 [00:45<00:53,  6.09it/s][A

 46%|████▌     | 273/600 [00:45<00:54,  6.05it/s][A

 46%|████▌     | 274/600 [00:45<00:52,  6.21it/s][A

 46%|████▌     | 275/600 [00:45<00:51,  6.37it/s][A

 46%|████▌     | 276/600 [00:46<00:51,  6.27it/s][A

 46%|████▌     | 277/600 [00:46<00:53,  6.05it/s][A

 46%|████▋     | 278/600 [00:46<00:52,  6.18it/s][A

 46%|████▋     | 279/600 [00:46<00:51,  6.26it/s][A

 47%|████▋     | 280/600 [00:46<00:50,  6.32it/s][A

 47%|████▋     | 281/600 [00:46<00:50,  6.31it/s][A

 47%|████▋     | 282/600 [00:47<00:55,  5.73it/s][A

 47%|████▋     | 283/600 [00:47<00:54,  5.78it/s][A

 47%|████▋     | 284/600 [00:47<00:53,  5.88it/s][A

 48%|████▊     | 285/600 [00:47<00:51,  6.12it/s][A

 48%|████▊     | 286/600 [00:47<00:50,  6.28it/s][A

 48%|████▊     | 287/600 [00:47<00:48,  6.41it/s][A

 48%|████▊     | 288/600 [00:47<00:47,  6.52it/s][A

 48%|████▊     | 289/600 [00:48<00:48,  6.45it/s][A

 48%|████▊     | 290/600 [00:48<00:47,  6.48it/s][A

 48%|████▊     | 291/600 [00:48<00:49,  6.25it/s][A

 49%|████▊     | 292/600 [00:48<00:50,  6.07it/s][A

 49%|████▉     | 293/600 [00:48<00:49,  6.19it/s][A

 49%|████▉     | 294/600 [00:48<00:48,  6.34it/s][A

 49%|████▉     | 295/600 [00:49<00:47,  6.45it/s][A

 49%|████▉     | 296/600 [00:49<00:47,  6.46it/s][A

 50%|████▉     | 297/600 [00:49<00:46,  6.50it/s][A

 50%|████▉     | 298/600 [00:49<00:47,  6.38it/s][A

 50%|████▉     | 299/600 [00:49<00:50,  5.98it/s][A

 50%|█████     | 300/600 [00:49<00:50,  5.92it/s][A

 50%|█████     | 301/600 [00:50<00:50,  5.94it/s][A

 50%|█████     | 302/600 [00:50<00:49,  6.08it/s][A

 50%|█████     | 303/600 [00:50<00:47,  6.22it/s][A

 51%|█████     | 304/600 [00:50<00:48,  6.16it/s][A

 51%|█████     | 305/600 [00:50<00:48,  6.12it/s][A

 51%|█████     | 306/600 [00:50<00:46,  6.27it/s][A

 51%|█████     | 307/600 [00:51<00:45,  6.40it/s][A

 51%|█████▏    | 308/600 [00:51<00:45,  6.45it/s][A

 52%|█████▏    | 309/600 [00:51<00:45,  6.37it/s][A

 52%|█████▏    | 310/600 [00:51<00:48,  6.02it/s][A

 52%|█████▏    | 311/600 [00:51<00:49,  5.80it/s][A

 52%|█████▏    | 312/600 [00:51<00:50,  5.73it/s][A

 52%|█████▏    | 313/600 [00:52<00:48,  5.96it/s][A

 52%|█████▏    | 314/600 [00:52<00:46,  6.09it/s][A

 52%|█████▎    | 315/600 [00:52<00:45,  6.27it/s][A

 53%|█████▎    | 316/600 [00:52<00:44,  6.45it/s][A

 53%|█████▎    | 317/600 [00:52<00:42,  6.59it/s][A

 53%|█████▎    | 318/600 [00:52<00:42,  6.58it/s][A

 53%|█████▎    | 319/600 [00:52<00:43,  6.44it/s][A

 53%|█████▎    | 320/600 [00:53<00:43,  6.47it/s][A

 54%|█████▎    | 321/600 [00:53<00:43,  6.45it/s][A

 54%|█████▎    | 322/600 [00:53<00:42,  6.53it/s][A

 54%|█████▍    | 323/600 [00:53<00:41,  6.61it/s][A

 54%|█████▍    | 324/600 [00:53<00:42,  6.50it/s][A

 54%|█████▍    | 325/600 [00:53<00:42,  6.52it/s][A

 54%|█████▍    | 326/600 [00:54<00:41,  6.66it/s][A

 55%|█████▍    | 327/600 [00:54<00:40,  6.67it/s][A

 55%|█████▍    | 328/600 [00:54<00:41,  6.51it/s][A

 55%|█████▍    | 329/600 [00:54<00:43,  6.27it/s][A

 55%|█████▌    | 330/600 [00:54<00:44,  6.12it/s][A

 55%|█████▌    | 331/600 [00:54<00:42,  6.27it/s][A

 55%|█████▌    | 332/600 [00:54<00:42,  6.34it/s][A

 56%|█████▌    | 333/600 [00:55<00:41,  6.45it/s][A

 56%|█████▌    | 334/600 [00:55<00:41,  6.49it/s][A

 56%|█████▌    | 335/600 [00:55<00:40,  6.55it/s][A

 56%|█████▌    | 336/600 [00:55<00:41,  6.34it/s][A

 56%|█████▌    | 337/600 [00:55<00:41,  6.29it/s][A

 56%|█████▋    | 338/600 [00:55<00:44,  5.93it/s][A

 56%|█████▋    | 339/600 [00:56<00:45,  5.70it/s][A

 57%|█████▋    | 340/600 [00:56<00:45,  5.65it/s][A

 57%|█████▋    | 341/600 [00:56<00:45,  5.67it/s][A

 57%|█████▋    | 342/600 [00:56<00:43,  5.95it/s][A

 57%|█████▋    | 343/600 [00:56<00:42,  6.07it/s][A

 57%|█████▋    | 344/600 [00:56<00:41,  6.14it/s][A

 57%|█████▊    | 345/600 [00:57<00:40,  6.34it/s][A

 58%|█████▊    | 346/600 [00:57<00:41,  6.12it/s][A

 58%|█████▊    | 347/600 [00:57<00:42,  5.89it/s][A

 58%|█████▊    | 348/600 [00:57<00:44,  5.69it/s][A

 58%|█████▊    | 349/600 [00:57<00:44,  5.67it/s][A

 58%|█████▊    | 350/600 [00:58<00:42,  5.86it/s][A

 58%|█████▊    | 351/600 [00:58<00:46,  5.40it/s][A

 59%|█████▊    | 352/600 [00:58<00:48,  5.16it/s][A

 59%|█████▉    | 353/600 [00:58<00:47,  5.15it/s][A

 59%|█████▉    | 354/600 [00:58<00:47,  5.15it/s][A

 59%|█████▉    | 355/600 [00:59<00:45,  5.33it/s][A

 59%|█████▉    | 356/600 [00:59<00:46,  5.29it/s][A

 60%|█████▉    | 357/600 [00:59<00:46,  5.18it/s][A

 60%|█████▉    | 358/600 [00:59<00:44,  5.48it/s][A

 60%|█████▉    | 359/600 [00:59<00:45,  5.29it/s][A

 60%|██████    | 360/600 [00:59<00:43,  5.47it/s][A

 60%|██████    | 361/600 [01:00<00:44,  5.39it/s][A

 60%|██████    | 362/600 [01:00<00:47,  5.04it/s][A

 60%|██████    | 363/600 [01:00<00:45,  5.21it/s][A

 61%|██████    | 364/600 [01:00<00:45,  5.16it/s][A

 61%|██████    | 365/600 [01:00<00:44,  5.33it/s][A

 61%|██████    | 366/600 [01:01<00:44,  5.26it/s][A

 61%|██████    | 367/600 [01:01<00:43,  5.34it/s][A

 61%|██████▏   | 368/600 [01:01<00:41,  5.62it/s][A

 62%|██████▏   | 369/600 [01:01<00:42,  5.39it/s][A

 62%|██████▏   | 370/600 [01:01<00:41,  5.54it/s][A

 62%|██████▏   | 371/600 [01:02<00:44,  5.18it/s][A

 62%|██████▏   | 372/600 [01:02<00:42,  5.41it/s][A

 62%|██████▏   | 373/600 [01:02<00:40,  5.62it/s][A

 62%|██████▏   | 374/600 [01:02<00:42,  5.27it/s][A

 62%|██████▎   | 375/600 [01:02<00:46,  4.80it/s][A

 63%|██████▎   | 376/600 [01:03<00:46,  4.83it/s][A

 63%|██████▎   | 377/600 [01:03<00:45,  4.87it/s][A

 63%|██████▎   | 378/600 [01:03<00:42,  5.19it/s][A

 63%|██████▎   | 379/600 [01:03<00:40,  5.47it/s][A

 63%|██████▎   | 380/600 [01:03<00:39,  5.60it/s][A

 64%|██████▎   | 381/600 [01:03<00:38,  5.75it/s][A

 64%|██████▎   | 382/600 [01:04<00:37,  5.81it/s][A

 64%|██████▍   | 383/600 [01:04<00:36,  5.87it/s][A

 64%|██████▍   | 384/600 [01:04<00:36,  5.92it/s][A

 64%|██████▍   | 385/600 [01:04<00:37,  5.79it/s][A

 64%|██████▍   | 386/600 [01:04<00:36,  5.79it/s][A

 64%|██████▍   | 387/600 [01:04<00:36,  5.87it/s][A

 65%|██████▍   | 388/600 [01:05<00:37,  5.71it/s][A

 65%|██████▍   | 389/600 [01:05<00:36,  5.74it/s][A

 65%|██████▌   | 390/600 [01:05<00:35,  5.89it/s][A

 65%|██████▌   | 391/600 [01:05<00:34,  5.99it/s][A

 65%|██████▌   | 392/600 [01:05<00:34,  6.00it/s][A

 66%|██████▌   | 393/600 [01:05<00:33,  6.10it/s][A

 66%|██████▌   | 394/600 [01:06<00:32,  6.29it/s][A

 66%|██████▌   | 395/600 [01:06<00:32,  6.28it/s][A

 66%|██████▌   | 396/600 [01:06<00:33,  6.00it/s][A

 66%|██████▌   | 397/600 [01:06<00:35,  5.72it/s][A

 66%|██████▋   | 398/600 [01:06<00:34,  5.89it/s][A

 66%|██████▋   | 399/600 [01:06<00:33,  6.02it/s][A

 67%|██████▋   | 400/600 [01:07<00:33,  5.93it/s][A

 67%|██████▋   | 401/600 [01:07<00:32,  6.14it/s][A

 67%|██████▋   | 402/600 [01:07<00:31,  6.21it/s][A

 67%|██████▋   | 403/600 [01:07<00:32,  6.11it/s][A

 67%|██████▋   | 404/600 [01:07<00:31,  6.14it/s][A

 68%|██████▊   | 405/600 [01:07<00:31,  6.22it/s][A

 68%|██████▊   | 406/600 [01:08<00:31,  6.09it/s][A

 68%|██████▊   | 407/600 [01:08<00:32,  5.92it/s][A

 68%|██████▊   | 408/600 [01:08<00:31,  6.11it/s][A

 68%|██████▊   | 409/600 [01:08<00:30,  6.26it/s][A

 68%|██████▊   | 410/600 [01:08<00:31,  6.06it/s][A

 68%|██████▊   | 411/600 [01:08<00:29,  6.31it/s][A

 69%|██████▊   | 412/600 [01:08<00:29,  6.44it/s][A

 69%|██████▉   | 413/600 [01:09<00:28,  6.56it/s][A

 69%|██████▉   | 414/600 [01:09<00:28,  6.54it/s][A

 69%|██████▉   | 415/600 [01:09<00:28,  6.49it/s][A

 69%|██████▉   | 416/600 [01:09<00:30,  5.95it/s][A

 70%|██████▉   | 417/600 [01:09<00:31,  5.84it/s][A

 70%|██████▉   | 418/600 [01:09<00:29,  6.08it/s][A

 70%|██████▉   | 419/600 [01:10<00:29,  6.17it/s][A

 70%|███████   | 420/600 [01:10<00:28,  6.34it/s][A

 70%|███████   | 421/600 [01:10<00:27,  6.43it/s][A

 70%|███████   | 422/600 [01:10<00:27,  6.44it/s][A

 70%|███████   | 423/600 [01:10<00:27,  6.44it/s][A

 71%|███████   | 424/600 [01:10<00:28,  6.28it/s][A

 71%|███████   | 425/600 [01:11<00:28,  6.15it/s][A

 71%|███████   | 426/600 [01:11<00:28,  6.05it/s][A

 71%|███████   | 427/600 [01:11<00:30,  5.65it/s][A

 71%|███████▏  | 428/600 [01:11<00:29,  5.77it/s][A

 72%|███████▏  | 429/600 [01:11<00:29,  5.89it/s][A

 72%|███████▏  | 430/600 [01:11<00:28,  5.94it/s][A

 72%|███████▏  | 431/600 [01:12<00:27,  6.16it/s][A

 72%|███████▏  | 432/600 [01:12<00:26,  6.31it/s][A

 72%|███████▏  | 433/600 [01:12<00:27,  6.07it/s][A

 72%|███████▏  | 434/600 [01:12<00:27,  6.03it/s][A

 72%|███████▎  | 435/600 [01:12<00:28,  5.85it/s][A

 73%|███████▎  | 436/600 [01:12<00:27,  5.89it/s][A

 73%|███████▎  | 437/600 [01:13<00:27,  5.94it/s][A

 73%|███████▎  | 438/600 [01:13<00:28,  5.77it/s][A

 73%|███████▎  | 439/600 [01:13<00:28,  5.67it/s][A

 73%|███████▎  | 440/600 [01:13<00:26,  5.98it/s][A

 74%|███████▎  | 441/600 [01:13<00:26,  6.08it/s][A

 74%|███████▎  | 442/600 [01:13<00:25,  6.13it/s][A

 74%|███████▍  | 443/600 [01:14<00:25,  6.16it/s][A

 74%|███████▍  | 444/600 [01:14<00:25,  6.11it/s][A

 74%|███████▍  | 445/600 [01:14<00:24,  6.26it/s][A

 74%|███████▍  | 446/600 [01:14<00:24,  6.40it/s][A

 74%|███████▍  | 447/600 [01:14<00:23,  6.51it/s][A

 75%|███████▍  | 448/600 [01:14<00:23,  6.53it/s][A

 75%|███████▍  | 449/600 [01:15<00:22,  6.57it/s][A

 75%|███████▌  | 450/600 [01:15<00:22,  6.54it/s][A

 75%|███████▌  | 451/600 [01:15<00:23,  6.33it/s][A

 75%|███████▌  | 452/600 [01:15<00:23,  6.22it/s][A

 76%|███████▌  | 453/600 [01:15<00:23,  6.28it/s][A

 76%|███████▌  | 454/600 [01:15<00:22,  6.40it/s][A

 76%|███████▌  | 455/600 [01:15<00:22,  6.51it/s][A

 76%|███████▌  | 456/600 [01:16<00:22,  6.51it/s][A

 76%|███████▌  | 457/600 [01:16<00:22,  6.38it/s][A

 76%|███████▋  | 458/600 [01:16<00:22,  6.23it/s][A

 76%|███████▋  | 459/600 [01:16<00:22,  6.41it/s][A

 77%|███████▋  | 460/600 [01:16<00:21,  6.51it/s][A

 77%|███████▋  | 461/600 [01:16<00:21,  6.46it/s][A

 77%|███████▋  | 462/600 [01:17<00:21,  6.40it/s][A

 77%|███████▋  | 463/600 [01:17<00:21,  6.41it/s][A

 77%|███████▋  | 464/600 [01:17<00:21,  6.41it/s][A

 78%|███████▊  | 465/600 [01:17<00:20,  6.55it/s][A

 78%|███████▊  | 466/600 [01:17<00:20,  6.55it/s][A

 78%|███████▊  | 467/600 [01:17<00:20,  6.51it/s][A

 78%|███████▊  | 468/600 [01:17<00:19,  6.66it/s][A

 78%|███████▊  | 469/600 [01:18<00:19,  6.69it/s][A

 78%|███████▊  | 470/600 [01:18<00:19,  6.53it/s][A

 78%|███████▊  | 471/600 [01:18<00:21,  6.13it/s][A

 79%|███████▊  | 472/600 [01:18<00:20,  6.26it/s][A

 79%|███████▉  | 473/600 [01:18<00:20,  6.35it/s][A

 79%|███████▉  | 474/600 [01:18<00:20,  6.28it/s][A

 79%|███████▉  | 475/600 [01:19<00:21,  5.88it/s][A

 79%|███████▉  | 476/600 [01:19<00:22,  5.49it/s][A

 80%|███████▉  | 477/600 [01:19<00:22,  5.45it/s][A

 80%|███████▉  | 478/600 [01:19<00:21,  5.56it/s][A

 80%|███████▉  | 479/600 [01:19<00:21,  5.57it/s][A

 80%|████████  | 480/600 [01:20<00:21,  5.46it/s][A

 80%|████████  | 481/600 [01:20<00:22,  5.29it/s][A

 80%|████████  | 482/600 [01:20<00:22,  5.23it/s][A

 80%|████████  | 483/600 [01:20<00:23,  5.05it/s][A

 81%|████████  | 484/600 [01:20<00:22,  5.22it/s][A

 81%|████████  | 485/600 [01:21<00:23,  4.99it/s][A

 81%|████████  | 486/600 [01:21<00:21,  5.27it/s][A

 81%|████████  | 487/600 [01:21<00:21,  5.34it/s][A

 81%|████████▏ | 488/600 [01:21<00:20,  5.52it/s][A

 82%|████████▏ | 489/600 [01:21<00:20,  5.53it/s][A

 82%|████████▏ | 490/600 [01:21<00:20,  5.49it/s][A

 82%|████████▏ | 491/600 [01:22<00:19,  5.67it/s][A

 82%|████████▏ | 492/600 [01:22<00:18,  5.82it/s][A

 82%|████████▏ | 493/600 [01:22<00:18,  5.69it/s][A

 82%|████████▏ | 494/600 [01:22<00:19,  5.57it/s][A

 82%|████████▎ | 495/600 [01:22<00:19,  5.47it/s][A

 83%|████████▎ | 496/600 [01:23<00:19,  5.45it/s][A

 83%|████████▎ | 497/600 [01:23<00:19,  5.26it/s][A

 83%|████████▎ | 498/600 [01:23<00:19,  5.17it/s][A

 83%|████████▎ | 499/600 [01:23<00:19,  5.15it/s][A

 83%|████████▎ | 500/600 [01:23<00:18,  5.38it/s][A

 84%|████████▎ | 501/600 [01:23<00:17,  5.54it/s][A

 84%|████████▎ | 502/600 [01:24<00:18,  5.43it/s][A

 84%|████████▍ | 503/600 [01:24<00:17,  5.47it/s][A

 84%|████████▍ | 504/600 [01:24<00:17,  5.57it/s][A

 84%|████████▍ | 505/600 [01:24<00:17,  5.54it/s][A

 84%|████████▍ | 506/600 [01:24<00:16,  5.57it/s][A

 84%|████████▍ | 507/600 [01:25<00:16,  5.78it/s][A

 85%|████████▍ | 508/600 [01:25<00:15,  5.95it/s][A

 85%|████████▍ | 509/600 [01:25<00:14,  6.23it/s][A

 85%|████████▌ | 510/600 [01:25<00:14,  6.11it/s][A

 85%|████████▌ | 511/600 [01:25<00:14,  6.14it/s][A

 85%|████████▌ | 512/600 [01:25<00:14,  6.04it/s][A

 86%|████████▌ | 513/600 [01:26<00:14,  5.92it/s][A

 86%|████████▌ | 514/600 [01:26<00:14,  6.05it/s][A

 86%|████████▌ | 515/600 [01:26<00:14,  5.98it/s][A

 86%|████████▌ | 516/600 [01:26<00:14,  5.86it/s][A

 86%|████████▌ | 517/600 [01:26<00:13,  6.08it/s][A

 86%|████████▋ | 518/600 [01:26<00:13,  6.04it/s][A

 86%|████████▋ | 519/600 [01:26<00:13,  6.09it/s][A

 87%|████████▋ | 520/600 [01:27<00:13,  6.15it/s][A

 87%|████████▋ | 521/600 [01:27<00:12,  6.10it/s][A

 87%|████████▋ | 522/600 [01:27<00:12,  6.15it/s][A

 87%|████████▋ | 523/600 [01:27<00:12,  6.12it/s][A

 87%|████████▋ | 524/600 [01:27<00:13,  5.80it/s][A

 88%|████████▊ | 525/600 [01:28<00:13,  5.64it/s][A

 88%|████████▊ | 526/600 [01:28<00:12,  5.91it/s][A

 88%|████████▊ | 527/600 [01:28<00:11,  6.12it/s][A

 88%|████████▊ | 528/600 [01:28<00:11,  6.06it/s][A

 88%|████████▊ | 529/600 [01:28<00:11,  6.10it/s][A

 88%|████████▊ | 530/600 [01:28<00:11,  6.12it/s][A

 88%|████████▊ | 531/600 [01:28<00:11,  5.93it/s][A

 89%|████████▊ | 532/600 [01:29<00:11,  6.00it/s][A

 89%|████████▉ | 533/600 [01:29<00:11,  6.00it/s][A

 89%|████████▉ | 534/600 [01:29<00:11,  5.90it/s][A

 89%|████████▉ | 535/600 [01:29<00:10,  6.15it/s][A

 89%|████████▉ | 536/600 [01:29<00:10,  6.24it/s][A

 90%|████████▉ | 537/600 [01:29<00:10,  6.28it/s][A

 90%|████████▉ | 538/600 [01:30<00:09,  6.36it/s][A

 90%|████████▉ | 539/600 [01:30<00:09,  6.39it/s][A

 90%|█████████ | 540/600 [01:30<00:09,  6.48it/s][A

 90%|█████████ | 541/600 [01:30<00:09,  6.34it/s][A

 90%|█████████ | 542/600 [01:30<00:09,  6.25it/s][A

 90%|█████████ | 543/600 [01:30<00:09,  6.28it/s][A

 91%|█████████ | 544/600 [01:31<00:08,  6.26it/s][A

 91%|█████████ | 545/600 [01:31<00:08,  6.37it/s][A

 91%|█████████ | 546/600 [01:31<00:08,  6.34it/s][A

 91%|█████████ | 547/600 [01:31<00:09,  5.72it/s][A

 91%|█████████▏| 548/600 [01:31<00:08,  5.90it/s][A

 92%|█████████▏| 549/600 [01:31<00:08,  6.02it/s][A

 92%|█████████▏| 550/600 [01:32<00:08,  6.03it/s][A

 92%|█████████▏| 551/600 [01:32<00:08,  6.10it/s][A

 92%|█████████▏| 552/600 [01:32<00:08,  5.82it/s][A

 92%|█████████▏| 553/600 [01:32<00:08,  5.58it/s][A

 92%|█████████▏| 554/600 [01:32<00:07,  5.77it/s][A

 92%|█████████▎| 555/600 [01:32<00:07,  5.87it/s][A

 93%|█████████▎| 556/600 [01:33<00:07,  5.80it/s][A

 93%|█████████▎| 557/600 [01:33<00:07,  5.70it/s][A

 93%|█████████▎| 558/600 [01:33<00:07,  5.92it/s][A

 93%|█████████▎| 559/600 [01:33<00:07,  5.79it/s][A

 93%|█████████▎| 560/600 [01:33<00:07,  5.61it/s][A

 94%|█████████▎| 561/600 [01:34<00:07,  5.57it/s][A

 94%|█████████▎| 562/600 [01:34<00:06,  5.55it/s][A

 94%|█████████▍| 563/600 [01:34<00:06,  5.86it/s][A

 94%|█████████▍| 564/600 [01:34<00:06,  5.83it/s][A

 94%|█████████▍| 565/600 [01:34<00:06,  5.78it/s][A

 94%|█████████▍| 566/600 [01:34<00:05,  5.84it/s][A

 94%|█████████▍| 567/600 [01:35<00:05,  5.83it/s][A

 95%|█████████▍| 568/600 [01:35<00:05,  5.69it/s][A

 95%|█████████▍| 569/600 [01:35<00:05,  5.68it/s][A

 95%|█████████▌| 570/600 [01:35<00:05,  5.78it/s][A

 95%|█████████▌| 571/600 [01:35<00:04,  5.97it/s][A

 95%|█████████▌| 572/600 [01:35<00:04,  6.22it/s][A

 96%|█████████▌| 573/600 [01:36<00:04,  6.26it/s][A

 96%|█████████▌| 574/600 [01:36<00:04,  6.26it/s][A

 96%|█████████▌| 575/600 [01:36<00:04,  6.24it/s][A

 96%|█████████▌| 576/600 [01:36<00:03,  6.21it/s][A

 96%|█████████▌| 577/600 [01:36<00:03,  6.22it/s][A

 96%|█████████▋| 578/600 [01:36<00:03,  6.07it/s][A

 96%|█████████▋| 579/600 [01:36<00:03,  6.12it/s][A

 97%|█████████▋| 580/600 [01:37<00:03,  6.01it/s][A

 97%|█████████▋| 581/600 [01:37<00:03,  6.01it/s][A

 97%|█████████▋| 582/600 [01:37<00:02,  6.20it/s][A

 97%|█████████▋| 583/600 [01:37<00:02,  6.11it/s][A

 97%|█████████▋| 584/600 [01:37<00:02,  6.14it/s][A

 98%|█████████▊| 585/600 [01:37<00:02,  6.20it/s][A

 98%|█████████▊| 586/600 [01:38<00:02,  6.33it/s][A

 98%|█████████▊| 587/600 [01:38<00:02,  6.17it/s][A

 98%|█████████▊| 588/600 [01:38<00:01,  6.13it/s][A

 98%|█████████▊| 589/600 [01:38<00:01,  6.01it/s][A

 98%|█████████▊| 590/600 [01:38<00:01,  6.17it/s][A

 98%|█████████▊| 591/600 [01:38<00:01,  6.34it/s][A

 99%|█████████▊| 592/600 [01:39<00:01,  6.46it/s][A

 99%|█████████▉| 593/600 [01:39<00:01,  6.39it/s][A

 99%|█████████▉| 594/600 [01:39<00:00,  6.45it/s][A

 99%|█████████▉| 595/600 [01:39<00:00,  6.38it/s][A

 99%|█████████▉| 596/600 [01:39<00:00,  6.31it/s][A

100%|█████████▉| 597/600 [01:39<00:00,  6.25it/s][A

100%|█████████▉| 598/600 [01:40<00:00,  6.08it/s][A

100%|█████████▉| 599/600 [01:40<00:00,  6.03it/s][A

100%|██████████| 600/600 [01:40<00:00,  5.74it/s][A
                                                     


                                                 
[A
 89%|████████▉ | 3900/4384 [2:11:11<49:22,  6.12s/it]

100%|██████████| 600/600 [01:40<00:00,  5.74it/s][A

                                                 [A
 89%|████████▉ | 3901/4384 [2:11:19<4:54:49, 36.62s/it]
 89%|████████▉ | 3902/4384 [2:11:25<3:40:53, 27.50s/it]
 89%|████████▉ | 3903/4384 [2:11:31<2:48:43, 21.05s/it]
 89%|████████▉ | 3904/4384 [2:11:37<2:11:56, 16.49s/it]
 89%|████████▉ | 3905/4384 [2:11:43<1:46:32, 13.34s/it]
 89%|████████▉ | 3906/4384 [2:11:49<1:28:31, 11.11s/it]
 89%|████████▉ | 3907/4384 [2:11:55<1:16:47,  9.66s/it]
 89%|████████▉ | 3908/4384 [2:12:01<1:08:30,  8.63s/it]
 89%|████████▉ | 3909/4384 [2:12:07<1:01:43,  7.80s/it]
 89%|████████▉ | 3910/4384 [2:12:13<56:58,  7.21s/it]  
 89%|████████▉ | 3911/4384 [2:12:19<53:41,  6.81s/it]
 89%|████████▉ | 3912/4384 [2:12:24<51:02,  6.49s/it]
 89%|████████▉ | 3913/4384 [2:12:31<50:39,  6.45s/it]
 89%|████████▉ | 3914/4384 [2:12:37<50:28,  6.44s/it]
 89%|████████▉ | 3915/4384 [2:12:44<49:57,  6.39s/it]
 89%|████████▉ | 3916/4384 [2:12:49<48:42,  6.24s/it]
 89%|████████▉ | 3917/4384 [2:12:55<47:26,  6.10s/it]
 89%|████████▉ | 3918/4384 [2:13:01<46:30,  5.99s/it]
 89%|████████▉ | 3919/4384 [2:13:07<46:41,  6.02s/it]
 89%|████████▉ | 3920/4384 [2:13:14<47:58,  6.20s/it]
                                                     

 89%|████████▉ | 3920/4384 [2:13:14<47:58,  6.20s/it]
 89%|████████▉ | 3921/4384 [2:13:20<48:09,  6.24s/it]
 89%|████████▉ | 3922/4384 [2:13:26<47:51,  6.21s/it]
 89%|████████▉ | 3923/4384 [2:13:32<47:47,  6.22s/it]
 90%|████████▉ | 3924/4384 [2:13:38<47:21,  6.18s/it]
 90%|████████▉ | 3925/4384 [2:13:44<45:46,  5.98s/it]
 90%|████████▉ | 3926/4384 [2:13:50<46:18,  6.07s/it]
 90%|████████▉ | 3927/4384 [2:13:56<46:06,  6.05s/it]
 90%|████████▉ | 3928/4384 [2:14:02<45:23,  5.97s/it]
 90%|████████▉ | 3929/4384 [2:14:08<45:58,  6.06s/it]
 90%|████████▉ | 3930/4384 [2:14:14<45:47,  6.05s/it]
 90%|████████▉ | 3931/4384 [2:14:20<45:32,  6.03s/it]
 90%|████████▉ | 3932/4384 [2:14:26<45:29,  6.04s/it]
 90%|████████▉ | 3933/4384 [2:14:33<46:19,  6.16s/it]
 90%|████████▉ | 3934/4384 [2:14:39<46:01,  6.14s/it]
 90%|████████▉ | 3935/4384 [2:14:45<45:27,  6.08s/it]
 90%|████████▉ | 3936/4384 [2:14:51<45:50,  6.14s/it]
 90%|████████▉ | 3937/4384 [2:14:57<45:02,  6.04s/it]
 90%|████████▉ | 3938/4384 [2:15:03<44:41,  6.01s/it]
 90%|████████▉ | 3939/4384 [2:15:09<45:43,  6.17s/it]
 90%|████████▉ | 3940/4384 [2:15:16<45:33,  6.16s/it]
                                                     

 90%|████████▉ | 3940/4384 [2:15:16<45:33,  6.16s/it]
 90%|████████▉ | 3941/4384 [2:15:22<45:10,  6.12s/it]
 90%|████████▉ | 3942/4384 [2:15:27<44:33,  6.05s/it]
 90%|████████▉ | 3943/4384 [2:15:33<44:22,  6.04s/it]
 90%|████████▉ | 3944/4384 [2:15:39<43:40,  5.96s/it]
 90%|████████▉ | 3945/4384 [2:15:45<42:43,  5.84s/it]
 90%|█████████ | 3946/4384 [2:15:51<44:27,  6.09s/it]
 90%|█████████ | 3947/4384 [2:15:57<43:58,  6.04s/it]
 90%|█████████ | 3948/4384 [2:16:04<44:12,  6.08s/it]
 90%|█████████ | 3949/4384 [2:16:10<44:17,  6.11s/it]
 90%|█████████ | 3950/4384 [2:16:15<43:23,  6.00s/it]
 90%|█████████ | 3951/4384 [2:16:21<42:34,  5.90s/it]
 90%|█████████ | 3952/4384 [2:16:27<43:06,  5.99s/it]
 90%|█████████ | 3953/4384 [2:16:34<44:05,  6.14s/it]
 90%|█████████ | 3954/4384 [2:16:40<43:18,  6.04s/it]
 90%|█████████ | 3955/4384 [2:16:45<42:44,  5.98s/it]
 90%|█████████ | 3956/4384 [2:16:51<42:32,  5.96s/it]
 90%|█████████ | 3957/4384 [2:16:57<42:20,  5.95s/it]
 90%|█████████ | 3958/4384 [2:17:03<42:12,  5.94s/it]
 90%|█████████ | 3959/4384 [2:17:10<43:05,  6.08s/it]
 90%|█████████ | 3960/4384 [2:17:16<44:03,  6.24s/it]
                                                     

 90%|█████████ | 3960/4384 [2:17:16<44:03,  6.24s/it]
 90%|█████████ | 3961/4384 [2:17:22<43:38,  6.19s/it]
 90%|█████████ | 3962/4384 [2:17:28<43:23,  6.17s/it]
 90%|█████████ | 3963/4384 [2:17:34<42:22,  6.04s/it]
 90%|█████████ | 3964/4384 [2:17:40<41:13,  5.89s/it]
 90%|█████████ | 3965/4384 [2:17:46<41:14,  5.91s/it]
 90%|█████████ | 3966/4384 [2:17:52<42:25,  6.09s/it]
 90%|█████████ | 3967/4384 [2:17:58<41:51,  6.02s/it]
 91%|█████████ | 3968/4384 [2:18:04<42:08,  6.08s/it]
 91%|█████████ | 3969/4384 [2:18:10<41:17,  5.97s/it]
 91%|█████████ | 3970/4384 [2:18:16<41:15,  5.98s/it]
 91%|█████████ | 3971/4384 [2:18:22<40:51,  5.93s/it]
 91%|█████████ | 3972/4384 [2:18:28<42:06,  6.13s/it]
 91%|█████████ | 3973/4384 [2:18:35<42:03,  6.14s/it]
 91%|█████████ | 3974/4384 [2:18:40<41:30,  6.07s/it]
 91%|█████████ | 3975/4384 [2:18:46<41:00,  6.02s/it]
 91%|█████████ | 3976/4384 [2:18:52<41:03,  6.04s/it]
 91%|█████████ | 3977/4384 [2:18:59<41:07,  6.06s/it]
 91%|█████████ | 3978/4384 [2:19:05<41:33,  6.14s/it]
 91%|█████████ | 3979/4384 [2:19:11<42:11,  6.25s/it]
 91%|█████████ | 3980/4384 [2:19:17<41:25,  6.15s/it]
                                                     

 91%|█████████ | 3980/4384 [2:19:17<41:25,  6.15s/it]
 91%|█████████ | 3981/4384 [2:19:23<40:45,  6.07s/it]
 91%|█████████ | 3982/4384 [2:19:29<40:20,  6.02s/it]
 91%|█████████ | 3983/4384 [2:19:36<41:20,  6.18s/it]
 91%|█████████ | 3984/4384 [2:19:41<40:19,  6.05s/it]
 91%|█████████ | 3985/4384 [2:19:48<41:35,  6.25s/it]
 91%|█████████ | 3986/4384 [2:19:54<41:26,  6.25s/it]
 91%|█████████ | 3987/4384 [2:20:01<41:50,  6.32s/it]
 91%|█████████ | 3988/4384 [2:20:07<41:53,  6.35s/it]
 91%|█████████ | 3989/4384 [2:20:14<42:03,  6.39s/it]
 91%|█████████ | 3990/4384 [2:20:20<41:37,  6.34s/it]
 91%|█████████ | 3991/4384 [2:20:26<40:51,  6.24s/it]
 91%|█████████ | 3992/4384 [2:20:32<39:52,  6.10s/it]
 91%|█████████ | 3993/4384 [2:20:38<39:49,  6.11s/it]
 91%|█████████ | 3994/4384 [2:20:44<40:29,  6.23s/it]
 91%|█████████ | 3995/4384 [2:20:51<40:41,  6.28s/it]
 91%|█████████ | 3996/4384 [2:20:57<40:38,  6.28s/it]
 91%|█████████ | 3997/4384 [2:21:04<40:48,  6.33s/it]
 91%|█████████ | 3998/4384 [2:21:09<39:55,  6.20s/it]
 91%|█████████ | 3999/4384 [2:21:15<38:43,  6.04s/it]
 91%|█████████ | 4000/4384 [2:21:21<38:08,  5.96s/it]
                                                     

 91%|█████████ | 4000/4384 [2:21:21<38:08,  5.96s/it]
 91%|█████████▏| 4001/4384 [2:21:27<37:42,  5.91s/it]
 91%|█████████▏| 4002/4384 [2:21:32<37:05,  5.83s/it]
 91%|█████████▏| 4003/4384 [2:21:39<38:05,  6.00s/it]
 91%|█████████▏| 4004/4384 [2:21:45<38:36,  6.10s/it]
 91%|█████████▏| 4005/4384 [2:21:51<37:49,  5.99s/it]
 91%|█████████▏| 4006/4384 [2:21:57<38:27,  6.10s/it]
 91%|█████████▏| 4007/4384 [2:22:05<41:01,  6.53s/it]
 91%|█████████▏| 4008/4384 [2:22:13<45:03,  7.19s/it]
 91%|█████████▏| 4009/4384 [2:22:21<45:53,  7.34s/it]
 91%|█████████▏| 4010/4384 [2:22:28<45:19,  7.27s/it]
 91%|█████████▏| 4011/4384 [2:22:35<45:15,  7.28s/it]
 92%|█████████▏| 4012/4384 [2:22:41<42:31,  6.86s/it]
 92%|█████████▏| 4013/4384 [2:22:47<40:42,  6.58s/it]
 92%|█████████▏| 4014/4384 [2:22:54<40:31,  6.57s/it]
 92%|█████████▏| 4015/4384 [2:23:01<41:12,  6.70s/it]
 92%|█████████▏| 4016/4384 [2:23:07<40:03,  6.53s/it]
 92%|█████████▏| 4017/4384 [2:23:13<39:27,  6.45s/it]
 92%|█████████▏| 4018/4384 [2:23:20<39:58,  6.55s/it]
 92%|█████████▏| 4019/4384 [2:23:26<39:25,  6.48s/it]
 92%|█████████▏| 4020/4384 [2:23:33<38:54,  6.41s/it]
                                                     

 92%|█████████▏| 4020/4384 [2:23:33<38:54,  6.41s/it]
 92%|█████████▏| 4021/4384 [2:23:39<38:30,  6.36s/it]
 92%|█████████▏| 4022/4384 [2:23:45<37:35,  6.23s/it]
 92%|█████████▏| 4023/4384 [2:23:51<37:32,  6.24s/it]
 92%|█████████▏| 4024/4384 [2:23:57<36:37,  6.10s/it]
 92%|█████████▏| 4025/4384 [2:24:03<36:47,  6.15s/it]
 92%|█████████▏| 4026/4384 [2:24:09<36:05,  6.05s/it]
 92%|█████████▏| 4027/4384 [2:24:15<35:57,  6.04s/it]
 92%|█████████▏| 4028/4384 [2:24:21<36:05,  6.08s/it]
 92%|█████████▏| 4029/4384 [2:24:28<36:49,  6.22s/it]
 92%|█████████▏| 4030/4384 [2:24:35<37:55,  6.43s/it]
 92%|█████████▏| 4031/4384 [2:24:41<38:24,  6.53s/it]
 92%|█████████▏| 4032/4384 [2:24:48<38:08,  6.50s/it]
 92%|█████████▏| 4033/4384 [2:24:54<37:27,  6.40s/it]
 92%|█████████▏| 4034/4384 [2:25:00<37:27,  6.42s/it]
 92%|█████████▏| 4035/4384 [2:25:06<36:36,  6.29s/it]
 92%|█████████▏| 4036/4384 [2:25:12<35:15,  6.08s/it]
 92%|█████████▏| 4037/4384 [2:25:18<35:29,  6.14s/it]
 92%|█████████▏| 4038/4384 [2:25:25<36:53,  6.40s/it]
 92%|█████████▏| 4039/4384 [2:25:32<36:46,  6.40s/it]
 92%|█████████▏| 4040/4384 [2:25:39<37:30,  6.54s/it]
                                                     

 92%|█████████▏| 4040/4384 [2:25:39<37:30,  6.54s/it]
 92%|█████████▏| 4041/4384 [2:25:45<36:32,  6.39s/it]
 92%|█████████▏| 4042/4384 [2:25:51<36:10,  6.35s/it]
 92%|█████████▏| 4043/4384 [2:25:57<35:52,  6.31s/it]
 92%|█████████▏| 4044/4384 [2:26:03<35:12,  6.21s/it]
 92%|█████████▏| 4045/4384 [2:26:09<35:06,  6.21s/it]
 92%|█████████▏| 4046/4384 [2:26:15<34:07,  6.06s/it]
 92%|█████████▏| 4047/4384 [2:26:21<34:34,  6.15s/it]
 92%|█████████▏| 4048/4384 [2:26:28<35:05,  6.27s/it]
 92%|█████████▏| 4049/4384 [2:26:35<35:44,  6.40s/it]
 92%|█████████▏| 4050/4384 [2:26:41<35:57,  6.46s/it]
 92%|█████████▏| 4051/4384 [2:26:47<35:17,  6.36s/it]
 92%|█████████▏| 4052/4384 [2:26:54<35:09,  6.35s/it]
 92%|█████████▏| 4053/4384 [2:27:00<34:25,  6.24s/it]
 92%|█████████▏| 4054/4384 [2:27:05<33:18,  6.06s/it]
 92%|█████████▏| 4055/4384 [2:27:11<33:23,  6.09s/it]
 93%|█████████▎| 4056/4384 [2:27:18<33:34,  6.14s/it]
 93%|█████████▎| 4057/4384 [2:27:24<33:32,  6.15s/it]
 93%|█████████▎| 4058/4384 [2:27:30<33:12,  6.11s/it]
 93%|█████████▎| 4059/4384 [2:27:36<33:00,  6.09s/it]
 93%|█████████▎| 4060/4384 [2:27:41<31:59,  5.92s/it]
                                                     

 93%|█████████▎| 4060/4384 [2:27:41<31:59,  5.92s/it]
 93%|█████████▎| 4061/4384 [2:27:48<32:10,  5.98s/it]
 93%|█████████▎| 4062/4384 [2:27:54<32:31,  6.06s/it]
 93%|█████████▎| 4063/4384 [2:28:00<33:13,  6.21s/it]
 93%|█████████▎| 4064/4384 [2:28:06<32:50,  6.16s/it]
 93%|█████████▎| 4065/4384 [2:28:12<32:33,  6.12s/it]
 93%|█████████▎| 4066/4384 [2:28:18<31:42,  5.98s/it]
 93%|█████████▎| 4067/4384 [2:28:24<31:39,  5.99s/it]
 93%|█████████▎| 4068/4384 [2:28:30<31:40,  6.02s/it]
 93%|█████████▎| 4069/4384 [2:28:37<32:26,  6.18s/it]
 93%|█████████▎| 4070/4384 [2:28:43<31:58,  6.11s/it]
 93%|█████████▎| 4071/4384 [2:28:49<31:56,  6.12s/it]
 93%|█████████▎| 4072/4384 [2:28:55<32:20,  6.22s/it]
 93%|█████████▎| 4073/4384 [2:29:01<32:03,  6.19s/it]
 93%|█████████▎| 4074/4384 [2:29:08<31:59,  6.19s/it]
 93%|█████████▎| 4075/4384 [2:29:14<31:48,  6.17s/it]
 93%|█████████▎| 4076/4384 [2:29:20<32:03,  6.24s/it]
 93%|█████████▎| 4077/4384 [2:29:26<30:47,  6.02s/it]
 93%|█████████▎| 4078/4384 [2:29:32<30:48,  6.04s/it]
 93%|█████████▎| 4079/4384 [2:29:38<31:36,  6.22s/it]
 93%|█████████▎| 4080/4384 [2:29:45<32:17,  6.37s/it]
                                                     

 93%|█████████▎| 4080/4384 [2:29:45<32:17,  6.37s/it]
 93%|█████████▎| 4081/4384 [2:29:52<32:44,  6.48s/it]
 93%|█████████▎| 4082/4384 [2:29:58<32:24,  6.44s/it]
 93%|█████████▎| 4083/4384 [2:30:04<31:43,  6.32s/it]
 93%|█████████▎| 4084/4384 [2:30:10<30:56,  6.19s/it]
 93%|█████████▎| 4085/4384 [2:30:17<31:22,  6.30s/it]
 93%|█████████▎| 4086/4384 [2:30:23<31:30,  6.34s/it]
 93%|█████████▎| 4087/4384 [2:30:30<31:46,  6.42s/it]
 93%|█████████▎| 4088/4384 [2:30:36<31:00,  6.29s/it]
 93%|█████████▎| 4089/4384 [2:30:42<31:17,  6.36s/it]
 93%|█████████▎| 4090/4384 [2:30:48<30:46,  6.28s/it]
 93%|█████████▎| 4091/4384 [2:30:54<30:25,  6.23s/it]
 93%|█████████▎| 4092/4384 [2:31:00<30:02,  6.17s/it]
 93%|█████████▎| 4093/4384 [2:31:07<30:35,  6.31s/it]
 93%|█████████▎| 4094/4384 [2:31:14<30:45,  6.36s/it]
 93%|█████████▎| 4095/4384 [2:31:20<30:38,  6.36s/it]
 93%|█████████▎| 4096/4384 [2:31:26<30:49,  6.42s/it]
 93%|█████████▎| 4097/4384 [2:31:33<31:14,  6.53s/it]
 93%|█████████▎| 4098/4384 [2:31:39<30:33,  6.41s/it]
 93%|█████████▎| 4099/4384 [2:31:45<29:51,  6.29s/it]
 94%|█████████▎| 4100/4384 [2:31:51<28:52,  6.10s/it]
                                                     

 94%|█████████▎| 4100/4384 [2:31:51<28:52,  6.10s/it]
 94%|█████████▎| 4101/4384 [2:31:57<28:26,  6.03s/it]
 94%|█████████▎| 4102/4384 [2:32:03<29:05,  6.19s/it]
 94%|█████████▎| 4103/4384 [2:32:10<29:38,  6.33s/it]
 94%|█████████▎| 4104/4384 [2:32:16<29:34,  6.34s/it]
 94%|█████████▎| 4105/4384 [2:32:23<29:25,  6.33s/it]
 94%|█████████▎| 4106/4384 [2:32:29<29:33,  6.38s/it]
 94%|█████████▎| 4107/4384 [2:32:35<28:23,  6.15s/it]
 94%|█████████▎| 4108/4384 [2:32:41<27:48,  6.05s/it]
 94%|█████████▎| 4109/4384 [2:32:47<28:16,  6.17s/it]
 94%|█████████▍| 4110/4384 [2:32:54<28:31,  6.25s/it]
 94%|█████████▍| 4111/4384 [2:33:00<28:26,  6.25s/it]
 94%|█████████▍| 4112/4384 [2:33:06<27:48,  6.14s/it]
 94%|█████████▍| 4113/4384 [2:33:12<27:44,  6.14s/it]
 94%|█████████▍| 4114/4384 [2:33:18<27:16,  6.06s/it]
 94%|█████████▍| 4115/4384 [2:33:24<27:55,  6.23s/it]
 94%|█████████▍| 4116/4384 [2:33:31<28:08,  6.30s/it]
 94%|█████████▍| 4117/4384 [2:33:37<27:10,  6.11s/it]
 94%|█████████▍| 4118/4384 [2:33:42<26:29,  5.97s/it]
 94%|█████████▍| 4119/4384 [2:33:48<26:37,  6.03s/it]
 94%|█████████▍| 4120/4384 [2:33:55<27:03,  6.15s/it]
                                                     

 94%|█████████▍| 4120/4384 [2:33:55<27:03,  6.15s/it]
 94%|█████████▍| 4121/4384 [2:34:01<27:12,  6.21s/it]
 94%|█████████▍| 4122/4384 [2:34:07<26:35,  6.09s/it]
 94%|█████████▍| 4123/4384 [2:34:13<26:42,  6.14s/it]
 94%|█████████▍| 4124/4384 [2:34:19<26:29,  6.11s/it]
 94%|█████████▍| 4125/4384 [2:34:26<27:17,  6.32s/it]
 94%|█████████▍| 4126/4384 [2:34:32<26:41,  6.21s/it]
 94%|█████████▍| 4127/4384 [2:34:39<27:03,  6.32s/it]
 94%|█████████▍| 4128/4384 [2:34:45<26:29,  6.21s/it]
 94%|█████████▍| 4129/4384 [2:34:51<27:16,  6.42s/it]
 94%|█████████▍| 4130/4384 [2:34:58<27:45,  6.56s/it]
 94%|█████████▍| 4131/4384 [2:35:05<27:33,  6.54s/it]
 94%|█████████▍| 4132/4384 [2:35:12<28:04,  6.68s/it]
 94%|█████████▍| 4133/4384 [2:35:18<27:58,  6.69s/it]
 94%|█████████▍| 4134/4384 [2:35:25<27:25,  6.58s/it]
 94%|█████████▍| 4135/4384 [2:35:31<26:29,  6.38s/it]
 94%|█████████▍| 4136/4384 [2:35:36<25:25,  6.15s/it]
 94%|█████████▍| 4137/4384 [2:35:43<25:52,  6.29s/it]
 94%|█████████▍| 4138/4384 [2:35:50<26:14,  6.40s/it]
 94%|█████████▍| 4139/4384 [2:35:56<26:19,  6.45s/it]
 94%|█████████▍| 4140/4384 [2:36:02<25:49,  6.35s/it]
                                                     

 94%|█████████▍| 4140/4384 [2:36:02<25:49,  6.35s/it]
 94%|█████████▍| 4141/4384 [2:36:09<25:46,  6.36s/it]
 94%|█████████▍| 4142/4384 [2:36:15<25:15,  6.26s/it]
 95%|█████████▍| 4143/4384 [2:36:21<24:38,  6.13s/it]
 95%|█████████▍| 4144/4384 [2:36:27<24:34,  6.15s/it]
 95%|█████████▍| 4145/4384 [2:36:33<24:24,  6.13s/it]
 95%|█████████▍| 4146/4384 [2:36:39<24:01,  6.06s/it]
 95%|█████████▍| 4147/4384 [2:36:45<24:08,  6.11s/it]
 95%|█████████▍| 4148/4384 [2:36:51<24:02,  6.11s/it]
 95%|█████████▍| 4149/4384 [2:36:57<23:10,  5.92s/it]
 95%|█████████▍| 4150/4384 [2:37:03<23:26,  6.01s/it]
 95%|█████████▍| 4151/4384 [2:37:09<23:57,  6.17s/it]
 95%|█████████▍| 4152/4384 [2:37:15<23:25,  6.06s/it]
 95%|█████████▍| 4153/4384 [2:37:21<23:05,  6.00s/it]
 95%|█████████▍| 4154/4384 [2:37:27<22:33,  5.89s/it]
 95%|█████████▍| 4155/4384 [2:37:32<22:05,  5.79s/it]
 95%|█████████▍| 4156/4384 [2:37:38<21:52,  5.76s/it]
 95%|█████████▍| 4157/4384 [2:37:45<22:52,  6.05s/it]
 95%|█████████▍| 4158/4384 [2:37:51<22:58,  6.10s/it]
 95%|█████████▍| 4159/4384 [2:37:56<22:12,  5.92s/it]
 95%|█████████▍| 4160/4384 [2:38:02<21:59,  5.89s/it]
                                                     

 95%|█████████▍| 4160/4384 [2:38:02<21:59,  5.89s/it]
 95%|█████████▍| 4161/4384 [2:38:08<21:44,  5.85s/it]
 95%|█████████▍| 4162/4384 [2:38:14<21:30,  5.81s/it]
 95%|█████████▍| 4163/4384 [2:38:20<21:36,  5.87s/it]
 95%|█████████▍| 4164/4384 [2:38:26<21:48,  5.95s/it]
 95%|█████████▌| 4165/4384 [2:38:32<22:10,  6.08s/it]
 95%|█████████▌| 4166/4384 [2:38:39<22:34,  6.21s/it]
 95%|█████████▌| 4167/4384 [2:38:44<21:59,  6.08s/it]
 95%|█████████▌| 4168/4384 [2:38:50<21:32,  5.98s/it]
 95%|█████████▌| 4169/4384 [2:38:56<21:27,  5.99s/it]
 95%|█████████▌| 4170/4384 [2:39:02<21:23,  6.00s/it]
 95%|█████████▌| 4171/4384 [2:39:08<21:04,  5.94s/it]
 95%|█████████▌| 4172/4384 [2:39:14<20:43,  5.87s/it]
 95%|█████████▌| 4173/4384 [2:39:19<20:20,  5.78s/it]
 95%|█████████▌| 4174/4384 [2:39:25<20:07,  5.75s/it]
 95%|█████████▌| 4175/4384 [2:39:31<20:03,  5.76s/it]
 95%|█████████▌| 4176/4384 [2:39:37<20:13,  5.83s/it]
 95%|█████████▌| 4177/4384 [2:39:43<20:12,  5.86s/it]
 95%|█████████▌| 4178/4384 [2:39:49<20:14,  5.89s/it]
 95%|█████████▌| 4179/4384 [2:39:54<19:58,  5.85s/it]
 95%|█████████▌| 4180/4384 [2:40:00<19:45,  5.81s/it]
                                                     

 95%|█████████▌| 4180/4384 [2:40:00<19:45,  5.81s/it]
 95%|█████████▌| 4181/4384 [2:40:06<19:20,  5.72s/it]
 95%|█████████▌| 4182/4384 [2:40:11<19:18,  5.74s/it]
 95%|█████████▌| 4183/4384 [2:40:17<19:13,  5.74s/it]
 95%|█████████▌| 4184/4384 [2:40:23<19:07,  5.74s/it]
 95%|█████████▌| 4185/4384 [2:40:29<19:09,  5.78s/it]
 95%|█████████▌| 4186/4384 [2:40:35<19:14,  5.83s/it]
 96%|█████████▌| 4187/4384 [2:40:40<18:56,  5.77s/it]
 96%|█████████▌| 4188/4384 [2:40:46<18:51,  5.77s/it]
 96%|█████████▌| 4189/4384 [2:40:52<18:59,  5.84s/it]
 96%|█████████▌| 4190/4384 [2:40:58<18:57,  5.86s/it]
 96%|█████████▌| 4191/4384 [2:41:04<18:36,  5.78s/it]
 96%|█████████▌| 4192/4384 [2:41:09<18:16,  5.71s/it]
 96%|█████████▌| 4193/4384 [2:41:15<17:53,  5.62s/it]
 96%|█████████▌| 4194/4384 [2:41:20<17:27,  5.51s/it]
 96%|█████████▌| 4195/4384 [2:41:26<17:59,  5.71s/it]
 96%|█████████▌| 4196/4384 [2:41:32<18:08,  5.79s/it]
 96%|█████████▌| 4197/4384 [2:41:37<17:47,  5.71s/it]
 96%|█████████▌| 4198/4384 [2:41:43<17:56,  5.79s/it]
 96%|█████████▌| 4199/4384 [2:41:49<17:43,  5.75s/it]
 96%|█████████▌| 4200/4384 [2:41:55<17:25,  5.68s/it]
                                                     

{'eval_loss': '1.936', 'eval_runtime': '100.6', 'eval_samples_per_second': '11.93', 'eval_steps_per_second': '5.964', 'eval_entropy': '1.749', 'eval_num_tokens': '1.225e+07', 'eval_mean_token_accuracy': '0.5989', 'epoch': '1.779'}
 96%|█████████▌| 4200/4384 [2:41:55<17:25,  5.68s/it]
{'loss': '1.56', 'grad_norm': '1.705', 'learning_rate': '2.922e-06', 'entropy': '1.657', 'num_tokens': '1.245e+07', 'mean_token_accuracy': '0.6483', 'epoch': '1.789'}
{'loss': '1.622', 'grad_norm': '1.709', 'learning_rate': '2.678e-06', 'entropy': '1.726', 'num_tokens': '1.265e+07', 'mean_token_accuracy': '0.6368', 'epoch': '1.798'}
{'loss': '1.614', 'grad_norm': '1.58', 'learning_rate': '2.445e-06', 'entropy': '1.712', 'num_tokens': '1.286e+07', 'mean_token_accuracy': '0.6356', 'epoch': '1.807'}
{'loss': '1.61', 'grad_norm': '1.801', 'learning_rate': '2.222e-06', 'entropy': '1.693', 'num_tokens': '1.306e+07', 'mean_token_accuracy': '0.6382', 'epoch': '1.816'}
{'loss': '1.606', 'grad_norm': '1.74', 'learning_rate': '2.009e-06', 'entropy': '1.701', 'num_tokens': '1.326e+07', 'mean_token_accuracy': '0.639', 'epoch': '1.825'}
{'loss': '1.632', 'grad_norm': '1.587', 'learning_rate': '1.807e-06', 'entropy': '1.713', 'num_tokens': '1.347e+07', 'mean_token_accuracy': '0.6318', 'epoch': '1.834'}
{'loss': '1.579', 'grad_norm': '1.493', 'learning_rate': '1.616e-06', 'entropy': '1.694', 'num_tokens': '1.368e+07', 'mean_token_accuracy': '0.6492', 'epoch': '1.843'}
{'loss': '1.598', 'grad_norm': '1.883', 'learning_rate': '1.435e-06', 'entropy': '1.707', 'num_tokens': '1.388e+07', 'mean_token_accuracy': '0.6381', 'epoch': '1.852'}
{'loss': '1.569', 'grad_norm': '1.444', 'learning_rate': '1.264e-06', 'entropy': '1.689', 'num_tokens': '1.408e+07', 'mean_token_accuracy': '0.6453', 'epoch': '1.862'}
{'loss': '1.678', 'grad_norm': '1.766', 'learning_rate': '1.104e-06', 'entropy': '1.8', 'num_tokens': '1.429e+07', 'mean_token_accuracy': '0.6268', 'epoch': '1.871'}
{'loss': '1.613', 'grad_norm': '1.642', 'learning_rate': '9.553e-07', 'entropy': '1.717', 'num_tokens': '1.449e+07', 'mean_token_accuracy': '0.6384', 'epoch': '1.88'}
{'loss': '1.592', 'grad_norm': '1.83', 'learning_rate': '8.17e-07', 'entropy': '1.686', 'num_tokens': '1.47e+07', 'mean_token_accuracy': '0.6428', 'epoch': '1.889'}
{'loss': '1.623', 'grad_norm': '1.588', 'learning_rate': '6.893e-07', 'entropy': '1.711', 'num_tokens': '1.49e+07', 'mean_token_accuracy': '0.6397', 'epoch': '1.898'}
{'loss': '1.698', 'grad_norm': '1.5', 'learning_rate': '5.724e-07', 'entropy': '1.794', 'num_tokens': '1.511e+07', 'mean_token_accuracy': '0.6243', 'epoch': '1.907'}
{'loss': '1.639', 'grad_norm': '1.613', 'learning_rate': '4.664e-07', 'entropy': '1.747', 'num_tokens': '1.531e+07', 'mean_token_accuracy': '0.6337', 'epoch': '1.916'}

  0%|          | 0/600 [00:00<?, ?it/s][A

  0%|          | 2/600 [00:00<01:00,  9.80it/s][A

  0%|          | 3/600 [00:00<01:15,  7.94it/s][A

  1%|          | 4/600 [00:00<01:20,  7.43it/s][A

  1%|          | 5/600 [00:00<01:23,  7.13it/s][A

  1%|          | 6/600 [00:00<01:28,  6.69it/s][A

  1%|          | 7/600 [00:00<01:30,  6.54it/s][A

  1%|▏         | 8/600 [00:01<01:35,  6.19it/s][A

  2%|▏         | 9/600 [00:01<01:36,  6.16it/s][A

  2%|▏         | 10/600 [00:01<01:32,  6.35it/s][A

  2%|▏         | 11/600 [00:01<01:32,  6.34it/s][A

  2%|▏         | 12/600 [00:01<01:37,  6.02it/s][A

  2%|▏         | 13/600 [00:01<01:36,  6.08it/s][A

  2%|▏         | 14/600 [00:02<01:39,  5.91it/s][A

  2%|▎         | 15/600 [00:02<01:38,  5.91it/s][A

  3%|▎         | 16/600 [00:02<01:41,  5.78it/s][A

  3%|▎         | 17/600 [00:02<01:43,  5.64it/s][A

  3%|▎         | 18/600 [00:02<01:40,  5.81it/s][A

  3%|▎         | 19/600 [00:03<01:44,  5.57it/s][A

  3%|▎         | 20/600 [00:03<01:42,  5.68it/s][A

  4%|▎         | 21/600 [00:03<01:36,  6.01it/s][A

  4%|▎         | 22/600 [00:03<01:32,  6.22it/s][A

  4%|▍         | 23/600 [00:03<01:31,  6.32it/s][A

  4%|▍         | 24/600 [00:03<01:29,  6.47it/s][A

  4%|▍         | 25/600 [00:03<01:26,  6.64it/s][A

  4%|▍         | 26/600 [00:04<01:29,  6.44it/s][A

  4%|▍         | 27/600 [00:04<01:28,  6.49it/s][A

  5%|▍         | 28/600 [00:04<01:31,  6.23it/s][A

  5%|▍         | 29/600 [00:04<01:29,  6.38it/s][A

  5%|▌         | 30/600 [00:04<01:27,  6.48it/s][A

  5%|▌         | 31/600 [00:04<01:26,  6.55it/s][A

  5%|▌         | 32/600 [00:05<01:25,  6.66it/s][A

  6%|▌         | 33/600 [00:05<01:23,  6.80it/s][A

  6%|▌         | 34/600 [00:05<01:23,  6.77it/s][A

  6%|▌         | 35/600 [00:05<01:22,  6.82it/s][A

  6%|▌         | 36/600 [00:05<01:24,  6.68it/s][A

  6%|▌         | 37/600 [00:05<01:24,  6.68it/s][A

  6%|▋         | 38/600 [00:05<01:25,  6.57it/s][A

  6%|▋         | 39/600 [00:06<01:31,  6.13it/s][A

  7%|▋         | 40/600 [00:06<01:31,  6.09it/s][A

  7%|▋         | 41/600 [00:06<01:27,  6.36it/s][A

  7%|▋         | 42/600 [00:06<01:28,  6.30it/s][A

  7%|▋         | 43/600 [00:06<01:30,  6.15it/s][A

  7%|▋         | 44/600 [00:06<01:36,  5.79it/s][A

  8%|▊         | 45/600 [00:07<01:35,  5.84it/s][A

  8%|▊         | 46/600 [00:07<01:34,  5.87it/s][A

  8%|▊         | 47/600 [00:07<01:31,  6.05it/s][A

  8%|▊         | 48/600 [00:07<01:30,  6.08it/s][A

  8%|▊         | 49/600 [00:07<01:35,  5.76it/s][A

  8%|▊         | 50/600 [00:08<01:40,  5.49it/s][A

  8%|▊         | 51/600 [00:08<01:35,  5.73it/s][A

  9%|▊         | 52/600 [00:08<01:39,  5.52it/s][A

  9%|▉         | 53/600 [00:08<01:44,  5.25it/s][A

  9%|▉         | 54/600 [00:08<01:45,  5.18it/s][A

  9%|▉         | 55/600 [00:08<01:48,  5.04it/s][A

  9%|▉         | 56/600 [00:09<01:52,  4.84it/s][A

 10%|▉         | 57/600 [00:09<01:43,  5.24it/s][A

 10%|▉         | 58/600 [00:09<01:47,  5.06it/s][A

 10%|▉         | 59/600 [00:09<01:44,  5.18it/s][A

 10%|█         | 60/600 [00:09<01:48,  4.97it/s][A

 10%|█         | 61/600 [00:10<01:47,  5.02it/s][A

 10%|█         | 62/600 [00:10<01:46,  5.07it/s][A

 10%|█         | 63/600 [00:10<01:45,  5.10it/s][A

 11%|█         | 64/600 [00:10<01:46,  5.04it/s][A

 11%|█         | 65/600 [00:10<01:46,  5.03it/s][A

 11%|█         | 66/600 [00:11<01:45,  5.08it/s][A

 11%|█         | 67/600 [00:11<01:38,  5.42it/s][A

 11%|█▏        | 68/600 [00:11<01:34,  5.61it/s][A

 12%|█▏        | 69/600 [00:11<01:35,  5.54it/s][A

 12%|█▏        | 70/600 [00:11<01:39,  5.34it/s][A

 12%|█▏        | 71/600 [00:12<01:36,  5.50it/s][A

 12%|█▏        | 72/600 [00:12<01:33,  5.62it/s][A

 12%|█▏        | 73/600 [00:12<01:32,  5.67it/s][A

 12%|█▏        | 74/600 [00:12<01:35,  5.50it/s][A

 12%|█▎        | 75/600 [00:12<01:30,  5.80it/s][A

 13%|█▎        | 76/600 [00:12<01:26,  6.08it/s][A

 13%|█▎        | 77/600 [00:13<01:25,  6.14it/s][A

 13%|█▎        | 78/600 [00:13<01:25,  6.11it/s][A

 13%|█▎        | 79/600 [00:13<01:23,  6.21it/s][A

 13%|█▎        | 80/600 [00:13<01:23,  6.23it/s][A

 14%|█▎        | 81/600 [00:13<01:27,  5.92it/s][A

 14%|█▎        | 82/600 [00:13<01:26,  5.99it/s][A

 14%|█▍        | 83/600 [00:14<01:28,  5.87it/s][A

 14%|█▍        | 84/600 [00:14<01:28,  5.80it/s][A

 14%|█▍        | 85/600 [00:14<01:25,  6.05it/s][A

 14%|█▍        | 86/600 [00:14<01:26,  5.94it/s][A

 14%|█▍        | 87/600 [00:14<01:24,  6.06it/s][A

 15%|█▍        | 88/600 [00:14<01:21,  6.32it/s][A

 15%|█▍        | 89/600 [00:15<01:21,  6.27it/s][A

 15%|█▌        | 90/600 [00:15<01:25,  5.96it/s][A

 15%|█▌        | 91/600 [00:15<01:26,  5.88it/s][A

 15%|█▌        | 92/600 [00:15<01:26,  5.88it/s][A

 16%|█▌        | 93/600 [00:15<01:24,  6.01it/s][A

 16%|█▌        | 94/600 [00:15<01:26,  5.84it/s][A

 16%|█▌        | 95/600 [00:16<01:27,  5.79it/s][A

 16%|█▌        | 96/600 [00:16<01:24,  5.94it/s][A

 16%|█▌        | 97/600 [00:16<01:24,  5.96it/s][A

 16%|█▋        | 98/600 [00:16<01:25,  5.88it/s][A

 16%|█▋        | 99/600 [00:16<01:22,  6.08it/s][A

 17%|█▋        | 100/600 [00:16<01:20,  6.19it/s][A

 17%|█▋        | 101/600 [00:17<01:20,  6.17it/s][A

 17%|█▋        | 102/600 [00:17<01:22,  6.01it/s][A

 17%|█▋        | 103/600 [00:17<01:23,  5.94it/s][A

 17%|█▋        | 104/600 [00:17<01:20,  6.16it/s][A

 18%|█▊        | 105/600 [00:17<01:21,  6.04it/s][A

 18%|█▊        | 106/600 [00:17<01:19,  6.18it/s][A

 18%|█▊        | 107/600 [00:18<01:18,  6.28it/s][A

 18%|█▊        | 108/600 [00:18<01:19,  6.21it/s][A

 18%|█▊        | 109/600 [00:18<01:16,  6.40it/s][A

 18%|█▊        | 110/600 [00:18<01:16,  6.44it/s][A

 18%|█▊        | 111/600 [00:18<01:22,  5.90it/s][A

 19%|█▊        | 112/600 [00:18<01:23,  5.88it/s][A

 19%|█▉        | 113/600 [00:18<01:20,  6.05it/s][A

 19%|█▉        | 114/600 [00:19<01:17,  6.30it/s][A

 19%|█▉        | 115/600 [00:19<01:17,  6.25it/s][A

 19%|█▉        | 116/600 [00:19<01:17,  6.26it/s][A

 20%|█▉        | 117/600 [00:19<01:16,  6.30it/s][A

 20%|█▉        | 118/600 [00:19<01:18,  6.11it/s][A

 20%|█▉        | 119/600 [00:19<01:15,  6.36it/s][A

 20%|██        | 120/600 [00:20<01:17,  6.19it/s][A

 20%|██        | 121/600 [00:20<01:19,  6.00it/s][A

 20%|██        | 122/600 [00:20<01:20,  5.92it/s][A

 20%|██        | 123/600 [00:20<01:20,  5.95it/s][A

 21%|██        | 124/600 [00:20<01:19,  5.96it/s][A

 21%|██        | 125/600 [00:20<01:17,  6.16it/s][A

 21%|██        | 126/600 [00:21<01:15,  6.31it/s][A

 21%|██        | 127/600 [00:21<01:15,  6.30it/s][A

 21%|██▏       | 128/600 [00:21<01:18,  5.98it/s][A

 22%|██▏       | 129/600 [00:21<01:19,  5.89it/s][A

 22%|██▏       | 130/600 [00:21<01:16,  6.13it/s][A

 22%|██▏       | 131/600 [00:21<01:13,  6.38it/s][A

 22%|██▏       | 132/600 [00:22<01:12,  6.42it/s][A

 22%|██▏       | 133/600 [00:22<01:12,  6.48it/s][A

 22%|██▏       | 134/600 [00:22<01:14,  6.28it/s][A

 22%|██▎       | 135/600 [00:22<01:14,  6.28it/s][A

 23%|██▎       | 136/600 [00:22<01:14,  6.25it/s][A

 23%|██▎       | 137/600 [00:22<01:14,  6.25it/s][A

 23%|██▎       | 138/600 [00:23<01:12,  6.36it/s][A

 23%|██▎       | 139/600 [00:23<01:12,  6.34it/s][A

 23%|██▎       | 140/600 [00:23<01:14,  6.17it/s][A

 24%|██▎       | 141/600 [00:23<01:16,  5.97it/s][A

 24%|██▎       | 142/600 [00:23<01:15,  6.04it/s][A

 24%|██▍       | 143/600 [00:23<01:16,  5.98it/s][A

 24%|██▍       | 144/600 [00:23<01:13,  6.23it/s][A

 24%|██▍       | 145/600 [00:24<01:12,  6.31it/s][A

 24%|██▍       | 146/600 [00:24<01:09,  6.53it/s][A

 24%|██▍       | 147/600 [00:24<01:07,  6.68it/s][A

 25%|██▍       | 148/600 [00:24<01:08,  6.58it/s][A

 25%|██▍       | 149/600 [00:24<01:11,  6.27it/s][A

 25%|██▌       | 150/600 [00:24<01:10,  6.35it/s][A

 25%|██▌       | 151/600 [00:25<01:09,  6.43it/s][A

 25%|██▌       | 152/600 [00:25<01:08,  6.52it/s][A

 26%|██▌       | 153/600 [00:25<01:07,  6.66it/s][A

 26%|██▌       | 154/600 [00:25<01:08,  6.53it/s][A

 26%|██▌       | 155/600 [00:25<01:08,  6.54it/s][A

 26%|██▌       | 156/600 [00:25<01:08,  6.48it/s][A

 26%|██▌       | 157/600 [00:25<01:07,  6.52it/s][A

 26%|██▋       | 158/600 [00:26<01:11,  6.21it/s][A

 26%|██▋       | 159/600 [00:26<01:10,  6.22it/s][A

 27%|██▋       | 160/600 [00:26<01:07,  6.52it/s][A

 27%|██▋       | 161/600 [00:26<01:05,  6.65it/s][A

 27%|██▋       | 162/600 [00:26<01:07,  6.51it/s][A

 27%|██▋       | 163/600 [00:26<01:04,  6.73it/s][A

 27%|██▋       | 164/600 [00:27<01:05,  6.63it/s][A

 28%|██▊       | 165/600 [00:27<01:07,  6.41it/s][A

 28%|██▊       | 166/600 [00:27<01:07,  6.42it/s][A

 28%|██▊       | 167/600 [00:27<01:08,  6.31it/s][A

 28%|██▊       | 168/600 [00:27<01:11,  6.04it/s][A

 28%|██▊       | 169/600 [00:27<01:11,  6.04it/s][A

 28%|██▊       | 170/600 [00:28<01:09,  6.20it/s][A

 28%|██▊       | 171/600 [00:28<01:06,  6.42it/s][A

 29%|██▊       | 172/600 [00:28<01:11,  5.97it/s][A

 29%|██▉       | 173/600 [00:28<01:10,  6.04it/s][A

 29%|██▉       | 174/600 [00:28<01:08,  6.21it/s][A

 29%|██▉       | 175/600 [00:28<01:16,  5.56it/s][A

 29%|██▉       | 176/600 [00:29<01:19,  5.32it/s][A

 30%|██▉       | 177/600 [00:29<01:14,  5.69it/s][A

 30%|██▉       | 178/600 [00:29<01:13,  5.78it/s][A

 30%|██▉       | 179/600 [00:29<01:11,  5.86it/s][A

 30%|███       | 180/600 [00:29<01:15,  5.58it/s][A

 30%|███       | 181/600 [00:29<01:14,  5.65it/s][A

 30%|███       | 182/600 [00:30<01:16,  5.50it/s][A

 30%|███       | 183/600 [00:30<01:14,  5.61it/s][A

 31%|███       | 184/600 [00:30<01:14,  5.58it/s][A

 31%|███       | 185/600 [00:30<01:13,  5.62it/s][A

 31%|███       | 186/600 [00:30<01:12,  5.72it/s][A

 31%|███       | 187/600 [00:31<01:12,  5.67it/s][A

 31%|███▏      | 188/600 [00:31<01:12,  5.67it/s][A

 32%|███▏      | 189/600 [00:31<01:10,  5.81it/s][A

 32%|███▏      | 190/600 [00:31<01:13,  5.60it/s][A

 32%|███▏      | 191/600 [00:31<01:12,  5.61it/s][A

 32%|███▏      | 192/600 [00:31<01:15,  5.38it/s][A

 32%|███▏      | 193/600 [00:32<01:12,  5.60it/s][A

 32%|███▏      | 194/600 [00:32<01:12,  5.62it/s][A

 32%|███▎      | 195/600 [00:32<01:09,  5.80it/s][A

 33%|███▎      | 196/600 [00:32<01:07,  5.97it/s][A

 33%|███▎      | 197/600 [00:32<01:06,  6.03it/s][A

 33%|███▎      | 198/600 [00:32<01:05,  6.14it/s][A

 33%|███▎      | 199/600 [00:33<01:09,  5.77it/s][A

 33%|███▎      | 200/600 [00:33<01:15,  5.28it/s][A

 34%|███▎      | 201/600 [00:33<01:14,  5.36it/s][A

 34%|███▎      | 202/600 [00:33<01:13,  5.38it/s][A

 34%|███▍      | 203/600 [00:33<01:11,  5.52it/s][A

 34%|███▍      | 204/600 [00:34<01:08,  5.75it/s][A

 34%|███▍      | 205/600 [00:34<01:05,  6.03it/s][A

 34%|███▍      | 206/600 [00:34<01:05,  6.04it/s][A

 34%|███▍      | 207/600 [00:34<01:07,  5.84it/s][A

 35%|███▍      | 208/600 [00:34<01:06,  5.88it/s][A

 35%|███▍      | 209/600 [00:34<01:05,  5.98it/s][A

 35%|███▌      | 210/600 [00:35<01:04,  6.07it/s][A

 35%|███▌      | 211/600 [00:35<01:04,  6.04it/s][A

 35%|███▌      | 212/600 [00:35<01:03,  6.11it/s][A

 36%|███▌      | 213/600 [00:35<01:01,  6.26it/s][A

 36%|███▌      | 214/600 [00:35<01:00,  6.33it/s][A

 36%|███▌      | 215/600 [00:35<00:59,  6.45it/s][A

 36%|███▌      | 216/600 [00:35<01:00,  6.31it/s][A

 36%|███▌      | 217/600 [00:36<01:01,  6.20it/s][A

 36%|███▋      | 218/600 [00:36<01:04,  5.95it/s][A

 36%|███▋      | 219/600 [00:36<01:03,  6.01it/s][A

 37%|███▋      | 220/600 [00:36<01:02,  6.11it/s][A

 37%|███▋      | 221/600 [00:36<01:01,  6.13it/s][A

 37%|███▋      | 222/600 [00:36<01:01,  6.17it/s][A

 37%|███▋      | 223/600 [00:37<01:00,  6.22it/s][A

 37%|███▋      | 224/600 [00:37<00:59,  6.28it/s][A

 38%|███▊      | 225/600 [00:37<01:00,  6.15it/s][A

 38%|███▊      | 226/600 [00:37<01:01,  6.06it/s][A

 38%|███▊      | 227/600 [00:37<01:01,  6.06it/s][A

 38%|███▊      | 228/600 [00:37<01:01,  6.06it/s][A

 38%|███▊      | 229/600 [00:38<01:00,  6.10it/s][A

 38%|███▊      | 230/600 [00:38<01:02,  5.95it/s][A

 38%|███▊      | 231/600 [00:38<01:02,  5.94it/s][A

 39%|███▊      | 232/600 [00:38<01:02,  5.91it/s][A

 39%|███▉      | 233/600 [00:38<01:01,  5.93it/s][A

 39%|███▉      | 234/600 [00:38<01:00,  6.03it/s][A

 39%|███▉      | 235/600 [00:39<01:00,  6.05it/s][A

 39%|███▉      | 236/600 [00:39<00:57,  6.29it/s][A

 40%|███▉      | 237/600 [00:39<00:56,  6.42it/s][A

 40%|███▉      | 238/600 [00:39<00:55,  6.57it/s][A

 40%|███▉      | 239/600 [00:39<01:00,  5.93it/s][A

 40%|████      | 240/600 [00:39<01:01,  5.86it/s][A

 40%|████      | 241/600 [00:40<00:58,  6.10it/s][A

 40%|████      | 242/600 [00:40<00:56,  6.38it/s][A

 40%|████      | 243/600 [00:40<00:54,  6.53it/s][A

 41%|████      | 244/600 [00:40<00:52,  6.74it/s][A

 41%|████      | 245/600 [00:40<00:53,  6.58it/s][A

 41%|████      | 246/600 [00:40<00:53,  6.57it/s][A

 41%|████      | 247/600 [00:40<00:53,  6.56it/s][A

 41%|████▏     | 248/600 [00:41<00:53,  6.59it/s][A

 42%|████▏     | 249/600 [00:41<00:52,  6.70it/s][A

 42%|████▏     | 250/600 [00:41<00:53,  6.55it/s][A

 42%|████▏     | 251/600 [00:41<00:53,  6.53it/s][A

 42%|████▏     | 252/600 [00:41<00:53,  6.55it/s][A

 42%|████▏     | 253/600 [00:41<00:53,  6.43it/s][A

 42%|████▏     | 254/600 [00:42<00:54,  6.38it/s][A

 42%|████▎     | 255/600 [00:42<00:57,  6.04it/s][A

 43%|████▎     | 256/600 [00:42<00:59,  5.76it/s][A

 43%|████▎     | 257/600 [00:42<01:00,  5.69it/s][A

 43%|████▎     | 258/600 [00:42<01:01,  5.57it/s][A

 43%|████▎     | 259/600 [00:42<01:02,  5.43it/s][A

 43%|████▎     | 260/600 [00:43<01:03,  5.39it/s][A

 44%|████▎     | 261/600 [00:43<01:01,  5.49it/s][A

 44%|████▎     | 262/600 [00:43<00:59,  5.69it/s][A

 44%|████▍     | 263/600 [00:43<01:01,  5.45it/s][A

 44%|████▍     | 264/600 [00:43<01:02,  5.34it/s][A

 44%|████▍     | 265/600 [00:44<01:01,  5.44it/s][A

 44%|████▍     | 266/600 [00:44<00:58,  5.72it/s][A

 44%|████▍     | 267/600 [00:44<00:57,  5.74it/s][A

 45%|████▍     | 268/600 [00:44<00:56,  5.91it/s][A

 45%|████▍     | 269/600 [00:44<00:55,  5.95it/s][A

 45%|████▌     | 270/600 [00:44<00:52,  6.29it/s][A

 45%|████▌     | 271/600 [00:45<00:51,  6.42it/s][A

 45%|████▌     | 272/600 [00:45<00:50,  6.47it/s][A

 46%|████▌     | 273/600 [00:45<00:52,  6.27it/s][A

 46%|████▌     | 274/600 [00:45<00:53,  6.11it/s][A

 46%|████▌     | 275/600 [00:45<00:52,  6.20it/s][A

 46%|████▌     | 276/600 [00:45<00:53,  6.03it/s][A

 46%|████▌     | 277/600 [00:46<00:52,  6.15it/s][A

 46%|████▋     | 278/600 [00:46<00:50,  6.44it/s][A

 46%|████▋     | 279/600 [00:46<00:48,  6.65it/s][A

 47%|████▋     | 280/600 [00:46<00:47,  6.76it/s][A

 47%|████▋     | 281/600 [00:46<00:46,  6.87it/s][A

 47%|████▋     | 282/600 [00:46<00:48,  6.58it/s][A

 47%|████▋     | 283/600 [00:46<00:47,  6.62it/s][A

 47%|████▋     | 284/600 [00:47<00:47,  6.60it/s][A

 48%|████▊     | 285/600 [00:47<00:46,  6.75it/s][A

 48%|████▊     | 286/600 [00:47<00:46,  6.82it/s][A

 48%|████▊     | 287/600 [00:47<00:45,  6.83it/s][A

 48%|████▊     | 288/600 [00:47<00:46,  6.76it/s][A

 48%|████▊     | 289/600 [00:47<00:45,  6.78it/s][A

 48%|████▊     | 290/600 [00:47<00:52,  5.96it/s][A

 48%|████▊     | 291/600 [00:48<00:51,  6.02it/s][A

 49%|████▊     | 292/600 [00:48<00:49,  6.27it/s][A

 49%|████▉     | 293/600 [00:48<00:47,  6.48it/s][A

 49%|████▉     | 294/600 [00:48<00:47,  6.50it/s][A

 49%|████▉     | 295/600 [00:48<00:47,  6.44it/s][A

 49%|████▉     | 296/600 [00:48<00:48,  6.26it/s][A

 50%|████▉     | 297/600 [00:49<00:50,  6.03it/s][A

 50%|████▉     | 298/600 [00:49<00:47,  6.33it/s][A

 50%|████▉     | 299/600 [00:49<00:46,  6.51it/s][A

 50%|█████     | 300/600 [00:49<00:47,  6.36it/s][A

 50%|█████     | 301/600 [00:49<00:50,  5.92it/s][A

 50%|█████     | 302/600 [00:49<00:52,  5.67it/s][A

 50%|█████     | 303/600 [00:50<00:53,  5.55it/s][A

 51%|█████     | 304/600 [00:50<00:55,  5.33it/s][A

 51%|█████     | 305/600 [00:50<00:55,  5.35it/s][A

 51%|█████     | 306/600 [00:50<00:57,  5.10it/s][A

 51%|█████     | 307/600 [00:50<00:56,  5.23it/s][A

 51%|█████▏    | 308/600 [00:51<00:53,  5.45it/s][A

 52%|█████▏    | 309/600 [00:51<00:51,  5.66it/s][A

 52%|█████▏    | 310/600 [00:51<00:54,  5.33it/s][A

 52%|█████▏    | 311/600 [00:51<00:52,  5.47it/s][A

 52%|█████▏    | 312/600 [00:51<00:52,  5.44it/s][A

 52%|█████▏    | 313/600 [00:51<00:51,  5.60it/s][A

 52%|█████▏    | 314/600 [00:52<00:54,  5.28it/s][A

 52%|█████▎    | 315/600 [00:52<00:52,  5.46it/s][A

 53%|█████▎    | 316/600 [00:52<00:49,  5.69it/s][A

 53%|█████▎    | 317/600 [00:52<00:51,  5.47it/s][A

 53%|█████▎    | 318/600 [00:52<00:52,  5.39it/s][A

 53%|█████▎    | 319/600 [00:53<00:51,  5.45it/s][A

 53%|█████▎    | 320/600 [00:53<00:47,  5.86it/s][A

 54%|█████▎    | 321/600 [00:53<00:50,  5.51it/s][A

 54%|█████▎    | 322/600 [00:53<00:49,  5.64it/s][A

 54%|█████▍    | 323/600 [00:53<00:48,  5.71it/s][A

 54%|█████▍    | 324/600 [00:54<00:54,  5.11it/s][A

 54%|█████▍    | 325/600 [00:54<00:50,  5.46it/s][A

 54%|█████▍    | 326/600 [00:54<00:51,  5.34it/s][A

 55%|█████▍    | 327/600 [00:54<00:47,  5.74it/s][A

 55%|█████▍    | 328/600 [00:54<00:46,  5.84it/s][A

 55%|█████▍    | 329/600 [00:54<00:46,  5.87it/s][A

 55%|█████▌    | 330/600 [00:55<00:46,  5.81it/s][A

 55%|█████▌    | 331/600 [00:55<00:49,  5.43it/s][A

 55%|█████▌    | 332/600 [00:55<00:47,  5.64it/s][A

 56%|█████▌    | 333/600 [00:55<00:47,  5.66it/s][A

 56%|█████▌    | 334/600 [00:55<00:46,  5.77it/s][A

 56%|█████▌    | 335/600 [00:55<00:43,  6.03it/s][A

 56%|█████▌    | 336/600 [00:56<00:44,  5.99it/s][A

 56%|█████▌    | 337/600 [00:56<00:42,  6.14it/s][A

 56%|█████▋    | 338/600 [00:56<00:42,  6.19it/s][A

 56%|█████▋    | 339/600 [00:56<00:41,  6.35it/s][A

 57%|█████▋    | 340/600 [00:56<00:42,  6.16it/s][A

 57%|█████▋    | 341/600 [00:56<00:43,  6.00it/s][A

 57%|█████▋    | 342/600 [00:57<00:42,  6.10it/s][A

 57%|█████▋    | 343/600 [00:57<00:40,  6.38it/s][A

 57%|█████▋    | 344/600 [00:57<00:39,  6.42it/s][A

 57%|█████▊    | 345/600 [00:57<00:38,  6.59it/s][A

 58%|█████▊    | 346/600 [00:57<00:38,  6.67it/s][A

 58%|█████▊    | 347/600 [00:57<00:39,  6.34it/s][A

 58%|█████▊    | 348/600 [00:57<00:41,  6.01it/s][A

 58%|█████▊    | 349/600 [00:58<00:40,  6.24it/s][A

 58%|█████▊    | 350/600 [00:58<00:40,  6.15it/s][A

 58%|█████▊    | 351/600 [00:58<00:40,  6.21it/s][A

 59%|█████▊    | 352/600 [00:58<00:40,  6.09it/s][A

 59%|█████▉    | 353/600 [00:58<00:40,  6.10it/s][A

 59%|█████▉    | 354/600 [00:58<00:39,  6.25it/s][A

 59%|█████▉    | 355/600 [00:59<00:38,  6.34it/s][A

 59%|█████▉    | 356/600 [00:59<00:37,  6.43it/s][A

 60%|█████▉    | 357/600 [00:59<00:38,  6.26it/s][A

 60%|█████▉    | 358/600 [00:59<00:38,  6.23it/s][A

 60%|█████▉    | 359/600 [00:59<00:39,  6.17it/s][A

 60%|██████    | 360/600 [00:59<00:41,  5.83it/s][A

 60%|██████    | 361/600 [01:00<00:39,  5.98it/s][A

 60%|██████    | 362/600 [01:00<00:38,  6.18it/s][A

 60%|██████    | 363/600 [01:00<00:38,  6.10it/s][A

 61%|██████    | 364/600 [01:00<00:40,  5.77it/s][A

 61%|██████    | 365/600 [01:00<00:41,  5.62it/s][A

 61%|██████    | 366/600 [01:00<00:42,  5.56it/s][A

 61%|██████    | 367/600 [01:01<00:40,  5.81it/s][A

 61%|██████▏   | 368/600 [01:01<00:37,  6.14it/s][A

 62%|██████▏   | 369/600 [01:01<00:36,  6.39it/s][A

 62%|██████▏   | 370/600 [01:01<00:35,  6.46it/s][A

 62%|██████▏   | 371/600 [01:01<00:35,  6.38it/s][A

 62%|██████▏   | 372/600 [01:01<00:34,  6.52it/s][A

 62%|██████▏   | 373/600 [01:02<00:34,  6.54it/s][A

 62%|██████▏   | 374/600 [01:02<00:35,  6.39it/s][A

 62%|██████▎   | 375/600 [01:02<00:35,  6.34it/s][A

 63%|██████▎   | 376/600 [01:02<00:36,  6.17it/s][A

 63%|██████▎   | 377/600 [01:02<00:38,  5.84it/s][A

 63%|██████▎   | 378/600 [01:02<00:36,  6.06it/s][A

 63%|██████▎   | 379/600 [01:02<00:35,  6.21it/s][A

 63%|██████▎   | 380/600 [01:03<00:35,  6.24it/s][A

 64%|██████▎   | 381/600 [01:03<00:34,  6.30it/s][A

 64%|██████▎   | 382/600 [01:03<00:37,  5.88it/s][A

 64%|██████▍   | 383/600 [01:03<00:37,  5.76it/s][A

 64%|██████▍   | 384/600 [01:03<00:36,  5.92it/s][A

 64%|██████▍   | 385/600 [01:04<00:36,  5.84it/s][A

 64%|██████▍   | 386/600 [01:04<00:34,  6.15it/s][A

 64%|██████▍   | 387/600 [01:04<00:34,  6.18it/s][A

 65%|██████▍   | 388/600 [01:04<00:34,  6.12it/s][A

 65%|██████▍   | 389/600 [01:04<00:33,  6.26it/s][A

 65%|██████▌   | 390/600 [01:04<00:33,  6.18it/s][A

 65%|██████▌   | 391/600 [01:04<00:33,  6.20it/s][A

 65%|██████▌   | 392/600 [01:05<00:33,  6.30it/s][A

 66%|██████▌   | 393/600 [01:05<00:31,  6.56it/s][A

 66%|██████▌   | 394/600 [01:05<00:30,  6.70it/s][A

 66%|██████▌   | 395/600 [01:05<00:32,  6.26it/s][A

 66%|██████▌   | 396/600 [01:05<00:32,  6.26it/s][A

 66%|██████▌   | 397/600 [01:05<00:33,  6.10it/s][A

 66%|██████▋   | 398/600 [01:06<00:32,  6.20it/s][A

 66%|██████▋   | 399/600 [01:06<00:31,  6.41it/s][A

 67%|██████▋   | 400/600 [01:06<00:33,  6.05it/s][A

 67%|██████▋   | 401/600 [01:06<00:35,  5.67it/s][A

 67%|██████▋   | 402/600 [01:06<00:33,  5.92it/s][A

 67%|██████▋   | 403/600 [01:06<00:32,  6.11it/s][A

 67%|██████▋   | 404/600 [01:07<00:31,  6.18it/s][A

 68%|██████▊   | 405/600 [01:07<00:30,  6.34it/s][A

 68%|██████▊   | 406/600 [01:07<00:29,  6.62it/s][A

 68%|██████▊   | 407/600 [01:07<00:29,  6.54it/s][A

 68%|██████▊   | 408/600 [01:07<00:29,  6.56it/s][A

 68%|██████▊   | 409/600 [01:07<00:29,  6.42it/s][A

 68%|██████▊   | 410/600 [01:07<00:30,  6.33it/s][A

 68%|██████▊   | 411/600 [01:08<00:29,  6.51it/s][A

 69%|██████▊   | 412/600 [01:08<00:28,  6.58it/s][A

 69%|██████▉   | 413/600 [01:08<00:29,  6.35it/s][A

 69%|██████▉   | 414/600 [01:08<00:29,  6.40it/s][A

 69%|██████▉   | 415/600 [01:08<00:28,  6.48it/s][A

 69%|██████▉   | 416/600 [01:08<00:27,  6.58it/s][A

 70%|██████▉   | 417/600 [01:09<00:27,  6.55it/s][A

 70%|██████▉   | 418/600 [01:09<00:27,  6.70it/s][A

 70%|██████▉   | 419/600 [01:09<00:27,  6.63it/s][A

 70%|███████   | 420/600 [01:09<00:27,  6.52it/s][A

 70%|███████   | 421/600 [01:09<00:28,  6.24it/s][A

 70%|███████   | 422/600 [01:09<00:28,  6.32it/s][A

 70%|███████   | 423/600 [01:09<00:27,  6.45it/s][A

 71%|███████   | 424/600 [01:10<00:27,  6.46it/s][A

 71%|███████   | 425/600 [01:10<00:26,  6.58it/s][A

 71%|███████   | 426/600 [01:10<00:25,  6.71it/s][A

 71%|███████   | 427/600 [01:10<00:26,  6.52it/s][A

 71%|███████▏  | 428/600 [01:10<00:27,  6.30it/s][A

 72%|███████▏  | 429/600 [01:10<00:28,  6.08it/s][A

 72%|███████▏  | 430/600 [01:11<00:30,  5.61it/s][A

 72%|███████▏  | 431/600 [01:11<00:28,  5.83it/s][A

 72%|███████▏  | 432/600 [01:11<00:28,  5.89it/s][A

 72%|███████▏  | 433/600 [01:11<00:28,  5.77it/s][A

 72%|███████▏  | 434/600 [01:11<00:28,  5.86it/s][A

 72%|███████▎  | 435/600 [01:12<00:28,  5.70it/s][A

 73%|███████▎  | 436/600 [01:12<00:29,  5.55it/s][A

 73%|███████▎  | 437/600 [01:12<00:29,  5.58it/s][A

 73%|███████▎  | 438/600 [01:12<00:28,  5.62it/s][A

 73%|███████▎  | 439/600 [01:12<00:29,  5.53it/s][A

 73%|███████▎  | 440/600 [01:12<00:29,  5.40it/s][A

 74%|███████▎  | 441/600 [01:13<00:29,  5.40it/s][A

 74%|███████▎  | 442/600 [01:13<00:29,  5.41it/s][A

 74%|███████▍  | 443/600 [01:13<00:29,  5.36it/s][A

 74%|███████▍  | 444/600 [01:13<00:26,  5.81it/s][A

 74%|███████▍  | 445/600 [01:13<00:25,  6.03it/s][A

 74%|███████▍  | 446/600 [01:13<00:26,  5.83it/s][A

 74%|███████▍  | 447/600 [01:14<00:26,  5.85it/s][A

 75%|███████▍  | 448/600 [01:14<00:26,  5.77it/s][A

 75%|███████▍  | 449/600 [01:14<00:26,  5.60it/s][A

 75%|███████▌  | 450/600 [01:14<00:25,  5.79it/s][A

 75%|███████▌  | 451/600 [01:14<00:25,  5.84it/s][A

 75%|███████▌  | 452/600 [01:15<00:25,  5.85it/s][A

 76%|███████▌  | 453/600 [01:15<00:25,  5.73it/s][A

 76%|███████▌  | 454/600 [01:15<00:27,  5.38it/s][A

 76%|███████▌  | 455/600 [01:15<00:25,  5.72it/s][A

 76%|███████▌  | 456/600 [01:15<00:26,  5.53it/s][A

 76%|███████▌  | 457/600 [01:15<00:27,  5.26it/s][A

 76%|███████▋  | 458/600 [01:16<00:25,  5.58it/s][A

 76%|███████▋  | 459/600 [01:16<00:25,  5.46it/s][A

 77%|███████▋  | 460/600 [01:16<00:23,  5.90it/s][A

 77%|███████▋  | 461/600 [01:16<00:22,  6.10it/s][A

 77%|███████▋  | 462/600 [01:16<00:22,  6.17it/s][A

 77%|███████▋  | 463/600 [01:16<00:21,  6.27it/s][A

 77%|███████▋  | 464/600 [01:17<00:22,  6.10it/s][A

 78%|███████▊  | 465/600 [01:17<00:22,  6.12it/s][A

 78%|███████▊  | 466/600 [01:17<00:21,  6.14it/s][A

 78%|███████▊  | 467/600 [01:17<00:21,  6.32it/s][A

 78%|███████▊  | 468/600 [01:17<00:20,  6.35it/s][A

 78%|███████▊  | 469/600 [01:17<00:21,  6.17it/s][A

 78%|███████▊  | 470/600 [01:18<00:20,  6.23it/s][A

 78%|███████▊  | 471/600 [01:18<00:21,  6.05it/s][A

 79%|███████▊  | 472/600 [01:18<00:21,  5.92it/s][A

 79%|███████▉  | 473/600 [01:18<00:21,  5.89it/s][A

 79%|███████▉  | 474/600 [01:18<00:20,  6.22it/s][A

 79%|███████▉  | 475/600 [01:18<00:20,  6.20it/s][A

 79%|███████▉  | 476/600 [01:19<00:20,  6.18it/s][A

 80%|███████▉  | 477/600 [01:19<00:19,  6.33it/s][A

 80%|███████▉  | 478/600 [01:19<00:19,  6.29it/s][A

 80%|███████▉  | 479/600 [01:19<00:18,  6.44it/s][A

 80%|████████  | 480/600 [01:19<00:19,  6.21it/s][A

 80%|████████  | 481/600 [01:19<00:19,  6.20it/s][A

 80%|████████  | 482/600 [01:19<00:19,  6.01it/s][A

 80%|████████  | 483/600 [01:20<00:19,  5.87it/s][A

 81%|████████  | 484/600 [01:20<00:19,  6.01it/s][A

 81%|████████  | 485/600 [01:20<00:19,  5.85it/s][A

 81%|████████  | 486/600 [01:20<00:19,  5.87it/s][A

 81%|████████  | 487/600 [01:20<00:18,  5.95it/s][A

 81%|████████▏ | 488/600 [01:21<00:18,  5.97it/s][A

 82%|████████▏ | 489/600 [01:21<00:18,  6.06it/s][A

 82%|████████▏ | 490/600 [01:21<00:18,  5.85it/s][A

 82%|████████▏ | 491/600 [01:21<00:18,  6.04it/s][A

 82%|████████▏ | 492/600 [01:21<00:18,  5.98it/s][A

 82%|████████▏ | 493/600 [01:21<00:17,  6.16it/s][A

 82%|████████▏ | 494/600 [01:21<00:16,  6.33it/s][A

 82%|████████▎ | 495/600 [01:22<00:16,  6.32it/s][A

 83%|████████▎ | 496/600 [01:22<00:15,  6.55it/s][A

 83%|████████▎ | 497/600 [01:22<00:15,  6.67it/s][A

 83%|████████▎ | 498/600 [01:22<00:15,  6.51it/s][A

 83%|████████▎ | 499/600 [01:22<00:15,  6.59it/s][A

 83%|████████▎ | 500/600 [01:22<00:16,  6.22it/s][A

 84%|████████▎ | 501/600 [01:23<00:16,  6.05it/s][A

 84%|████████▎ | 502/600 [01:23<00:16,  5.99it/s][A

 84%|████████▍ | 503/600 [01:23<00:15,  6.14it/s][A

 84%|████████▍ | 504/600 [01:23<00:14,  6.43it/s][A

 84%|████████▍ | 505/600 [01:23<00:15,  6.04it/s][A

 84%|████████▍ | 506/600 [01:23<00:15,  6.07it/s][A

 84%|████████▍ | 507/600 [01:24<00:15,  6.04it/s][A

 85%|████████▍ | 508/600 [01:24<00:15,  5.94it/s][A

 85%|████████▍ | 509/600 [01:24<00:14,  6.29it/s][A

 85%|████████▌ | 510/600 [01:24<00:13,  6.49it/s][A

 85%|████████▌ | 511/600 [01:24<00:13,  6.56it/s][A

 85%|████████▌ | 512/600 [01:24<00:13,  6.72it/s][A

 86%|████████▌ | 513/600 [01:24<00:12,  6.70it/s][A

 86%|████████▌ | 514/600 [01:25<00:12,  6.72it/s][A

 86%|████████▌ | 515/600 [01:25<00:12,  6.55it/s][A

 86%|████████▌ | 516/600 [01:25<00:12,  6.61it/s][A

 86%|████████▌ | 517/600 [01:25<00:12,  6.54it/s][A

 86%|████████▋ | 518/600 [01:25<00:13,  5.98it/s][A

 86%|████████▋ | 519/600 [01:25<00:13,  5.84it/s][A

 87%|████████▋ | 520/600 [01:26<00:13,  5.95it/s][A

 87%|████████▋ | 521/600 [01:26<00:12,  6.10it/s][A

 87%|████████▋ | 522/600 [01:26<00:13,  5.75it/s][A

 87%|████████▋ | 523/600 [01:26<00:13,  5.75it/s][A

 87%|████████▋ | 524/600 [01:26<00:12,  5.93it/s][A

 88%|████████▊ | 525/600 [01:26<00:12,  6.19it/s][A

 88%|████████▊ | 526/600 [01:27<00:11,  6.22it/s][A

 88%|████████▊ | 527/600 [01:27<00:11,  6.33it/s][A

 88%|████████▊ | 528/600 [01:27<00:11,  6.53it/s][A

 88%|████████▊ | 529/600 [01:27<00:10,  6.56it/s][A

 88%|████████▊ | 530/600 [01:27<00:10,  6.65it/s][A

 88%|████████▊ | 531/600 [01:27<00:10,  6.49it/s][A

 89%|████████▊ | 532/600 [01:28<00:10,  6.23it/s][A

 89%|████████▉ | 533/600 [01:28<00:11,  5.95it/s][A

 89%|████████▉ | 534/600 [01:28<00:10,  6.08it/s][A

 89%|████████▉ | 535/600 [01:28<00:10,  6.33it/s][A

 89%|████████▉ | 536/600 [01:28<00:09,  6.49it/s][A

 90%|████████▉ | 537/600 [01:28<00:09,  6.51it/s][A

 90%|████████▉ | 538/600 [01:28<00:09,  6.65it/s][A

 90%|████████▉ | 539/600 [01:29<00:09,  6.59it/s][A

 90%|█████████ | 540/600 [01:29<00:09,  6.61it/s][A

 90%|█████████ | 541/600 [01:29<00:08,  6.68it/s][A

 90%|█████████ | 542/600 [01:29<00:08,  6.70it/s][A

 90%|█████████ | 543/600 [01:29<00:08,  6.69it/s][A

 91%|█████████ | 544/600 [01:29<00:08,  6.65it/s][A

 91%|█████████ | 545/600 [01:30<00:08,  6.17it/s][A

 91%|█████████ | 546/600 [01:30<00:08,  6.13it/s][A

 91%|█████████ | 547/600 [01:30<00:08,  6.14it/s][A

 91%|█████████▏| 548/600 [01:30<00:08,  6.29it/s][A

 92%|█████████▏| 549/600 [01:30<00:08,  5.76it/s][A

 92%|█████████▏| 550/600 [01:30<00:08,  5.79it/s][A

 92%|█████████▏| 551/600 [01:31<00:08,  5.69it/s][A

 92%|█████████▏| 552/600 [01:31<00:08,  5.92it/s][A

 92%|█████████▏| 553/600 [01:31<00:08,  5.85it/s][A

 92%|█████████▏| 554/600 [01:31<00:07,  6.10it/s][A

 92%|█████████▎| 555/600 [01:31<00:07,  6.24it/s][A

 93%|█████████▎| 556/600 [01:31<00:07,  6.01it/s][A

 93%|█████████▎| 557/600 [01:32<00:07,  5.77it/s][A

 93%|█████████▎| 558/600 [01:32<00:07,  5.54it/s][A

 93%|█████████▎| 559/600 [01:32<00:07,  5.55it/s][A

 93%|█████████▎| 560/600 [01:32<00:06,  5.85it/s][A

 94%|█████████▎| 561/600 [01:32<00:06,  5.60it/s][A

 94%|█████████▎| 562/600 [01:33<00:07,  5.36it/s][A

 94%|█████████▍| 563/600 [01:33<00:07,  5.14it/s][A

 94%|█████████▍| 564/600 [01:33<00:07,  4.89it/s][A

 94%|█████████▍| 565/600 [01:33<00:06,  5.21it/s][A

 94%|█████████▍| 566/600 [01:33<00:06,  5.31it/s][A

 94%|█████████▍| 567/600 [01:33<00:06,  5.40it/s][A

 95%|█████████▍| 568/600 [01:34<00:05,  5.54it/s][A

 95%|█████████▍| 569/600 [01:34<00:05,  5.65it/s][A

 95%|█████████▌| 570/600 [01:34<00:05,  5.98it/s][A

 95%|█████████▌| 571/600 [01:34<00:04,  6.22it/s][A

 95%|█████████▌| 572/600 [01:34<00:04,  5.98it/s][A

 96%|█████████▌| 573/600 [01:34<00:04,  5.84it/s][A

 96%|█████████▌| 574/600 [01:35<00:04,  5.65it/s][A

 96%|█████████▌| 575/600 [01:35<00:04,  5.61it/s][A

 96%|█████████▌| 576/600 [01:35<00:04,  5.70it/s][A

 96%|█████████▌| 577/600 [01:35<00:04,  5.63it/s][A

 96%|█████████▋| 578/600 [01:35<00:03,  5.63it/s][A

 96%|█████████▋| 579/600 [01:36<00:03,  5.54it/s][A

 97%|█████████▋| 580/600 [01:36<00:03,  5.42it/s][A

 97%|█████████▋| 581/600 [01:36<00:03,  5.19it/s][A

 97%|█████████▋| 582/600 [01:36<00:03,  5.11it/s][A

 97%|█████████▋| 583/600 [01:36<00:03,  5.46it/s][A

 97%|█████████▋| 584/600 [01:37<00:03,  5.21it/s][A

 98%|█████████▊| 585/600 [01:37<00:02,  5.09it/s][A

 98%|█████████▊| 586/600 [01:37<00:02,  4.87it/s][A

 98%|█████████▊| 587/600 [01:37<00:02,  5.14it/s][A

 98%|█████████▊| 588/600 [01:37<00:02,  5.30it/s][A

 98%|█████████▊| 589/600 [01:37<00:02,  5.48it/s][A

 98%|█████████▊| 590/600 [01:38<00:01,  5.57it/s][A

 98%|█████████▊| 591/600 [01:38<00:01,  5.56it/s][A

 99%|█████████▊| 592/600 [01:38<00:01,  5.55it/s][A

 99%|█████████▉| 593/600 [01:38<00:01,  5.88it/s][A

 99%|█████████▉| 594/600 [01:38<00:00,  6.19it/s][A

 99%|█████████▉| 595/600 [01:38<00:00,  6.23it/s][A

 99%|█████████▉| 596/600 [01:39<00:00,  6.00it/s][A

100%|█████████▉| 597/600 [01:39<00:00,  6.05it/s][A

100%|█████████▉| 598/600 [01:39<00:00,  6.13it/s][A

100%|█████████▉| 599/600 [01:39<00:00,  6.17it/s][A

100%|██████████| 600/600 [01:39<00:00,  6.04it/s][A
                                                     


                                                 
[A
 96%|█████████▌| 4200/4384 [2:43:35<17:25,  5.68s/it]

100%|██████████| 600/600 [01:39<00:00,  6.04it/s][A

                                                 [A
 96%|█████████▌| 4201/4384 [2:43:42<1:49:57, 36.05s/it]
 96%|█████████▌| 4202/4384 [2:43:48<1:22:05, 27.07s/it]
 96%|█████████▌| 4203/4384 [2:43:54<1:02:35, 20.75s/it]
 96%|█████████▌| 4204/4384 [2:43:59<48:44, 16.25s/it]  
 96%|█████████▌| 4205/4384 [2:44:05<39:09, 13.12s/it]
 96%|█████████▌| 4206/4384 [2:44:11<32:08, 10.84s/it]
 96%|█████████▌| 4207/4384 [2:44:17<27:36,  9.36s/it]
 96%|█████████▌| 4208/4384 [2:44:23<24:43,  8.43s/it]
 96%|█████████▌| 4209/4384 [2:44:29<22:12,  7.62s/it]
 96%|█████████▌| 4210/4384 [2:44:35<20:41,  7.13s/it]
 96%|█████████▌| 4211/4384 [2:44:41<19:33,  6.79s/it]
 96%|█████████▌| 4212/4384 [2:44:46<18:25,  6.43s/it]
 96%|█████████▌| 4213/4384 [2:44:52<17:23,  6.10s/it]
 96%|█████████▌| 4214/4384 [2:44:58<17:31,  6.19s/it]
 96%|█████████▌| 4215/4384 [2:45:04<17:16,  6.13s/it]
 96%|█████████▌| 4216/4384 [2:45:09<16:40,  5.96s/it]
 96%|█████████▌| 4217/4384 [2:45:15<16:30,  5.93s/it]
 96%|█████████▌| 4218/4384 [2:45:21<16:17,  5.89s/it]
 96%|█████████▌| 4219/4384 [2:45:27<15:58,  5.81s/it]
 96%|█████████▋| 4220/4384 [2:45:32<15:45,  5.76s/it]
                                                     

 96%|█████████▋| 4220/4384 [2:45:32<15:45,  5.76s/it]
 96%|█████████▋| 4221/4384 [2:45:38<15:48,  5.82s/it]
 96%|█████████▋| 4222/4384 [2:45:44<15:46,  5.84s/it]
 96%|█████████▋| 4223/4384 [2:45:50<15:34,  5.80s/it]
 96%|█████████▋| 4224/4384 [2:45:56<15:16,  5.73s/it]
 96%|█████████▋| 4225/4384 [2:46:01<15:02,  5.67s/it]
 96%|█████████▋| 4226/4384 [2:46:07<14:47,  5.62s/it]
 96%|█████████▋| 4227/4384 [2:46:13<15:02,  5.75s/it]
 96%|█████████▋| 4228/4384 [2:46:19<15:13,  5.85s/it]
 96%|█████████▋| 4229/4384 [2:46:24<14:56,  5.78s/it]
 96%|█████████▋| 4230/4384 [2:46:30<14:59,  5.84s/it]
 97%|█████████▋| 4231/4384 [2:46:36<14:41,  5.76s/it]
 97%|█████████▋| 4232/4384 [2:46:42<14:32,  5.74s/it]
 97%|█████████▋| 4233/4384 [2:46:47<14:23,  5.72s/it]
 97%|█████████▋| 4234/4384 [2:46:53<14:34,  5.83s/it]
 97%|█████████▋| 4235/4384 [2:46:59<14:36,  5.89s/it]
 97%|█████████▋| 4236/4384 [2:47:05<14:31,  5.89s/it]
 97%|█████████▋| 4237/4384 [2:47:11<14:22,  5.87s/it]
 97%|█████████▋| 4238/4384 [2:47:17<14:15,  5.86s/it]
 97%|█████████▋| 4239/4384 [2:47:22<13:58,  5.78s/it]
 97%|█████████▋| 4240/4384 [2:47:28<13:54,  5.79s/it]
                                                     

 97%|█████████▋| 4240/4384 [2:47:28<13:54,  5.79s/it]
 97%|█████████▋| 4241/4384 [2:47:34<13:51,  5.81s/it]
 97%|█████████▋| 4242/4384 [2:47:40<13:45,  5.81s/it]
 97%|█████████▋| 4243/4384 [2:47:45<13:22,  5.69s/it]
 97%|█████████▋| 4244/4384 [2:47:51<13:15,  5.68s/it]
 97%|█████████▋| 4245/4384 [2:47:56<12:58,  5.60s/it]
 97%|█████████▋| 4246/4384 [2:48:03<13:12,  5.74s/it]
 97%|█████████▋| 4247/4384 [2:48:09<13:30,  5.91s/it]
 97%|█████████▋| 4248/4384 [2:48:15<13:20,  5.89s/it]
 97%|█████████▋| 4249/4384 [2:48:20<13:12,  5.87s/it]
 97%|█████████▋| 4250/4384 [2:48:26<12:59,  5.82s/it]
 97%|█████████▋| 4251/4384 [2:48:32<13:02,  5.89s/it]
 97%|█████████▋| 4252/4384 [2:48:38<12:54,  5.87s/it]
 97%|█████████▋| 4253/4384 [2:48:44<12:42,  5.82s/it]
 97%|█████████▋| 4254/4384 [2:48:50<12:44,  5.88s/it]
 97%|█████████▋| 4255/4384 [2:48:55<12:27,  5.79s/it]
 97%|█████████▋| 4256/4384 [2:49:01<12:33,  5.89s/it]
 97%|█████████▋| 4257/4384 [2:49:07<12:22,  5.84s/it]
 97%|█████████▋| 4258/4384 [2:49:13<12:08,  5.78s/it]
 97%|█████████▋| 4259/4384 [2:49:19<12:30,  6.01s/it]
 97%|█████████▋| 4260/4384 [2:49:26<12:30,  6.06s/it]
                                                     

 97%|█████████▋| 4260/4384 [2:49:26<12:30,  6.06s/it]
 97%|█████████▋| 4261/4384 [2:49:31<12:14,  5.97s/it]
 97%|█████████▋| 4262/4384 [2:49:37<11:56,  5.88s/it]
 97%|█████████▋| 4263/4384 [2:49:43<11:37,  5.77s/it]
 97%|█████████▋| 4264/4384 [2:49:48<11:26,  5.72s/it]
 97%|█████████▋| 4265/4384 [2:49:54<11:29,  5.79s/it]
 97%|█████████▋| 4266/4384 [2:50:00<11:43,  5.96s/it]
 97%|█████████▋| 4267/4384 [2:50:06<11:30,  5.91s/it]
 97%|█████████▋| 4268/4384 [2:50:12<11:15,  5.82s/it]
 97%|█████████▋| 4269/4384 [2:50:17<10:57,  5.72s/it]
 97%|█████████▋| 4270/4384 [2:50:23<10:57,  5.77s/it]
 97%|█████████▋| 4271/4384 [2:50:29<10:42,  5.69s/it]
 97%|█████████▋| 4272/4384 [2:50:35<10:41,  5.73s/it]
 97%|█████████▋| 4273/4384 [2:50:41<10:46,  5.83s/it]
 97%|█████████▋| 4274/4384 [2:50:46<10:32,  5.75s/it]
 98%|█████████▊| 4275/4384 [2:50:52<10:33,  5.81s/it]
 98%|█████████▊| 4276/4384 [2:50:58<10:33,  5.87s/it]
 98%|█████████▊| 4277/4384 [2:51:04<10:25,  5.84s/it]
 98%|█████████▊| 4278/4384 [2:51:10<10:18,  5.84s/it]
 98%|█████████▊| 4279/4384 [2:51:16<10:20,  5.91s/it]
 98%|█████████▊| 4280/4384 [2:51:22<10:15,  5.92s/it]
                                                     

 98%|█████████▊| 4280/4384 [2:51:22<10:15,  5.92s/it]
 98%|█████████▊| 4281/4384 [2:51:27<09:59,  5.82s/it]
 98%|█████████▊| 4282/4384 [2:51:33<09:57,  5.86s/it]
 98%|█████████▊| 4283/4384 [2:51:39<09:46,  5.81s/it]
 98%|█████████▊| 4284/4384 [2:51:45<09:36,  5.76s/it]
 98%|█████████▊| 4285/4384 [2:51:51<09:49,  5.95s/it]
 98%|█████████▊| 4286/4384 [2:51:58<10:00,  6.13s/it]
 98%|█████████▊| 4287/4384 [2:52:03<09:45,  6.04s/it]
 98%|█████████▊| 4288/4384 [2:52:09<09:31,  5.95s/it]
 98%|█████████▊| 4289/4384 [2:52:15<09:13,  5.83s/it]
 98%|█████████▊| 4290/4384 [2:52:21<09:15,  5.90s/it]
 98%|█████████▊| 4291/4384 [2:52:27<09:07,  5.88s/it]
 98%|█████████▊| 4292/4384 [2:52:33<09:10,  5.98s/it]
 98%|█████████▊| 4293/4384 [2:52:38<08:56,  5.90s/it]
 98%|█████████▊| 4294/4384 [2:52:44<08:50,  5.90s/it]
 98%|█████████▊| 4295/4384 [2:52:50<08:49,  5.95s/it]
 98%|█████████▊| 4296/4384 [2:52:56<08:31,  5.81s/it]
 98%|█████████▊| 4297/4384 [2:53:02<08:21,  5.76s/it]
 98%|█████████▊| 4298/4384 [2:53:08<08:20,  5.82s/it]
 98%|█████████▊| 4299/4384 [2:53:13<08:11,  5.79s/it]
 98%|█████████▊| 4300/4384 [2:53:19<07:59,  5.71s/it]
                                                     

 98%|█████████▊| 4300/4384 [2:53:19<07:59,  5.71s/it]
 98%|█████████▊| 4301/4384 [2:53:24<07:53,  5.70s/it]
 98%|█████████▊| 4302/4384 [2:53:30<07:42,  5.64s/it]
 98%|█████████▊| 4303/4384 [2:53:36<07:37,  5.64s/it]
 98%|█████████▊| 4304/4384 [2:53:42<07:43,  5.79s/it]
 98%|█████████▊| 4305/4384 [2:53:48<07:45,  5.89s/it]
 98%|█████████▊| 4306/4384 [2:53:53<07:31,  5.79s/it]
 98%|█████████▊| 4307/4384 [2:53:59<07:28,  5.82s/it]
 98%|█████████▊| 4308/4384 [2:54:05<07:21,  5.80s/it]
 98%|█████████▊| 4309/4384 [2:54:11<07:09,  5.72s/it]
 98%|█████████▊| 4310/4384 [2:54:16<06:56,  5.63s/it]
 98%|█████████▊| 4311/4384 [2:54:22<06:58,  5.73s/it]
 98%|█████████▊| 4312/4384 [2:54:28<06:55,  5.77s/it]
 98%|█████████▊| 4313/4384 [2:54:34<06:47,  5.74s/it]
 98%|█████████▊| 4314/4384 [2:54:40<06:52,  5.89s/it]
 98%|█████████▊| 4315/4384 [2:54:46<06:45,  5.87s/it]
 98%|█████████▊| 4316/4384 [2:54:51<06:39,  5.88s/it]
 98%|█████████▊| 4317/4384 [2:54:59<06:58,  6.24s/it]
 98%|█████████▊| 4318/4384 [2:55:05<07:00,  6.37s/it]
 99%|█████████▊| 4319/4384 [2:55:11<06:43,  6.21s/it]
 99%|█████████▊| 4320/4384 [2:55:18<06:46,  6.34s/it]
                                                     

 99%|█████████▊| 4320/4384 [2:55:18<06:46,  6.34s/it]
 99%|█████████▊| 4321/4384 [2:55:24<06:36,  6.29s/it]
 99%|█████████▊| 4322/4384 [2:55:30<06:27,  6.25s/it]
 99%|█████████▊| 4323/4384 [2:55:36<06:23,  6.28s/it]
 99%|█████████▊| 4324/4384 [2:55:43<06:30,  6.52s/it]
 99%|█████████▊| 4325/4384 [2:55:50<06:15,  6.37s/it]
 99%|█████████▊| 4326/4384 [2:55:56<06:07,  6.33s/it]
 99%|█████████▊| 4327/4384 [2:56:02<06:00,  6.33s/it]
 99%|█████████▊| 4328/4384 [2:56:08<05:47,  6.21s/it]
 99%|█████████▊| 4329/4384 [2:56:15<05:47,  6.31s/it]
 99%|█████████▉| 4330/4384 [2:56:21<05:38,  6.27s/it]
 99%|█████████▉| 4331/4384 [2:56:27<05:31,  6.26s/it]
 99%|█████████▉| 4332/4384 [2:56:33<05:22,  6.19s/it]
 99%|█████████▉| 4333/4384 [2:56:39<05:07,  6.04s/it]
 99%|█████████▉| 4334/4384 [2:56:44<04:58,  5.96s/it]
 99%|█████████▉| 4335/4384 [2:56:51<04:53,  6.00s/it]
 99%|█████████▉| 4336/4384 [2:56:57<04:47,  6.00s/it]
 99%|█████████▉| 4337/4384 [2:57:03<04:50,  6.18s/it]
 99%|█████████▉| 4338/4384 [2:57:09<04:44,  6.18s/it]
 99%|█████████▉| 4339/4384 [2:57:16<04:45,  6.34s/it]
 99%|█████████▉| 4340/4384 [2:57:22<04:34,  6.25s/it]
                                                     

 99%|█████████▉| 4340/4384 [2:57:22<04:34,  6.25s/it]
 99%|█████████▉| 4341/4384 [2:57:29<04:34,  6.37s/it]
 99%|█████████▉| 4342/4384 [2:57:35<04:25,  6.31s/it]
 99%|█████████▉| 4343/4384 [2:57:41<04:14,  6.22s/it]
 99%|█████████▉| 4344/4384 [2:57:47<04:08,  6.21s/it]
 99%|█████████▉| 4345/4384 [2:57:54<04:09,  6.39s/it]
 99%|█████████▉| 4346/4384 [2:58:00<04:00,  6.33s/it]
 99%|█████████▉| 4347/4384 [2:58:07<03:55,  6.36s/it]
 99%|█████████▉| 4348/4384 [2:58:12<03:44,  6.23s/it]
 99%|█████████▉| 4349/4384 [2:58:18<03:33,  6.09s/it]
 99%|█████████▉| 4350/4384 [2:58:24<03:24,  6.00s/it]
 99%|█████████▉| 4351/4384 [2:58:30<03:21,  6.11s/it]
 99%|█████████▉| 4352/4384 [2:58:36<03:10,  5.97s/it]
 99%|█████████▉| 4353/4384 [2:58:42<03:03,  5.93s/it]
 99%|█████████▉| 4354/4384 [2:58:48<02:58,  5.95s/it]
 99%|█████████▉| 4355/4384 [2:58:54<02:50,  5.87s/it]
 99%|█████████▉| 4356/4384 [2:58:59<02:39,  5.70s/it]
 99%|█████████▉| 4357/4384 [2:59:05<02:33,  5.69s/it]
 99%|█████████▉| 4358/4384 [2:59:11<02:31,  5.84s/it]
 99%|█████████▉| 4359/4384 [2:59:17<02:32,  6.09s/it]
 99%|█████████▉| 4360/4384 [2:59:25<02:34,  6.43s/it]
                                                     

 99%|█████████▉| 4360/4384 [2:59:25<02:34,  6.43s/it]
 99%|█████████▉| 4361/4384 [2:59:31<02:30,  6.52s/it]
 99%|█████████▉| 4362/4384 [2:59:38<02:26,  6.68s/it]
100%|█████████▉| 4363/4384 [2:59:45<02:20,  6.68s/it]
100%|█████████▉| 4364/4384 [2:59:51<02:12,  6.60s/it]
100%|█████████▉| 4365/4384 [2:59:59<02:08,  6.77s/it]
100%|█████████▉| 4366/4384 [3:00:05<01:59,  6.66s/it]
100%|█████████▉| 4367/4384 [3:00:12<01:54,  6.71s/it]
100%|█████████▉| 4368/4384 [3:00:19<01:48,  6.78s/it]
100%|█████████▉| 4369/4384 [3:00:26<01:41,  6.80s/it]
100%|█████████▉| 4370/4384 [3:00:33<01:36,  6.88s/it]
100%|█████████▉| 4371/4384 [3:00:39<01:28,  6.78s/it]
100%|█████████▉| 4372/4384 [3:00:45<01:18,  6.56s/it]
100%|█████████▉| 4373/4384 [3:00:51<01:10,  6.37s/it]
100%|█████████▉| 4374/4384 [3:00:57<01:01,  6.13s/it]
100%|█████████▉| 4375/4384 [3:01:02<00:53,  5.96s/it]
100%|█████████▉| 4376/4384 [3:01:09<00:49,  6.13s/it]
100%|█████████▉| 4377/4384 [3:01:16<00:44,  6.33s/it]
100%|█████████▉| 4378/4384 [3:01:22<00:37,  6.32s/it]
100%|█████████▉| 4379/4384 [3:01:29<00:31,  6.38s/it]
100%|█████████▉| 4380/4384 [3:01:35<00:25,  6.35s/it]
                                                     

100%|█████████▉| 4380/4384 [3:01:35<00:25,  6.35s/it]
100%|█████████▉| 4381/4384 [3:01:41<00:18,  6.22s/it]
100%|█████████▉| 4382/4384 [3:01:47<00:12,  6.35s/it]
100%|█████████▉| 4383/4384 [3:01:54<00:06,  6.47s/it]
{'eval_loss': '1.933', 'eval_runtime': '99.95', 'eval_samples_per_second': '12.01', 'eval_steps_per_second': '6.003', 'eval_entropy': '1.757', 'eval_num_tokens': '1.531e+07', 'eval_mean_token_accuracy': '0.6', 'epoch': '1.916'}
100%|██████████| 4384/4384 [3:01:56<00:00,  5.22s/it]
{'loss': '1.631', 'grad_norm': '1.626', 'learning_rate': '3.711e-07', 'entropy': '1.729', 'num_tokens': '1.552e+07', 'mean_token_accuracy': '0.6346', 'epoch': '1.925'}
{'loss': '1.55', 'grad_norm': '1.587', 'learning_rate': '2.867e-07', 'entropy': '1.66', 'num_tokens': '1.572e+07', 'mean_token_accuracy': '0.6516', 'epoch': '1.935'}
{'loss': '1.654', 'grad_norm': '1.382', 'learning_rate': '2.131e-07', 'entropy': '1.755', 'num_tokens': '1.592e+07', 'mean_token_accuracy': '0.6332', 'epoch': '1.944'}
{'loss': '1.641', 'grad_norm': '1.564', 'learning_rate': '1.504e-07', 'entropy': '1.752', 'num_tokens': '1.613e+07', 'mean_token_accuracy': '0.634', 'epoch': '1.953'}
{'loss': '1.63', 'grad_norm': '1.808', 'learning_rate': '9.857e-08', 'entropy': '1.724', 'num_tokens': '1.633e+07', 'mean_token_accuracy': '0.6333', 'epoch': '1.962'}
{'loss': '1.647', 'grad_norm': '1.684', 'learning_rate': '5.765e-08', 'entropy': '1.75', 'num_tokens': '1.653e+07', 'mean_token_accuracy': '0.6328', 'epoch': '1.971'}
{'loss': '1.599', 'grad_norm': '1.595', 'learning_rate': '2.763e-08', 'entropy': '1.697', 'num_tokens': '1.673e+07', 'mean_token_accuracy': '0.6418', 'epoch': '1.98'}
{'loss': '1.564', 'grad_norm': '1.515', 'learning_rate': '8.529e-09', 'entropy': '1.658', 'num_tokens': '1.694e+07', 'mean_token_accuracy': '0.6473', 'epoch': '1.989'}
{'loss': '1.63', 'grad_norm': '1.606', 'learning_rate': '3.412e-10', 'entropy': '1.719', 'num_tokens': '1.714e+07', 'mean_token_accuracy': '0.6367', 'epoch': '1.998'}

  0%|          | 0/600 [00:00<?, ?it/s][A

  0%|          | 2/600 [00:00<00:59, 10.13it/s][A

  1%|          | 4/600 [00:00<01:21,  7.32it/s][A

  1%|          | 5/600 [00:00<01:28,  6.75it/s][A

  1%|          | 6/600 [00:00<01:34,  6.26it/s][A

  1%|          | 7/600 [00:01<01:33,  6.32it/s][A

  1%|▏         | 8/600 [00:01<01:44,  5.64it/s][A

  2%|▏         | 9/600 [00:01<01:39,  5.94it/s][A

  2%|▏         | 10/600 [00:01<01:37,  6.03it/s][A

  2%|▏         | 11/600 [00:01<01:36,  6.09it/s][A

  2%|▏         | 12/600 [00:01<01:40,  5.88it/s][A

  2%|▏         | 13/600 [00:02<01:47,  5.44it/s][A

  2%|▏         | 14/600 [00:02<01:52,  5.23it/s][A

  2%|▎         | 15/600 [00:02<01:46,  5.51it/s][A

  3%|▎         | 16/600 [00:02<01:53,  5.16it/s][A

  3%|▎         | 17/600 [00:02<01:52,  5.19it/s][A

  3%|▎         | 18/600 [00:03<01:48,  5.36it/s][A

  3%|▎         | 19/600 [00:03<01:51,  5.19it/s][A

  3%|▎         | 20/600 [00:03<01:51,  5.19it/s][A

  4%|▎         | 21/600 [00:03<01:51,  5.21it/s][A

  4%|▎         | 22/600 [00:03<01:53,  5.11it/s][A

  4%|▍         | 23/600 [00:04<01:57,  4.90it/s][A

  4%|▍         | 24/600 [00:04<01:58,  4.86it/s][A

  4%|▍         | 25/600 [00:04<01:51,  5.14it/s][A

  4%|▍         | 26/600 [00:04<01:52,  5.08it/s][A

  4%|▍         | 27/600 [00:04<01:56,  4.90it/s][A

  5%|▍         | 28/600 [00:05<01:55,  4.95it/s][A

  5%|▍         | 29/600 [00:05<01:56,  4.92it/s][A

  5%|▌         | 30/600 [00:05<01:54,  4.99it/s][A

  5%|▌         | 31/600 [00:05<01:53,  5.00it/s][A

  5%|▌         | 32/600 [00:05<01:55,  4.94it/s][A

  6%|▌         | 33/600 [00:06<01:51,  5.07it/s][A

  6%|▌         | 34/600 [00:06<01:52,  5.02it/s][A

  6%|▌         | 35/600 [00:06<01:52,  5.00it/s][A

  6%|▌         | 36/600 [00:06<01:50,  5.11it/s][A

  6%|▌         | 37/600 [00:06<01:52,  4.98it/s][A

  6%|▋         | 38/600 [00:07<01:47,  5.24it/s][A

  6%|▋         | 39/600 [00:07<01:50,  5.07it/s][A

  7%|▋         | 40/600 [00:07<01:51,  5.02it/s][A

  7%|▋         | 41/600 [00:07<01:48,  5.16it/s][A

  7%|▋         | 42/600 [00:07<01:44,  5.36it/s][A

  7%|▋         | 43/600 [00:08<01:42,  5.46it/s][A

  7%|▋         | 44/600 [00:08<01:44,  5.34it/s][A

  8%|▊         | 45/600 [00:08<01:43,  5.36it/s][A

  8%|▊         | 46/600 [00:08<01:40,  5.54it/s][A

  8%|▊         | 47/600 [00:08<01:37,  5.67it/s][A

  8%|▊         | 48/600 [00:08<01:35,  5.78it/s][A

  8%|▊         | 49/600 [00:09<01:34,  5.80it/s][A

  8%|▊         | 50/600 [00:09<01:37,  5.62it/s][A

  8%|▊         | 51/600 [00:09<01:36,  5.68it/s][A

  9%|▊         | 52/600 [00:09<01:34,  5.78it/s][A

  9%|▉         | 53/600 [00:09<01:35,  5.73it/s][A

  9%|▉         | 54/600 [00:09<01:32,  5.88it/s][A

  9%|▉         | 55/600 [00:10<01:36,  5.64it/s][A

  9%|▉         | 56/600 [00:10<01:37,  5.57it/s][A

 10%|▉         | 57/600 [00:10<01:35,  5.68it/s][A

 10%|▉         | 58/600 [00:10<01:33,  5.82it/s][A

 10%|▉         | 59/600 [00:10<01:33,  5.80it/s][A

 10%|█         | 60/600 [00:10<01:34,  5.71it/s][A

 10%|█         | 61/600 [00:11<01:36,  5.57it/s][A

 10%|█         | 62/600 [00:11<01:35,  5.62it/s][A

 10%|█         | 63/600 [00:11<01:34,  5.71it/s][A

 11%|█         | 64/600 [00:11<01:37,  5.47it/s][A

 11%|█         | 65/600 [00:11<01:38,  5.43it/s][A

 11%|█         | 66/600 [00:12<01:36,  5.53it/s][A

 11%|█         | 67/600 [00:12<01:35,  5.56it/s][A

 11%|█▏        | 68/600 [00:12<01:38,  5.43it/s][A

 12%|█▏        | 69/600 [00:12<01:40,  5.29it/s][A

 12%|█▏        | 70/600 [00:12<01:40,  5.29it/s][A

 12%|█▏        | 71/600 [00:13<01:37,  5.43it/s][A

 12%|█▏        | 72/600 [00:13<01:37,  5.43it/s][A

 12%|█▏        | 73/600 [00:13<01:31,  5.76it/s][A

 12%|█▏        | 74/600 [00:13<01:28,  5.97it/s][A

 12%|█▎        | 75/600 [00:13<01:26,  6.08it/s][A

 13%|█▎        | 76/600 [00:13<01:25,  6.14it/s][A

 13%|█▎        | 77/600 [00:13<01:26,  6.02it/s][A

 13%|█▎        | 78/600 [00:14<01:31,  5.69it/s][A

 13%|█▎        | 79/600 [00:14<01:31,  5.72it/s][A

 13%|█▎        | 80/600 [00:14<01:27,  5.97it/s][A

 14%|█▎        | 81/600 [00:14<01:25,  6.06it/s][A

 14%|█▎        | 82/600 [00:14<01:23,  6.19it/s][A

 14%|█▍        | 83/600 [00:14<01:21,  6.34it/s][A

 14%|█▍        | 84/600 [00:15<01:25,  6.03it/s][A

 14%|█▍        | 85/600 [00:15<01:29,  5.78it/s][A

 14%|█▍        | 86/600 [00:15<01:27,  5.86it/s][A

 14%|█▍        | 87/600 [00:15<01:30,  5.64it/s][A

 15%|█▍        | 88/600 [00:15<01:34,  5.44it/s][A

 15%|█▍        | 89/600 [00:16<01:29,  5.72it/s][A

 15%|█▌        | 90/600 [00:16<01:35,  5.34it/s][A

 15%|█▌        | 91/600 [00:16<01:31,  5.56it/s][A

 15%|█▌        | 92/600 [00:16<01:35,  5.34it/s][A

 16%|█▌        | 93/600 [00:16<01:31,  5.53it/s][A

 16%|█▌        | 94/600 [00:16<01:31,  5.51it/s][A

 16%|█▌        | 95/600 [00:17<01:33,  5.39it/s][A

 16%|█▌        | 96/600 [00:17<01:31,  5.53it/s][A

 16%|█▌        | 97/600 [00:17<01:28,  5.72it/s][A

 16%|█▋        | 98/600 [00:17<01:27,  5.72it/s][A

 16%|█▋        | 99/600 [00:17<01:23,  5.97it/s][A

 17%|█▋        | 100/600 [00:18<01:22,  6.08it/s][A

 17%|█▋        | 101/600 [00:18<01:22,  6.01it/s][A

 17%|█▋        | 102/600 [00:18<01:23,  5.96it/s][A

 17%|█▋        | 103/600 [00:18<01:24,  5.87it/s][A

 17%|█▋        | 104/600 [00:18<01:27,  5.64it/s][A

 18%|█▊        | 105/600 [00:18<01:28,  5.61it/s][A

 18%|█▊        | 106/600 [00:19<01:26,  5.71it/s][A

 18%|█▊        | 107/600 [00:19<01:26,  5.71it/s][A

 18%|█▊        | 108/600 [00:19<01:23,  5.88it/s][A

 18%|█▊        | 109/600 [00:19<01:21,  6.06it/s][A

 18%|█▊        | 110/600 [00:19<01:22,  5.96it/s][A

 18%|█▊        | 111/600 [00:19<01:25,  5.72it/s][A

 19%|█▊        | 112/600 [00:20<01:28,  5.52it/s][A

 19%|█▉        | 113/600 [00:20<01:30,  5.40it/s][A

 19%|█▉        | 114/600 [00:20<01:28,  5.51it/s][A

 19%|█▉        | 115/600 [00:20<01:24,  5.74it/s][A

 19%|█▉        | 116/600 [00:20<01:21,  5.93it/s][A

 20%|█▉        | 117/600 [00:20<01:19,  6.11it/s][A

 20%|█▉        | 118/600 [00:21<01:18,  6.14it/s][A

 20%|█▉        | 119/600 [00:21<01:20,  5.95it/s][A

 20%|██        | 120/600 [00:21<01:23,  5.75it/s][A

 20%|██        | 121/600 [00:21<01:23,  5.75it/s][A

 20%|██        | 122/600 [00:21<01:28,  5.40it/s][A

 20%|██        | 123/600 [00:22<01:23,  5.70it/s][A

 21%|██        | 124/600 [00:22<01:25,  5.55it/s][A

 21%|██        | 125/600 [00:22<01:23,  5.66it/s][A

 21%|██        | 126/600 [00:22<01:21,  5.85it/s][A

 21%|██        | 127/600 [00:22<01:18,  6.01it/s][A

 21%|██▏       | 128/600 [00:22<01:19,  5.95it/s][A

 22%|██▏       | 129/600 [00:23<01:18,  6.00it/s][A

 22%|██▏       | 130/600 [00:23<01:21,  5.78it/s][A

 22%|██▏       | 131/600 [00:23<01:27,  5.35it/s][A

 22%|██▏       | 132/600 [00:23<01:27,  5.33it/s][A

 22%|██▏       | 133/600 [00:23<01:26,  5.39it/s][A

 22%|██▏       | 134/600 [00:24<01:31,  5.12it/s][A

 22%|██▎       | 135/600 [00:24<01:26,  5.36it/s][A

 23%|██▎       | 136/600 [00:24<01:28,  5.23it/s][A

 23%|██▎       | 137/600 [00:24<01:30,  5.09it/s][A

 23%|██▎       | 138/600 [00:24<01:32,  4.97it/s][A

 23%|██▎       | 139/600 [00:24<01:29,  5.16it/s][A

 23%|██▎       | 140/600 [00:25<01:35,  4.83it/s][A

 24%|██▎       | 141/600 [00:25<01:34,  4.85it/s][A

 24%|██▎       | 142/600 [00:25<01:30,  5.06it/s][A

 24%|██▍       | 143/600 [00:25<01:31,  5.02it/s][A

 24%|██▍       | 144/600 [00:25<01:29,  5.09it/s][A

 24%|██▍       | 145/600 [00:26<01:31,  4.99it/s][A

 24%|██▍       | 146/600 [00:26<01:34,  4.79it/s][A

 24%|██▍       | 147/600 [00:26<01:33,  4.86it/s][A

 25%|██▍       | 148/600 [00:26<01:26,  5.23it/s][A

 25%|██▍       | 149/600 [00:26<01:22,  5.49it/s][A

 25%|██▌       | 150/600 [00:27<01:22,  5.43it/s][A

 25%|██▌       | 151/600 [00:27<01:23,  5.37it/s][A

 25%|██▌       | 152/600 [00:27<01:25,  5.27it/s][A

 26%|██▌       | 153/600 [00:27<01:22,  5.44it/s][A

 26%|██▌       | 154/600 [00:27<01:24,  5.27it/s][A

 26%|██▌       | 155/600 [00:28<01:29,  4.99it/s][A

 26%|██▌       | 156/600 [00:28<01:28,  5.03it/s][A

 26%|██▌       | 157/600 [00:28<01:30,  4.91it/s][A

 26%|██▋       | 158/600 [00:28<01:27,  5.02it/s][A

 26%|██▋       | 159/600 [00:28<01:24,  5.20it/s][A

 27%|██▋       | 160/600 [00:29<01:20,  5.49it/s][A

 27%|██▋       | 161/600 [00:29<01:21,  5.40it/s][A

 27%|██▋       | 162/600 [00:29<01:23,  5.25it/s][A

 27%|██▋       | 163/600 [00:29<01:21,  5.38it/s][A

 27%|██▋       | 164/600 [00:29<01:18,  5.59it/s][A

 28%|██▊       | 165/600 [00:29<01:16,  5.65it/s][A

 28%|██▊       | 166/600 [00:30<01:15,  5.72it/s][A

 28%|██▊       | 167/600 [00:30<01:16,  5.63it/s][A

 28%|██▊       | 168/600 [00:30<01:19,  5.45it/s][A

 28%|██▊       | 169/600 [00:30<01:22,  5.22it/s][A

 28%|██▊       | 170/600 [00:30<01:22,  5.22it/s][A

 28%|██▊       | 171/600 [00:31<01:20,  5.35it/s][A

 29%|██▊       | 172/600 [00:31<01:19,  5.36it/s][A

 29%|██▉       | 173/600 [00:31<01:19,  5.35it/s][A

 29%|██▉       | 174/600 [00:31<01:17,  5.53it/s][A

 29%|██▉       | 175/600 [00:31<01:14,  5.74it/s][A

 29%|██▉       | 176/600 [00:31<01:15,  5.65it/s][A

 30%|██▉       | 177/600 [00:32<01:15,  5.61it/s][A

 30%|██▉       | 178/600 [00:32<01:17,  5.44it/s][A

 30%|██▉       | 179/600 [00:32<01:15,  5.57it/s][A

 30%|███       | 180/600 [00:32<01:11,  5.87it/s][A

 30%|███       | 181/600 [00:32<01:09,  6.03it/s][A

 30%|███       | 182/600 [00:33<01:10,  5.90it/s][A

 30%|███       | 183/600 [00:33<01:13,  5.71it/s][A

 31%|███       | 184/600 [00:33<01:12,  5.73it/s][A

 31%|███       | 185/600 [00:33<01:11,  5.81it/s][A

 31%|███       | 186/600 [00:33<01:11,  5.78it/s][A

 31%|███       | 187/600 [00:33<01:12,  5.67it/s][A

 31%|███▏      | 188/600 [00:34<01:11,  5.72it/s][A

 32%|███▏      | 189/600 [00:34<01:10,  5.83it/s][A

 32%|███▏      | 190/600 [00:34<01:11,  5.77it/s][A

 32%|███▏      | 191/600 [00:34<01:12,  5.64it/s][A

 32%|███▏      | 192/600 [00:34<01:13,  5.57it/s][A

 32%|███▏      | 193/600 [00:34<01:12,  5.58it/s][A

 32%|███▏      | 194/600 [00:35<01:10,  5.73it/s][A

 32%|███▎      | 195/600 [00:35<01:14,  5.41it/s][A

 33%|███▎      | 196/600 [00:35<01:14,  5.46it/s][A

 33%|███▎      | 197/600 [00:35<01:13,  5.52it/s][A

 33%|███▎      | 198/600 [00:35<01:14,  5.42it/s][A

 33%|███▎      | 199/600 [00:36<01:12,  5.50it/s][A

 33%|███▎      | 200/600 [00:36<01:12,  5.49it/s][A

 34%|███▎      | 201/600 [00:36<01:09,  5.77it/s][A

 34%|███▎      | 202/600 [00:36<01:09,  5.70it/s][A

 34%|███▍      | 203/600 [00:36<01:11,  5.58it/s][A

 34%|███▍      | 204/600 [00:36<01:14,  5.28it/s][A

 34%|███▍      | 205/600 [00:37<01:14,  5.30it/s][A

 34%|███▍      | 206/600 [00:37<01:13,  5.35it/s][A

 34%|███▍      | 207/600 [00:37<01:15,  5.20it/s][A

 35%|███▍      | 208/600 [00:37<01:12,  5.43it/s][A

 35%|███▍      | 209/600 [00:37<01:11,  5.46it/s][A

 35%|███▌      | 210/600 [00:38<01:12,  5.36it/s][A

 35%|███▌      | 211/600 [00:38<01:12,  5.38it/s][A

 35%|███▌      | 212/600 [00:38<01:15,  5.15it/s][A

 36%|███▌      | 213/600 [00:38<01:10,  5.49it/s][A

 36%|███▌      | 214/600 [00:38<01:07,  5.73it/s][A

 36%|███▌      | 215/600 [00:38<01:08,  5.58it/s][A

 36%|███▌      | 216/600 [00:39<01:05,  5.84it/s][A

 36%|███▌      | 217/600 [00:39<01:05,  5.85it/s][A

 36%|███▋      | 218/600 [00:39<01:05,  5.86it/s][A

 36%|███▋      | 219/600 [00:39<01:05,  5.79it/s][A

 37%|███▋      | 220/600 [00:39<01:08,  5.56it/s][A

 37%|███▋      | 221/600 [00:40<01:07,  5.63it/s][A

 37%|███▋      | 222/600 [00:40<01:05,  5.75it/s][A

 37%|███▋      | 223/600 [00:40<01:03,  5.91it/s][A

 37%|███▋      | 224/600 [00:40<01:02,  6.06it/s][A

 38%|███▊      | 225/600 [00:40<01:02,  6.04it/s][A

 38%|███▊      | 226/600 [00:40<01:02,  6.01it/s][A

 38%|███▊      | 227/600 [00:41<01:02,  5.95it/s][A

 38%|███▊      | 228/600 [00:41<01:03,  5.83it/s][A

 38%|███▊      | 229/600 [00:41<01:05,  5.68it/s][A

 38%|███▊      | 230/600 [00:41<01:05,  5.62it/s][A

 38%|███▊      | 231/600 [00:41<01:03,  5.82it/s][A

 39%|███▊      | 232/600 [00:41<01:03,  5.79it/s][A

 39%|███▉      | 233/600 [00:42<01:02,  5.90it/s][A

 39%|███▉      | 234/600 [00:42<01:03,  5.76it/s][A

 39%|███▉      | 235/600 [00:42<01:04,  5.70it/s][A

 39%|███▉      | 236/600 [00:42<01:01,  5.96it/s][A

 40%|███▉      | 237/600 [00:42<01:02,  5.79it/s][A

 40%|███▉      | 238/600 [00:42<01:01,  5.85it/s][A

 40%|███▉      | 239/600 [00:43<01:03,  5.65it/s][A

 40%|████      | 240/600 [00:43<01:04,  5.59it/s][A

 40%|████      | 241/600 [00:43<01:06,  5.42it/s][A

 40%|████      | 242/600 [00:43<01:03,  5.62it/s][A

 40%|████      | 243/600 [00:43<01:01,  5.82it/s][A

 41%|████      | 244/600 [00:43<00:58,  6.05it/s][A

 41%|████      | 245/600 [00:44<00:58,  6.07it/s][A

 41%|████      | 246/600 [00:44<00:59,  5.93it/s][A

 41%|████      | 247/600 [00:44<01:02,  5.67it/s][A

 41%|████▏     | 248/600 [00:44<01:00,  5.80it/s][A

 42%|████▏     | 249/600 [00:44<01:02,  5.64it/s][A

 42%|████▏     | 250/600 [00:45<01:05,  5.36it/s][A

 42%|████▏     | 251/600 [00:45<01:06,  5.24it/s][A

 42%|████▏     | 252/600 [00:45<01:06,  5.27it/s][A

 42%|████▏     | 253/600 [00:45<01:06,  5.25it/s][A

 42%|████▏     | 254/600 [00:45<01:04,  5.39it/s][A

 42%|████▎     | 255/600 [00:45<01:03,  5.45it/s][A

 43%|████▎     | 256/600 [00:46<01:07,  5.13it/s][A

 43%|████▎     | 257/600 [00:46<01:03,  5.41it/s][A

 43%|████▎     | 258/600 [00:46<01:07,  5.10it/s][A

 43%|████▎     | 259/600 [00:46<01:03,  5.38it/s][A

 43%|████▎     | 260/600 [00:46<01:02,  5.40it/s][A

 44%|████▎     | 261/600 [00:47<01:02,  5.40it/s][A

 44%|████▎     | 262/600 [00:47<01:03,  5.29it/s][A

 44%|████▍     | 263/600 [00:47<01:05,  5.18it/s][A

 44%|████▍     | 264/600 [00:47<01:03,  5.31it/s][A

 44%|████▍     | 265/600 [00:47<01:00,  5.49it/s][A

 44%|████▍     | 266/600 [00:48<01:02,  5.31it/s][A

 44%|████▍     | 267/600 [00:48<01:02,  5.36it/s][A

 45%|████▍     | 268/600 [00:48<01:01,  5.36it/s][A

 45%|████▍     | 269/600 [00:48<01:02,  5.32it/s][A

 45%|████▌     | 270/600 [00:48<01:03,  5.16it/s][A

 45%|████▌     | 271/600 [00:49<01:05,  5.03it/s][A

 45%|████▌     | 272/600 [00:49<01:02,  5.21it/s][A

 46%|████▌     | 273/600 [00:49<01:01,  5.28it/s][A

 46%|████▌     | 274/600 [00:49<01:06,  4.93it/s][A

 46%|████▌     | 275/600 [00:49<01:03,  5.11it/s][A

 46%|████▌     | 276/600 [00:50<01:03,  5.10it/s][A

 46%|████▌     | 277/600 [00:50<01:01,  5.23it/s][A

 46%|████▋     | 278/600 [00:50<00:59,  5.46it/s][A

 46%|████▋     | 279/600 [00:50<00:57,  5.61it/s][A

 47%|████▋     | 280/600 [00:50<00:56,  5.64it/s][A

 47%|████▋     | 281/600 [00:50<00:56,  5.63it/s][A

 47%|████▋     | 282/600 [00:51<00:57,  5.50it/s][A

 47%|████▋     | 283/600 [00:51<00:58,  5.45it/s][A

 47%|████▋     | 284/600 [00:51<00:57,  5.46it/s][A

 48%|████▊     | 285/600 [00:51<00:57,  5.46it/s][A

 48%|████▊     | 286/600 [00:51<00:56,  5.53it/s][A

 48%|████▊     | 287/600 [00:52<00:59,  5.29it/s][A

 48%|████▊     | 288/600 [00:52<00:59,  5.27it/s][A

 48%|████▊     | 289/600 [00:52<00:57,  5.42it/s][A

 48%|████▊     | 290/600 [00:52<00:56,  5.45it/s][A

 48%|████▊     | 291/600 [00:52<00:56,  5.45it/s][A

 49%|████▊     | 292/600 [00:52<00:54,  5.63it/s][A

 49%|████▉     | 293/600 [00:53<00:55,  5.50it/s][A

 49%|████▉     | 294/600 [00:53<00:53,  5.72it/s][A

 49%|████▉     | 295/600 [00:53<00:55,  5.47it/s][A

 49%|████▉     | 296/600 [00:53<00:58,  5.24it/s][A

 50%|████▉     | 297/600 [00:53<00:56,  5.37it/s][A

 50%|████▉     | 298/600 [00:53<00:54,  5.57it/s][A

 50%|████▉     | 299/600 [00:54<00:53,  5.65it/s][A

 50%|█████     | 300/600 [00:54<00:52,  5.72it/s][A

 50%|█████     | 301/600 [00:54<00:52,  5.72it/s][A

 50%|█████     | 302/600 [00:54<00:52,  5.66it/s][A

 50%|█████     | 303/600 [00:54<00:52,  5.61it/s][A

 51%|█████     | 304/600 [00:55<00:52,  5.66it/s][A

 51%|█████     | 305/600 [00:55<00:53,  5.50it/s][A

 51%|█████     | 306/600 [00:55<00:53,  5.50it/s][A

 51%|█████     | 307/600 [00:55<00:52,  5.56it/s][A

 51%|█████▏    | 308/600 [00:55<00:54,  5.40it/s][A

 52%|█████▏    | 309/600 [00:55<00:55,  5.26it/s][A

 52%|█████▏    | 310/600 [00:56<00:53,  5.45it/s][A

 52%|█████▏    | 311/600 [00:56<00:52,  5.54it/s][A

 52%|█████▏    | 312/600 [00:56<00:53,  5.36it/s][A

 52%|█████▏    | 313/600 [00:56<00:50,  5.63it/s][A

 52%|█████▏    | 314/600 [00:56<00:49,  5.77it/s][A

 52%|█████▎    | 315/600 [00:57<00:48,  5.86it/s][A

 53%|█████▎    | 316/600 [00:57<00:48,  5.86it/s][A

 53%|█████▎    | 317/600 [00:57<00:47,  5.96it/s][A

 53%|█████▎    | 318/600 [00:57<00:50,  5.58it/s][A

 53%|█████▎    | 319/600 [00:57<00:52,  5.38it/s][A

 53%|█████▎    | 320/600 [00:57<00:49,  5.70it/s][A

 54%|█████▎    | 321/600 [00:58<00:47,  5.84it/s][A

 54%|█████▎    | 322/600 [00:58<00:46,  5.94it/s][A

 54%|█████▍    | 323/600 [00:58<00:46,  5.93it/s][A

 54%|█████▍    | 324/600 [00:58<00:46,  5.99it/s][A

 54%|█████▍    | 325/600 [00:58<00:44,  6.12it/s][A

 54%|█████▍    | 326/600 [00:58<00:46,  5.84it/s][A

 55%|█████▍    | 327/600 [00:59<00:47,  5.80it/s][A

 55%|█████▍    | 328/600 [00:59<00:47,  5.72it/s][A

 55%|█████▍    | 329/600 [00:59<00:47,  5.67it/s][A

 55%|█████▌    | 330/600 [00:59<00:47,  5.68it/s][A

 55%|█████▌    | 331/600 [00:59<00:50,  5.36it/s][A

 55%|█████▌    | 332/600 [01:00<00:49,  5.45it/s][A

 56%|█████▌    | 333/600 [01:00<00:50,  5.31it/s][A

 56%|█████▌    | 334/600 [01:00<00:52,  5.09it/s][A

 56%|█████▌    | 335/600 [01:00<00:54,  4.89it/s][A

 56%|█████▌    | 336/600 [01:00<00:55,  4.74it/s][A

 56%|█████▌    | 337/600 [01:01<00:51,  5.12it/s][A

 56%|█████▋    | 338/600 [01:01<00:51,  5.13it/s][A

 56%|█████▋    | 339/600 [01:01<00:49,  5.27it/s][A

 57%|█████▋    | 340/600 [01:01<00:46,  5.57it/s][A

 57%|█████▋    | 341/600 [01:01<00:46,  5.55it/s][A

 57%|█████▋    | 342/600 [01:01<00:45,  5.62it/s][A

 57%|█████▋    | 343/600 [01:02<00:44,  5.82it/s][A

 57%|█████▋    | 344/600 [01:02<00:43,  5.84it/s][A

 57%|█████▊    | 345/600 [01:02<00:42,  5.93it/s][A

 58%|█████▊    | 346/600 [01:02<00:42,  5.99it/s][A

 58%|█████▊    | 347/600 [01:02<00:44,  5.72it/s][A

 58%|█████▊    | 348/600 [01:02<00:44,  5.70it/s][A

 58%|█████▊    | 349/600 [01:03<00:44,  5.60it/s][A

 58%|█████▊    | 350/600 [01:03<00:43,  5.80it/s][A

 58%|█████▊    | 351/600 [01:03<00:41,  6.01it/s][A

 59%|█████▊    | 352/600 [01:03<00:40,  6.12it/s][A

 59%|█████▉    | 353/600 [01:03<00:39,  6.18it/s][A

 59%|█████▉    | 354/600 [01:03<00:38,  6.33it/s][A

 59%|█████▉    | 355/600 [01:04<00:39,  6.14it/s][A

 59%|█████▉    | 356/600 [01:04<00:41,  5.89it/s][A

 60%|█████▉    | 357/600 [01:04<00:41,  5.87it/s][A

 60%|█████▉    | 358/600 [01:04<00:39,  6.09it/s][A

 60%|█████▉    | 359/600 [01:04<00:39,  6.07it/s][A

 60%|██████    | 360/600 [01:04<00:39,  6.15it/s][A

 60%|██████    | 361/600 [01:05<00:39,  6.11it/s][A

 60%|██████    | 362/600 [01:05<00:39,  5.96it/s][A

 60%|██████    | 363/600 [01:05<00:40,  5.83it/s][A

 61%|██████    | 364/600 [01:05<00:40,  5.89it/s][A

 61%|██████    | 365/600 [01:05<00:40,  5.83it/s][A

 61%|██████    | 366/600 [01:05<00:40,  5.83it/s][A

 61%|██████    | 367/600 [01:06<00:41,  5.67it/s][A

 61%|██████▏   | 368/600 [01:06<00:39,  5.89it/s][A

 62%|██████▏   | 369/600 [01:06<00:40,  5.65it/s][A

 62%|██████▏   | 370/600 [01:06<00:39,  5.77it/s][A

 62%|██████▏   | 371/600 [01:06<00:41,  5.57it/s][A

 62%|██████▏   | 372/600 [01:07<00:41,  5.49it/s][A

 62%|██████▏   | 373/600 [01:07<00:41,  5.45it/s][A

 62%|██████▏   | 374/600 [01:07<00:42,  5.33it/s][A

 62%|██████▎   | 375/600 [01:07<00:41,  5.43it/s][A

 63%|██████▎   | 376/600 [01:07<00:41,  5.42it/s][A

 63%|██████▎   | 377/600 [01:07<00:40,  5.52it/s][A

 63%|██████▎   | 378/600 [01:08<00:40,  5.52it/s][A

 63%|██████▎   | 379/600 [01:08<00:41,  5.30it/s][A

 63%|██████▎   | 380/600 [01:08<00:40,  5.45it/s][A

 64%|██████▎   | 381/600 [01:08<00:38,  5.71it/s][A

 64%|██████▎   | 382/600 [01:08<00:37,  5.74it/s][A

 64%|██████▍   | 383/600 [01:09<00:40,  5.40it/s][A

 64%|██████▍   | 384/600 [01:09<00:40,  5.29it/s][A

 64%|██████▍   | 385/600 [01:09<00:41,  5.18it/s][A

 64%|██████▍   | 386/600 [01:09<00:41,  5.10it/s][A

 64%|██████▍   | 387/600 [01:09<00:41,  5.11it/s][A

 65%|██████▍   | 388/600 [01:10<00:41,  5.15it/s][A

 65%|██████▍   | 389/600 [01:10<00:41,  5.14it/s][A

 65%|██████▌   | 390/600 [01:10<00:41,  5.11it/s][A

 65%|██████▌   | 391/600 [01:10<00:40,  5.20it/s][A

 65%|██████▌   | 392/600 [01:10<00:40,  5.10it/s][A

 66%|██████▌   | 393/600 [01:11<00:41,  4.95it/s][A

 66%|██████▌   | 394/600 [01:11<00:41,  4.95it/s][A

 66%|██████▌   | 395/600 [01:11<00:41,  4.90it/s][A

 66%|██████▌   | 396/600 [01:11<00:43,  4.73it/s][A

 66%|██████▌   | 397/600 [01:11<00:43,  4.69it/s][A

 66%|██████▋   | 398/600 [01:12<00:40,  4.98it/s][A

 66%|██████▋   | 399/600 [01:12<00:39,  5.15it/s][A

 67%|██████▋   | 400/600 [01:12<00:37,  5.30it/s][A

 67%|██████▋   | 401/600 [01:12<00:36,  5.45it/s][A

 67%|██████▋   | 402/600 [01:12<00:35,  5.52it/s][A

 67%|██████▋   | 403/600 [01:12<00:35,  5.51it/s][A

 67%|██████▋   | 404/600 [01:13<00:35,  5.52it/s][A

 68%|██████▊   | 405/600 [01:13<00:35,  5.47it/s][A

 68%|██████▊   | 406/600 [01:13<00:35,  5.46it/s][A

 68%|██████▊   | 407/600 [01:13<00:33,  5.71it/s][A

 68%|██████▊   | 408/600 [01:13<00:33,  5.66it/s][A

 68%|██████▊   | 409/600 [01:14<00:34,  5.61it/s][A

 68%|██████▊   | 410/600 [01:14<00:34,  5.43it/s][A

 68%|██████▊   | 411/600 [01:14<00:33,  5.58it/s][A

 69%|██████▊   | 412/600 [01:14<00:33,  5.59it/s][A

 69%|██████▉   | 413/600 [01:14<00:33,  5.58it/s][A

 69%|██████▉   | 414/600 [01:14<00:32,  5.71it/s][A

 69%|██████▉   | 415/600 [01:15<00:32,  5.61it/s][A

 69%|██████▉   | 416/600 [01:15<00:33,  5.54it/s][A

 70%|██████▉   | 417/600 [01:15<00:32,  5.60it/s][A

 70%|██████▉   | 418/600 [01:15<00:32,  5.63it/s][A

 70%|██████▉   | 419/600 [01:15<00:31,  5.73it/s][A

 70%|███████   | 420/600 [01:15<00:31,  5.75it/s][A

 70%|███████   | 421/600 [01:16<00:32,  5.52it/s][A

 70%|███████   | 422/600 [01:16<00:32,  5.50it/s][A

 70%|███████   | 423/600 [01:16<00:31,  5.64it/s][A

 71%|███████   | 424/600 [01:16<00:31,  5.67it/s][A

 71%|███████   | 425/600 [01:16<00:30,  5.80it/s][A

 71%|███████   | 426/600 [01:17<00:29,  5.99it/s][A

 71%|███████   | 427/600 [01:17<00:29,  5.83it/s][A

 71%|███████▏  | 428/600 [01:17<00:29,  5.90it/s][A

 72%|███████▏  | 429/600 [01:17<00:28,  6.08it/s][A

 72%|███████▏  | 430/600 [01:17<00:28,  6.05it/s][A

 72%|███████▏  | 431/600 [01:17<00:28,  5.92it/s][A

 72%|███████▏  | 432/600 [01:18<00:30,  5.52it/s][A

 72%|███████▏  | 433/600 [01:18<00:31,  5.27it/s][A

 72%|███████▏  | 434/600 [01:18<00:31,  5.32it/s][A

 72%|███████▎  | 435/600 [01:18<00:30,  5.43it/s][A

 73%|███████▎  | 436/600 [01:18<00:30,  5.36it/s][A

 73%|███████▎  | 437/600 [01:19<00:30,  5.31it/s][A

 73%|███████▎  | 438/600 [01:19<00:30,  5.39it/s][A

 73%|███████▎  | 439/600 [01:19<00:28,  5.69it/s][A

 73%|███████▎  | 440/600 [01:19<00:28,  5.70it/s][A

 74%|███████▎  | 441/600 [01:19<00:28,  5.65it/s][A

 74%|███████▎  | 442/600 [01:19<00:28,  5.52it/s][A

 74%|███████▍  | 443/600 [01:20<00:27,  5.74it/s][A

 74%|███████▍  | 444/600 [01:20<00:27,  5.72it/s][A

 74%|███████▍  | 445/600 [01:20<00:26,  5.85it/s][A

 74%|███████▍  | 446/600 [01:20<00:26,  5.85it/s][A

 74%|███████▍  | 447/600 [01:20<00:25,  6.07it/s][A

 75%|███████▍  | 448/600 [01:20<00:25,  6.07it/s][A

 75%|███████▍  | 449/600 [01:21<00:24,  6.27it/s][A

 75%|███████▌  | 450/600 [01:21<00:24,  6.11it/s][A

 75%|███████▌  | 451/600 [01:21<00:26,  5.54it/s][A

 75%|███████▌  | 452/600 [01:21<00:27,  5.35it/s][A

 76%|███████▌  | 453/600 [01:21<00:26,  5.65it/s][A

 76%|███████▌  | 454/600 [01:21<00:25,  5.75it/s][A

 76%|███████▌  | 455/600 [01:22<00:24,  5.96it/s][A

 76%|███████▌  | 456/600 [01:22<00:24,  5.91it/s][A

 76%|███████▌  | 457/600 [01:22<00:23,  6.04it/s][A

 76%|███████▋  | 458/600 [01:22<00:23,  6.01it/s][A

 76%|███████▋  | 459/600 [01:22<00:23,  5.96it/s][A

 77%|███████▋  | 460/600 [01:22<00:24,  5.76it/s][A

 77%|███████▋  | 461/600 [01:23<00:24,  5.75it/s][A

 77%|███████▋  | 462/600 [01:23<00:24,  5.73it/s][A

 77%|███████▋  | 463/600 [01:23<00:22,  6.03it/s][A

 77%|███████▋  | 464/600 [01:23<00:23,  5.90it/s][A

 78%|███████▊  | 465/600 [01:23<00:22,  6.14it/s][A

 78%|███████▊  | 466/600 [01:23<00:21,  6.22it/s][A

 78%|███████▊  | 467/600 [01:24<00:22,  5.91it/s][A

 78%|███████▊  | 468/600 [01:24<00:22,  5.88it/s][A

 78%|███████▊  | 469/600 [01:24<00:22,  5.74it/s][A

 78%|███████▊  | 470/600 [01:24<00:22,  5.91it/s][A

 78%|███████▊  | 471/600 [01:24<00:21,  5.93it/s][A

 79%|███████▊  | 472/600 [01:24<00:21,  6.05it/s][A

 79%|███████▉  | 473/600 [01:25<00:20,  6.15it/s][A

 79%|███████▉  | 474/600 [01:25<00:20,  6.04it/s][A

 79%|███████▉  | 475/600 [01:25<00:21,  5.74it/s][A

 79%|███████▉  | 476/600 [01:25<00:21,  5.69it/s][A

 80%|███████▉  | 477/600 [01:25<00:22,  5.55it/s][A

 80%|███████▉  | 478/600 [01:26<00:21,  5.72it/s][A

 80%|███████▉  | 479/600 [01:26<00:20,  5.88it/s][A

 80%|████████  | 480/600 [01:26<00:20,  5.97it/s][A

 80%|████████  | 481/600 [01:26<00:19,  6.09it/s][A

 80%|████████  | 482/600 [01:26<00:19,  6.16it/s][A

 80%|████████  | 483/600 [01:26<00:19,  6.14it/s][A

 81%|████████  | 484/600 [01:26<00:18,  6.19it/s][A

 81%|████████  | 485/600 [01:27<00:18,  6.25it/s][A

 81%|████████  | 486/600 [01:27<00:18,  6.03it/s][A

 81%|████████  | 487/600 [01:27<00:19,  5.73it/s][A

 81%|████████▏ | 488/600 [01:27<00:20,  5.34it/s][A

 82%|████████▏ | 489/600 [01:27<00:20,  5.32it/s][A

 82%|████████▏ | 490/600 [01:28<00:22,  4.88it/s][A

 82%|████████▏ | 491/600 [01:28<00:22,  4.86it/s][A

 82%|████████▏ | 492/600 [01:28<00:22,  4.85it/s][A

 82%|████████▏ | 493/600 [01:28<00:21,  4.88it/s][A

 82%|████████▏ | 494/600 [01:28<00:21,  4.98it/s][A

 82%|████████▎ | 495/600 [01:29<00:20,  5.23it/s][A

 83%|████████▎ | 496/600 [01:29<00:19,  5.35it/s][A

 83%|████████▎ | 497/600 [01:29<00:20,  5.12it/s][A

 83%|████████▎ | 498/600 [01:29<00:20,  4.91it/s][A

 83%|████████▎ | 499/600 [01:29<00:19,  5.23it/s][A

 83%|████████▎ | 500/600 [01:30<00:19,  5.13it/s][A

 84%|████████▎ | 501/600 [01:30<00:18,  5.27it/s][A

 84%|████████▎ | 502/600 [01:30<00:17,  5.45it/s][A

 84%|████████▍ | 503/600 [01:30<00:18,  5.35it/s][A

 84%|████████▍ | 504/600 [01:30<00:17,  5.57it/s][A

 84%|████████▍ | 505/600 [01:30<00:16,  5.75it/s][A

 84%|████████▍ | 506/600 [01:31<00:16,  5.57it/s][A

 84%|████████▍ | 507/600 [01:31<00:17,  5.41it/s][A

 85%|████████▍ | 508/600 [01:31<00:17,  5.39it/s][A

 85%|████████▍ | 509/600 [01:31<00:16,  5.40it/s][A

 85%|████████▌ | 510/600 [01:31<00:17,  5.28it/s][A

 85%|████████▌ | 511/600 [01:32<00:17,  5.18it/s][A

 85%|████████▌ | 512/600 [01:32<00:16,  5.40it/s][A

 86%|████████▌ | 513/600 [01:32<00:17,  5.03it/s][A

 86%|████████▌ | 514/600 [01:32<00:16,  5.29it/s][A

 86%|████████▌ | 515/600 [01:32<00:16,  5.24it/s][A

 86%|████████▌ | 516/600 [01:33<00:15,  5.48it/s][A

 86%|████████▌ | 517/600 [01:33<00:15,  5.42it/s][A

 86%|████████▋ | 518/600 [01:33<00:14,  5.62it/s][A

 86%|████████▋ | 519/600 [01:33<00:14,  5.62it/s][A

 87%|████████▋ | 520/600 [01:33<00:14,  5.68it/s][A

 87%|████████▋ | 521/600 [01:33<00:13,  5.93it/s][A

 87%|████████▋ | 522/600 [01:34<00:12,  6.03it/s][A

 87%|████████▋ | 523/600 [01:34<00:13,  5.88it/s][A

 87%|████████▋ | 524/600 [01:34<00:13,  5.77it/s][A

 88%|████████▊ | 525/600 [01:34<00:12,  5.93it/s][A

 88%|████████▊ | 526/600 [01:34<00:12,  6.02it/s][A

 88%|████████▊ | 527/600 [01:34<00:12,  6.06it/s][A

 88%|████████▊ | 528/600 [01:35<00:11,  6.03it/s][A

 88%|████████▊ | 529/600 [01:35<00:12,  5.71it/s][A

 88%|████████▊ | 530/600 [01:35<00:12,  5.74it/s][A

 88%|████████▊ | 531/600 [01:35<00:12,  5.58it/s][A

 89%|████████▊ | 532/600 [01:35<00:12,  5.64it/s][A

 89%|████████▉ | 533/600 [01:35<00:11,  5.86it/s][A

 89%|████████▉ | 534/600 [01:36<00:11,  5.89it/s][A

 89%|████████▉ | 535/600 [01:36<00:11,  5.70it/s][A

 89%|████████▉ | 536/600 [01:36<00:11,  5.59it/s][A

 90%|████████▉ | 537/600 [01:36<00:10,  5.74it/s][A

 90%|████████▉ | 538/600 [01:36<00:10,  5.81it/s][A

 90%|████████▉ | 539/600 [01:37<00:10,  5.80it/s][A

 90%|█████████ | 540/600 [01:37<00:10,  5.88it/s][A

 90%|█████████ | 541/600 [01:37<00:10,  5.88it/s][A

 90%|█████████ | 542/600 [01:37<00:09,  5.87it/s][A

 90%|█████████ | 543/600 [01:37<00:09,  5.72it/s][A

 91%|█████████ | 544/600 [01:37<00:09,  5.68it/s][A

 91%|█████████ | 545/600 [01:38<00:09,  5.73it/s][A

 91%|█████████ | 546/600 [01:38<00:09,  5.49it/s][A

 91%|█████████ | 547/600 [01:38<00:09,  5.68it/s][A

 91%|█████████▏| 548/600 [01:38<00:08,  5.79it/s][A

 92%|█████████▏| 549/600 [01:38<00:09,  5.64it/s][A

 92%|█████████▏| 550/600 [01:38<00:08,  5.85it/s][A

 92%|█████████▏| 551/600 [01:39<00:08,  5.98it/s][A

 92%|█████████▏| 552/600 [01:39<00:08,  5.79it/s][A

 92%|█████████▏| 553/600 [01:39<00:08,  5.46it/s][A

 92%|█████████▏| 554/600 [01:39<00:08,  5.48it/s][A

 92%|█████████▎| 555/600 [01:39<00:07,  5.75it/s][A

 93%|█████████▎| 556/600 [01:39<00:07,  5.80it/s][A

 93%|█████████▎| 557/600 [01:40<00:07,  5.56it/s][A

 93%|█████████▎| 558/600 [01:40<00:07,  5.65it/s][A

 93%|█████████▎| 559/600 [01:40<00:07,  5.72it/s][A

 93%|█████████▎| 560/600 [01:40<00:06,  5.75it/s][A

 94%|█████████▎| 561/600 [01:40<00:06,  5.81it/s][A

 94%|█████████▎| 562/600 [01:41<00:06,  5.71it/s][A

 94%|█████████▍| 563/600 [01:41<00:06,  5.48it/s][A

 94%|█████████▍| 564/600 [01:41<00:06,  5.63it/s][A

 94%|█████████▍| 565/600 [01:41<00:06,  5.66it/s][A

 94%|█████████▍| 566/600 [01:41<00:06,  5.57it/s][A

 94%|█████████▍| 567/600 [01:41<00:05,  5.76it/s][A

 95%|█████████▍| 568/600 [01:42<00:05,  5.83it/s][A

 95%|█████████▍| 569/600 [01:42<00:05,  5.52it/s][A

 95%|█████████▌| 570/600 [01:42<00:05,  5.47it/s][A

 95%|█████████▌| 571/600 [01:42<00:05,  5.75it/s][A

 95%|█████████▌| 572/600 [01:42<00:04,  5.85it/s][A

 96%|█████████▌| 573/600 [01:42<00:04,  5.72it/s][A

 96%|█████████▌| 574/600 [01:43<00:04,  5.71it/s][A

 96%|█████████▌| 575/600 [01:43<00:04,  5.77it/s][A

 96%|█████████▌| 576/600 [01:43<00:04,  5.94it/s][A

 96%|█████████▌| 577/600 [01:43<00:03,  6.00it/s][A

 96%|█████████▋| 578/600 [01:43<00:03,  6.09it/s][A

 96%|█████████▋| 579/600 [01:43<00:03,  6.06it/s][A

 97%|█████████▋| 580/600 [01:44<00:03,  5.60it/s][A

 97%|█████████▋| 581/600 [01:44<00:03,  5.63it/s][A

 97%|█████████▋| 582/600 [01:44<00:03,  5.92it/s][A

 97%|█████████▋| 583/600 [01:44<00:02,  5.95it/s][A

 97%|█████████▋| 584/600 [01:44<00:02,  6.02it/s][A

 98%|█████████▊| 585/600 [01:44<00:02,  6.14it/s][A

 98%|█████████▊| 586/600 [01:45<00:02,  5.98it/s][A

 98%|█████████▊| 587/600 [01:45<00:02,  5.92it/s][A

 98%|█████████▊| 588/600 [01:45<00:02,  5.79it/s][A

 98%|█████████▊| 589/600 [01:45<00:01,  5.54it/s][A

 98%|█████████▊| 590/600 [01:45<00:01,  5.79it/s][A

 98%|█████████▊| 591/600 [01:46<00:01,  5.97it/s][A

 99%|█████████▊| 592/600 [01:46<00:01,  5.98it/s][A

 99%|█████████▉| 593/600 [01:46<00:01,  6.12it/s][A

 99%|█████████▉| 594/600 [01:46<00:00,  6.00it/s][A

 99%|█████████▉| 595/600 [01:46<00:00,  6.00it/s][A

 99%|█████████▉| 596/600 [01:46<00:00,  6.06it/s][A

100%|█████████▉| 597/600 [01:47<00:00,  6.01it/s][A

100%|█████████▉| 598/600 [01:47<00:00,  5.95it/s][A

100%|█████████▉| 599/600 [01:47<00:00,  5.82it/s][A

100%|██████████| 600/600 [01:47<00:00,  5.73it/s][A
                                                     


                                                 
[A
100%|██████████| 4384/4384 [3:03:44<00:00,  5.22s/it]

100%|██████████| 600/600 [01:47<00:00,  5.73it/s][A

                                                 [A
                                                     

100%|██████████| 4384/4384 [3:03:45<00:00,  5.22s/it]
100%|██████████| 4384/4384 [3:03:45<00:00,  2.52s/it]
{'eval_loss': '1.934', 'eval_runtime': '107.7', 'eval_samples_per_second': '11.14', 'eval_steps_per_second': '5.569', 'eval_entropy': '1.756', 'eval_num_tokens': '1.718e+07', 'eval_mean_token_accuracy': '0.5997', 'epoch': '2'}
{'train_runtime': '1.103e+04', 'train_samples_per_second': '27.92', 'train_steps_per_second': '0.398', 'train_loss': '0.6163', 'epoch': '2'}
peak VRAM: 4.00 GB
saved -> outputs/sft-v5b
