== data ==

Generating train split: 0 examples [00:00, ? examples/s]
Generating train split: 42565 examples [00:00, 242396.76 examples/s]
Generating train split: 99319 examples [00:00, 275155.67 examples/s]
Generating train split: 141939 examples [00:00, 199035.45 examples/s]
Generating train split: 153977 examples [00:00, 217435.82 examples/s]

Generating dev split: 0 examples [00:00, ? examples/s]
Generating dev split: 1200 examples [00:00, 18871.73 examples/s]

Map:   0%|          | 0/153977 [00:00<?, ? examples/s]
Map:   1%|          | 1000/153977 [00:00<00:27, 5604.43 examples/s]
Map:   2%|▏         | 2318/153977 [00:00<00:16, 8936.17 examples/s]
Map:   2%|▏         | 3771/153977 [00:00<00:13, 11073.01 examples/s]
Map:   3%|▎         | 5285/153977 [00:00<00:11, 12493.11 examples/s]
Map:   4%|▍         | 6793/153977 [00:00<00:11, 13342.85 examples/s]
Map:   5%|▌         | 8332/153977 [00:00<00:10, 13905.76 examples/s]
Map:   7%|▋         | 10283/153977 [00:00<00:09, 15546.02 examples/s]
Map:   8%|▊         | 12327/153977 [00:00<00:08, 17021.36 examples/s]
Map:  10%|▉         | 14774/153977 [00:00<00:07, 19270.52 examples/s]
Map:  11%|█         | 17000/153977 [00:01<00:07, 17248.50 examples/s]
Map:  12%|█▏        | 18850/153977 [00:01<00:10, 13084.81 examples/s]
Map:  13%|█▎        | 20689/153977 [00:01<00:10, 12697.42 examples/s]
Map:  15%|█▍        | 22914/153977 [00:01<00:09, 13125.95 examples/s]
Map:  16%|█▌        | 24439/153977 [00:01<00:09, 13546.21 examples/s]
Map:  17%|█▋        | 25996/153977 [00:01<00:09, 13968.92 examples/s]
Map:  18%|█▊        | 27578/153977 [00:02<00:23, 5291.07 examples/s] 
Map:  19%|█▉        | 29635/153977 [00:02<00:17, 7060.09 examples/s]
Map:  20%|██        | 31436/153977 [00:02<00:14, 8601.40 examples/s]
Map:  22%|██▏       | 33421/153977 [00:02<00:11, 10471.20 examples/s]
Map:  23%|██▎       | 35242/153977 [00:03<00:09, 11945.94 examples/s]
Map:  24%|██▍       | 37007/153977 [00:03<00:08, 13134.67 examples/s]
Map:  25%|██▌       | 39216/153977 [00:03<00:07, 15179.85 examples/s]
Map:  27%|██▋       | 41360/153977 [00:03<00:06, 16716.95 examples/s]
Map:  28%|██▊       | 43290/153977 [00:03<00:06, 17331.97 examples/s]
Map:  30%|██▉       | 46000/153977 [00:03<00:06, 17424.56 examples/s]
Map:  32%|███▏      | 48645/153977 [00:03<00:06, 17400.76 examples/s]
Map:  33%|███▎      | 51000/153977 [00:03<00:06, 16781.35 examples/s]
Map:  34%|███▍      | 52905/153977 [00:04<00:05, 17255.34 examples/s]
Map:  36%|███▌      | 55475/153977 [00:04<00:05, 17150.72 examples/s]
Map:  38%|███▊      | 57891/153977 [00:04<00:05, 18774.79 examples/s]
Map:  39%|███▉      | 59951/153977 [00:04<00:04, 19195.05 examples/s]
Map:  40%|████      | 62262/153977 [00:04<00:04, 20193.06 examples/s]
Map:  42%|████▏     | 64487/153977 [00:04<00:04, 20703.00 examples/s]
Map:  44%|████▍     | 67805/153977 [00:04<00:04, 21111.16 examples/s]
Map:  45%|████▌     | 70000/153977 [00:09<00:47, 1766.51 examples/s] 
Map:  46%|████▋     | 71585/153977 [00:09<00:37, 2185.90 examples/s]
Map:  48%|████▊     | 73140/153977 [00:09<00:29, 2729.05 examples/s]
Map:  49%|████▉     | 75124/153977 [00:09<00:21, 3671.56 examples/s]
Map:  50%|█████     | 77088/153977 [00:09<00:15, 4820.85 examples/s]
Map:  51%|█████▏    | 78932/153977 [00:09<00:12, 6072.65 examples/s]
Map:  53%|█████▎    | 80940/153977 [00:09<00:09, 7703.85 examples/s]
Map:  54%|█████▍    | 83495/153977 [00:09<00:07, 9552.67 examples/s]
Map:  56%|█████▌    | 86137/153977 [00:10<00:05, 11323.77 examples/s]
Map:  58%|█████▊    | 88631/153977 [00:10<00:05, 12548.73 examples/s]
Map:  59%|█████▉    | 90478/153977 [00:10<00:04, 13627.08 examples/s]
Map:  60%|█████▉    | 92276/153977 [00:10<00:04, 14524.83 examples/s]
Map:  61%|██████    | 94070/153977 [00:10<00:03, 15235.69 examples/s]
Map:  63%|██████▎   | 96530/153977 [00:10<00:03, 15583.37 examples/s]
Map:  64%|██████▍   | 99039/153977 [00:10<00:03, 15870.42 examples/s]
Map:  66%|██████▌   | 101455/153977 [00:10<00:03, 15853.72 examples/s]
Map:  67%|██████▋   | 103867/153977 [00:11<00:03, 15695.23 examples/s]
Map:  69%|██████▉   | 106312/153977 [00:11<00:03, 15782.63 examples/s]
Map:  71%|███████   | 108854/153977 [00:11<00:02, 15935.06 examples/s]
Map:  72%|███████▏  | 110864/153977 [00:11<00:02, 16769.62 examples/s]
Map:  73%|███████▎  | 112956/153977 [00:11<00:02, 17667.13 examples/s]
Map:  75%|███████▌  | 115649/153977 [00:11<00:02, 17718.21 examples/s]
Map:  77%|███████▋  | 118293/153977 [00:11<00:02, 17621.56 examples/s]
Map:  78%|███████▊  | 120148/153977 [00:12<00:02, 12935.32 examples/s]
Map:  80%|███████▉  | 122472/153977 [00:12<00:02, 14911.86 examples/s]
Map:  81%|████████  | 124553/153977 [00:12<00:01, 16142.89 examples/s]
Map:  82%|████████▏ | 126578/153977 [00:12<00:01, 17069.70 examples/s]
Map:  84%|████████▎ | 128701/153977 [00:12<00:01, 18077.02 examples/s]
Map:  85%|████████▌ | 131271/153977 [00:12<00:01, 17684.34 examples/s]
Map:  87%|████████▋ | 133849/153977 [00:12<00:01, 17415.66 examples/s]
Map:  88%|████████▊ | 136000/153977 [00:13<00:01, 16265.56 examples/s]
Map:  89%|████████▉ | 137742/153977 [00:13<00:00, 16461.55 examples/s]
Map:  91%|█████████ | 140300/153977 [00:13<00:00, 16564.65 examples/s]
Map:  92%|█████████▏| 142000/153977 [00:13<00:00, 16397.65 examples/s]
Map:  93%|█████████▎| 143873/153977 [00:13<00:00, 16887.28 examples/s]
Map:  95%|█████████▌| 146558/153977 [00:13<00:00, 17181.02 examples/s]
Map:  97%|█████████▋| 148703/153977 [00:13<00:00, 18213.32 examples/s]
Map:  98%|█████████▊| 150696/153977 [00:13<00:00, 18581.58 examples/s]
Map:  99%|█████████▉| 152804/153977 [00:13<00:00, 19135.61 examples/s]
Map: 100%|██████████| 153977/153977 [00:14<00:00, 10978.00 examples/s]

Map:   0%|          | 0/1200 [00:00<?, ? examples/s]
Map: 100%|██████████| 1200/1200 [00:00<00:00, 18588.61 examples/s]

Filter (num_proc=4):   0%|          | 0/153977 [00:00<?, ? examples/s]
Filter (num_proc=4):   1%|          | 1000/153977 [00:24<1:02:07, 41.04 examples/s]
Filter (num_proc=4):   2%|▏         | 3000/153977 [00:25<16:46, 149.99 examples/s] 
Filter (num_proc=4):   3%|▎         | 5000/153977 [00:25<08:27, 293.75 examples/s]
Filter (num_proc=4):   5%|▍         | 7000/153977 [00:26<05:09, 474.57 examples/s]
Filter (num_proc=4):   6%|▌         | 9000/153977 [00:27<03:28, 695.66 examples/s]
Filter (num_proc=4):   7%|▋         | 11000/153977 [00:27<02:29, 958.08 examples/s]
Filter (num_proc=4):   8%|▊         | 13000/153977 [00:28<01:54, 1234.47 examples/s]
Filter (num_proc=4):  10%|▉         | 15000/153977 [00:29<01:25, 1626.61 examples/s]
Filter (num_proc=4):  10%|█         | 16000/153977 [00:29<01:14, 1859.03 examples/s]
Filter (num_proc=4):  11%|█         | 17000/153977 [00:29<01:01, 2232.41 examples/s]
Filter (num_proc=4):  12%|█▏        | 18000/153977 [00:29<01:00, 2262.07 examples/s]
Filter (num_proc=4):  12%|█▏        | 19000/153977 [00:30<00:59, 2257.37 examples/s]
Filter (num_proc=4):  14%|█▎        | 21000/153977 [00:30<00:41, 3170.08 examples/s]
Filter (num_proc=4):  14%|█▍        | 22000/153977 [00:30<00:38, 3402.98 examples/s]
Filter (num_proc=4):  16%|█▌        | 24000/153977 [00:31<00:36, 3608.90 examples/s]
Filter (num_proc=4):  16%|█▌        | 25000/153977 [00:31<00:34, 3768.69 examples/s]
Filter (num_proc=4):  18%|█▊        | 27000/153977 [00:31<00:33, 3786.25 examples/s]
Filter (num_proc=4):  18%|█▊        | 28000/153977 [00:32<00:31, 4000.60 examples/s]
Filter (num_proc=4):  20%|██        | 31000/153977 [00:32<00:26, 4673.92 examples/s]
Filter (num_proc=4):  21%|██        | 32000/153977 [00:32<00:25, 4858.46 examples/s]
Filter (num_proc=4):  23%|██▎       | 35000/153977 [00:33<00:23, 4958.26 examples/s]
Filter (num_proc=4):  23%|██▎       | 36000/153977 [00:33<00:22, 5192.87 examples/s]
Filter (num_proc=4):  25%|██▌       | 39000/153977 [00:34<00:22, 5217.71 examples/s]
Filter (num_proc=4):  27%|██▋       | 41000/153977 [00:34<00:17, 6357.49 examples/s]
Filter (num_proc=4):  28%|██▊       | 43000/153977 [00:34<00:21, 5069.43 examples/s]
Filter (num_proc=4):  29%|██▉       | 45000/153977 [00:35<00:17, 6236.05 examples/s]
Filter (num_proc=4):  31%|███       | 47000/153977 [00:35<00:20, 5185.36 examples/s]
Filter (num_proc=4):  32%|███▏      | 49000/153977 [00:35<00:16, 6507.21 examples/s]
Filter (num_proc=4):  33%|███▎      | 51000/153977 [00:36<00:19, 5255.54 examples/s]
Filter (num_proc=4):  34%|███▍      | 53000/153977 [00:36<00:15, 6609.31 examples/s]
Filter (num_proc=4):  36%|███▌      | 55000/153977 [00:36<00:18, 5274.88 examples/s]
Filter (num_proc=4):  37%|███▋      | 57000/153977 [00:37<00:14, 6589.14 examples/s]
Filter (num_proc=4):  38%|███▊      | 59000/153977 [00:37<00:17, 5369.42 examples/s]
Filter (num_proc=4):  40%|███▉      | 61000/153977 [00:37<00:14, 6512.34 examples/s]
Filter (num_proc=4):  41%|████      | 63000/153977 [00:38<00:16, 5385.83 examples/s]
Filter (num_proc=4):  42%|████▏     | 65000/153977 [00:38<00:13, 6421.36 examples/s]
Filter (num_proc=4):  44%|████▎     | 67000/153977 [00:38<00:16, 5328.98 examples/s]
Filter (num_proc=4):  45%|████▍     | 69000/153977 [00:39<00:13, 6323.57 examples/s]
Filter (num_proc=4):  46%|████▌     | 71000/153977 [00:39<00:15, 5311.56 examples/s]
Filter (num_proc=4):  47%|████▋     | 73000/153977 [00:39<00:12, 6676.16 examples/s]
Filter (num_proc=4):  49%|████▊     | 75000/153977 [00:40<00:14, 5308.07 examples/s]
Filter (num_proc=4):  49%|████▉     | 76000/153977 [00:40<00:14, 5486.52 examples/s]
Filter (num_proc=4):  51%|█████     | 78000/153977 [00:40<00:10, 7187.33 examples/s]
Filter (num_proc=4):  52%|█████▏    | 80000/153977 [00:41<00:13, 5413.77 examples/s]
Filter (num_proc=4):  53%|█████▎    | 82000/153977 [00:41<00:11, 6542.61 examples/s]
Filter (num_proc=4):  54%|█████▍    | 83000/153977 [00:41<00:13, 5242.25 examples/s]
Filter (num_proc=4):  55%|█████▍    | 84000/153977 [00:41<00:12, 5493.06 examples/s]
Filter (num_proc=4):  56%|█████▌    | 86000/153977 [00:42<00:10, 6705.80 examples/s]
Filter (num_proc=4):  57%|█████▋    | 87000/153977 [00:42<00:13, 5140.64 examples/s]
Filter (num_proc=4):  57%|█████▋    | 88000/153977 [00:42<00:12, 5389.64 examples/s]
Filter (num_proc=4):  58%|█████▊    | 90000/153977 [00:42<00:09, 6616.43 examples/s]
Filter (num_proc=4):  59%|█████▉    | 91000/153977 [00:43<00:11, 5447.65 examples/s]
Filter (num_proc=4):  60%|█████▉    | 92000/153977 [00:43<00:11, 5442.10 examples/s]
Filter (num_proc=4):  61%|██████    | 94000/153977 [00:43<00:08, 6952.24 examples/s]
Filter (num_proc=4):  62%|██████▏   | 95000/153977 [00:43<00:10, 5487.23 examples/s]
Filter (num_proc=4):  62%|██████▏   | 96000/153977 [00:43<00:09, 5799.76 examples/s]
Filter (num_proc=4):  64%|██████▎   | 98000/153977 [00:44<00:07, 7058.76 examples/s]
Filter (num_proc=4):  64%|██████▍   | 99000/153977 [00:44<00:10, 5488.53 examples/s]
Filter (num_proc=4):  65%|██████▍   | 100000/153977 [00:44<00:09, 5913.91 examples/s]
Filter (num_proc=4):  66%|██████▌   | 102000/153977 [00:44<00:07, 7214.85 examples/s]
Filter (num_proc=4):  67%|██████▋   | 103000/153977 [00:45<00:11, 4486.49 examples/s]
Filter (num_proc=4):  69%|██████▉   | 106000/153977 [00:45<00:06, 7086.81 examples/s]
Filter (num_proc=4):  69%|██████▉   | 107000/153977 [00:45<00:09, 4713.31 examples/s]
Filter (num_proc=4):  71%|███████▏  | 110000/153977 [00:46<00:06, 6932.01 examples/s]
Filter (num_proc=4):  73%|███████▎  | 112000/153977 [00:46<00:07, 5560.74 examples/s]
Filter (num_proc=4):  74%|███████▍  | 114000/153977 [00:46<00:06, 6293.31 examples/s]
Filter (num_proc=4):  75%|███████▍  | 115000/153977 [00:47<00:08, 4476.54 examples/s]
Filter (num_proc=4):  77%|███████▋  | 118000/153977 [00:47<00:05, 6397.39 examples/s]
Filter (num_proc=4):  77%|███████▋  | 119000/153977 [00:48<00:07, 4656.53 examples/s]
Filter (num_proc=4):  79%|███████▊  | 121000/153977 [00:48<00:05, 5837.55 examples/s]
Filter (num_proc=4):  80%|███████▉  | 123000/153977 [00:48<00:06, 4999.05 examples/s]
Filter (num_proc=4):  81%|████████  | 124000/153977 [00:48<00:05, 5317.93 examples/s]
Filter (num_proc=4):  81%|████████  | 125000/153977 [00:48<00:04, 5802.40 examples/s]
Filter (num_proc=4):  82%|████████▏ | 127000/153977 [00:49<00:05, 5006.47 examples/s]
Filter (num_proc=4):  84%|████████▍ | 129000/153977 [00:49<00:04, 6169.26 examples/s]
Filter (num_proc=4):  84%|████████▍ | 130000/153977 [00:49<00:03, 6531.50 examples/s]
Filter (num_proc=4):  85%|████████▌ | 131000/153977 [00:50<00:04, 4641.77 examples/s]
Filter (num_proc=4):  86%|████████▋ | 133000/153977 [00:50<00:03, 6052.87 examples/s]
Filter (num_proc=4):  87%|████████▋ | 134495/153977 [00:50<00:02, 6777.51 examples/s]
Filter (num_proc=4):  88%|████████▊ | 135989/153977 [00:50<00:03, 5628.43 examples/s]
Filter (num_proc=4):  89%|████████▉ | 136989/153977 [00:50<00:02, 6173.03 examples/s]
Filter (num_proc=4):  90%|████████▉ | 137989/153977 [00:51<00:04, 3858.37 examples/s]
Filter (num_proc=4):  90%|█████████ | 138989/153977 [00:51<00:03, 4277.49 examples/s]
Filter (num_proc=4):  91%|█████████ | 139989/153977 [00:52<00:04, 3288.31 examples/s]
Filter (num_proc=4):  92%|█████████▏| 140989/153977 [00:52<00:03, 3757.46 examples/s]
Filter (num_proc=4):  92%|█████████▏| 141989/153977 [00:52<00:04, 2946.28 examples/s]
Filter (num_proc=4):  93%|█████████▎| 142989/153977 [00:53<00:03, 3613.19 examples/s]
Filter (num_proc=4):  94%|█████████▎| 143989/153977 [00:53<00:03, 2837.20 examples/s]
Filter (num_proc=4):  94%|█████████▍| 144989/153977 [00:53<00:02, 3566.14 examples/s]
Filter (num_proc=4):  95%|█████████▍| 145989/153977 [00:54<00:02, 2847.93 examples/s]
Filter (num_proc=4):  95%|█████████▌| 146989/153977 [00:54<00:01, 3559.15 examples/s]
Filter (num_proc=4):  96%|█████████▌| 147989/153977 [00:54<00:02, 2724.13 examples/s]
Filter (num_proc=4):  97%|█████████▋| 148989/153977 [00:54<00:01, 3403.32 examples/s]
Filter (num_proc=4):  98%|█████████▊| 150483/153977 [00:55<00:01, 2995.46 examples/s]
Filter (num_proc=4):  98%|█████████▊| 151483/153977 [00:56<00:01, 2393.81 examples/s]
Filter (num_proc=4):  99%|█████████▉| 152483/153977 [00:56<00:00, 2109.73 examples/s]
Filter (num_proc=4): 100%|█████████▉| 153483/153977 [00:57<00:00, 1835.79 examples/s]
Filter (num_proc=4): 100%|██████████| 153977/153977 [00:57<00:00, 1720.02 examples/s]
Filter (num_proc=4): 100%|██████████| 153977/153977 [01:00<00:00, 2559.67 examples/s]

Filter (num_proc=4):   0%|          | 0/1200 [00:00<?, ? examples/s]
Filter (num_proc=4):  25%|██▌       | 300/1200 [00:16<00:48, 18.57 examples/s]
Filter (num_proc=4):  50%|█████     | 600/1200 [00:18<00:16, 36.34 examples/s]
Filter (num_proc=4):  75%|███████▌  | 900/1200 [00:21<00:05, 53.25 examples/s]
Filter (num_proc=4): 100%|██████████| 1200/1200 [00:23<00:00, 67.63 examples/s]
Filter (num_proc=4): 100%|██████████| 1200/1200 [00:26<00:00, 45.86 examples/s]
W0728 14:58:42.712000 31716 Lib\site-packages\torch\distributed\elastic\multiprocessing\redirects.py:29] NOTE: Redirects are currently not supported in Windows or MacOs.
[transformers] The fast path is not available because one of the required library is not installed. Falling back to torch implementation. To install follow https://github.com/fla-org/flash-linear-attention#installation and https://github.com/Dao-AILab/causal-conv1d
  train: 153,903 / 153,977  (超長丟棄 74)
  dev: 1,200 / 1,200  (超長丟棄 0)
DatasetDict({
    train: Dataset({
        features: ['prompt', 'completion'],
        num_rows: 153903
    })
    dev: Dataset({
        features: ['prompt', 'completion'],
        num_rows: 1200
    })
})
== model ==

Loading weights:   0%|          | 0/473 [00:00<?, ?it/s]
Loading weights:  21%|██        | 100/473 [00:00<00:00, 995.12it/s]
Loading weights:  42%|████▏     | 200/473 [00:00<00:00, 677.41it/s]
Loading weights:  58%|█████▊    | 274/473 [00:00<00:00, 655.17it/s]
Loading weights:  75%|███████▍  | 353/473 [00:00<00:00, 692.56it/s]
Loading weights:  92%|█████████▏| 435/473 [00:00<00:00, 721.41it/s]
Loading weights: 100%|██████████| 473/473 [00:00<00:00, 752.72it/s]
[transformers] warmup_ratio is deprecated and will be removed in v5.2. Use `warmup_steps` instead.

Tokenizing train dataset (num_proc=1):   0%|          | 0/153903 [00:00<?, ? examples/s]
Tokenizing train dataset (num_proc=1):   0%|          | 11/153903 [00:14<57:11:32,  1.34s/ examples]
Tokenizing train dataset (num_proc=1):   0%|          | 80/153903 [00:14<5:47:43,  7.37 examples/s] 
Tokenizing train dataset (num_proc=1):   0%|          | 152/153903 [00:14<2:30:31, 17.02 examples/s]
Tokenizing train dataset (num_proc=1):   0%|          | 228/153903 [00:15<1:22:19, 31.11 examples/s]
Tokenizing train dataset (num_proc=1):   0%|          | 309/153903 [00:15<49:35, 51.62 examples/s]  
Tokenizing train dataset (num_proc=1):   0%|          | 397/153903 [00:15<31:20, 81.64 examples/s]
Tokenizing train dataset (num_proc=1):   0%|          | 490/153903 [00:15<20:43, 123.33 examples/s]
Tokenizing train dataset (num_proc=1):   0%|          | 579/153903 [00:15<14:43, 173.49 examples/s]
Tokenizing train dataset (num_proc=1):   0%|          | 681/153903 [00:15<10:24, 245.52 examples/s]
Tokenizing train dataset (num_proc=1):   1%|          | 809/153903 [00:15<07:32, 338.33 examples/s]
Tokenizing train dataset (num_proc=1):   1%|          | 939/153903 [00:15<05:54, 431.70 examples/s]
Tokenizing train dataset (num_proc=1):   1%|          | 1044/153903 [00:16<05:33, 458.24 examples/s]
Tokenizing train dataset (num_proc=1):   1%|          | 1133/153903 [00:16<04:51, 523.76 examples/s]
Tokenizing train dataset (num_proc=1):   1%|          | 1218/153903 [00:16<04:22, 581.48 examples/s]
Tokenizing train dataset (num_proc=1):   1%|          | 1310/153903 [00:16<03:55, 648.33 examples/s]
Tokenizing train dataset (num_proc=1):   1%|          | 1394/153903 [00:16<03:41, 689.10 examples/s]
Tokenizing train dataset (num_proc=1):   1%|          | 1482/153903 [00:16<03:27, 733.31 examples/s]
Tokenizing train dataset (num_proc=1):   1%|          | 1573/153903 [00:16<03:16, 775.67 examples/s]
Tokenizing train dataset (num_proc=1):   1%|          | 1668/153903 [00:16<03:05, 821.94 examples/s]
Tokenizing train dataset (num_proc=1):   1%|          | 1795/153903 [00:16<03:03, 827.38 examples/s]
Tokenizing train dataset (num_proc=1):   1%|          | 1919/153903 [00:17<03:04, 821.60 examples/s]
Tokenizing train dataset (num_proc=1):   1%|▏         | 2044/153903 [00:17<03:14, 781.73 examples/s]
Tokenizing train dataset (num_proc=1):   1%|▏         | 2127/153903 [00:17<03:11, 790.86 examples/s]
Tokenizing train dataset (num_proc=1):   1%|▏         | 2243/153903 [00:17<03:14, 781.02 examples/s]
Tokenizing train dataset (num_proc=1):   2%|▏         | 2332/153903 [00:17<03:08, 804.33 examples/s]
Tokenizing train dataset (num_proc=1):   2%|▏         | 2440/153903 [00:17<03:17, 768.52 examples/s]
Tokenizing train dataset (num_proc=1):   2%|▏         | 2550/153903 [00:17<03:20, 753.43 examples/s]
Tokenizing train dataset (num_proc=1):   2%|▏         | 2674/153903 [00:18<03:14, 776.00 examples/s]
Tokenizing train dataset (num_proc=1):   2%|▏         | 2757/153903 [00:18<03:12, 785.77 examples/s]
Tokenizing train dataset (num_proc=1):   2%|▏         | 2851/153903 [00:18<03:03, 822.22 examples/s]
Tokenizing train dataset (num_proc=1):   2%|▏         | 2941/153903 [00:18<02:59, 838.71 examples/s]
Tokenizing train dataset (num_proc=1):   2%|▏         | 3037/153903 [00:18<03:18, 758.95 examples/s]
Tokenizing train dataset (num_proc=1):   2%|▏         | 3136/153903 [00:18<03:29, 721.35 examples/s]
Tokenizing train dataset (num_proc=1):   2%|▏         | 3245/153903 [00:18<03:30, 717.42 examples/s]
Tokenizing train dataset (num_proc=1):   2%|▏         | 3328/153903 [00:18<03:23, 741.53 examples/s]
Tokenizing train dataset (num_proc=1):   2%|▏         | 3441/153903 [00:19<03:23, 737.77 examples/s]
Tokenizing train dataset (num_proc=1):   2%|▏         | 3552/153903 [00:19<03:24, 735.62 examples/s]
Tokenizing train dataset (num_proc=1):   2%|▏         | 3631/153903 [00:19<03:22, 743.85 examples/s]
Tokenizing train dataset (num_proc=1):   2%|▏         | 3746/153903 [00:19<03:22, 742.09 examples/s]
Tokenizing train dataset (num_proc=1):   2%|▏         | 3824/153903 [00:19<03:20, 749.21 examples/s]
Tokenizing train dataset (num_proc=1):   3%|▎         | 3932/153903 [00:19<03:24, 731.91 examples/s]
Tokenizing train dataset (num_proc=1):   3%|▎         | 4040/153903 [00:19<03:34, 699.47 examples/s]
Tokenizing train dataset (num_proc=1):   3%|▎         | 4113/153903 [00:19<03:33, 701.57 examples/s]
Tokenizing train dataset (num_proc=1):   3%|▎         | 4193/153903 [00:20<03:27, 721.85 examples/s]
Tokenizing train dataset (num_proc=1):   3%|▎         | 4274/153903 [00:20<03:21, 741.74 examples/s]
Tokenizing train dataset (num_proc=1):   3%|▎         | 4360/153903 [00:20<03:14, 769.37 examples/s]
Tokenizing train dataset (num_proc=1):   3%|▎         | 4441/153903 [00:20<03:12, 777.84 examples/s]
Tokenizing train dataset (num_proc=1):   3%|▎         | 4528/153903 [00:20<03:07, 796.18 examples/s]
Tokenizing train dataset (num_proc=1):   3%|▎         | 4651/153903 [00:20<03:05, 803.32 examples/s]
Tokenizing train dataset (num_proc=1):   3%|▎         | 4766/153903 [00:20<03:10, 784.23 examples/s]
Tokenizing train dataset (num_proc=1):   3%|▎         | 4845/153903 [00:20<03:10, 784.04 examples/s]
Tokenizing train dataset (num_proc=1):   3%|▎         | 4928/153903 [00:21<03:07, 793.22 examples/s]
Tokenizing train dataset (num_proc=1):   3%|▎         | 5046/153903 [00:21<03:18, 751.09 examples/s]
Tokenizing train dataset (num_proc=1):   3%|▎         | 5133/153903 [00:21<03:11, 776.93 examples/s]
Tokenizing train dataset (num_proc=1):   3%|▎         | 5213/153903 [00:21<03:10, 779.25 examples/s]
Tokenizing train dataset (num_proc=1):   3%|▎         | 5314/153903 [00:21<02:57, 838.06 examples/s]
Tokenizing train dataset (num_proc=1):   4%|▎         | 5409/153903 [00:21<02:51, 866.14 examples/s]
Tokenizing train dataset (num_proc=1):   4%|▎         | 5541/153903 [00:21<02:51, 863.82 examples/s]
Tokenizing train dataset (num_proc=1):   4%|▎         | 5674/153903 [00:21<02:51, 866.79 examples/s]
Tokenizing train dataset (num_proc=1):   4%|▎         | 5764/153903 [00:22<02:50, 868.86 examples/s]
Tokenizing train dataset (num_proc=1):   4%|▍         | 5868/153903 [00:22<02:42, 909.35 examples/s]
Tokenizing train dataset (num_proc=1):   4%|▍         | 5960/153903 [00:22<02:43, 906.07 examples/s]
Tokenizing train dataset (num_proc=1):   4%|▍         | 6084/153903 [00:22<03:00, 820.57 examples/s]
Tokenizing train dataset (num_proc=1):   4%|▍         | 6199/153903 [00:22<03:05, 795.34 examples/s]
Tokenizing train dataset (num_proc=1):   4%|▍         | 6333/153903 [00:22<02:59, 824.00 examples/s]
Tokenizing train dataset (num_proc=1):   4%|▍         | 6421/153903 [00:22<02:57, 829.43 examples/s]
Tokenizing train dataset (num_proc=1):   4%|▍         | 6510/153903 [00:22<02:54, 843.88 examples/s]
Tokenizing train dataset (num_proc=1):   4%|▍         | 6633/153903 [00:23<02:58, 826.79 examples/s]
Tokenizing train dataset (num_proc=1):   4%|▍         | 6757/153903 [00:23<02:58, 823.86 examples/s]
Tokenizing train dataset (num_proc=1):   4%|▍         | 6849/153903 [00:23<02:54, 843.90 examples/s]
Tokenizing train dataset (num_proc=1):   5%|▍         | 6939/153903 [00:23<02:52, 852.42 examples/s]
Tokenizing train dataset (num_proc=1):   5%|▍         | 7043/153903 [00:23<03:06, 788.36 examples/s]
Tokenizing train dataset (num_proc=1):   5%|▍         | 7128/153903 [00:23<03:04, 797.01 examples/s]
Tokenizing train dataset (num_proc=1):   5%|▍         | 7213/153903 [00:23<03:01, 806.84 examples/s]
Tokenizing train dataset (num_proc=1):   5%|▍         | 7298/153903 [00:23<02:59, 818.09 examples/s]
Tokenizing train dataset (num_proc=1):   5%|▍         | 7412/153903 [00:24<03:05, 789.17 examples/s]
Tokenizing train dataset (num_proc=1):   5%|▍         | 7493/153903 [00:24<03:04, 794.36 examples/s]
Tokenizing train dataset (num_proc=1):   5%|▍         | 7606/153903 [00:24<02:46, 876.80 examples/s]
Tokenizing train dataset (num_proc=1):   5%|▌         | 7727/153903 [00:24<02:52, 845.89 examples/s]
Tokenizing train dataset (num_proc=1):   5%|▌         | 7827/153903 [00:24<02:45, 884.74 examples/s]
Tokenizing train dataset (num_proc=1):   5%|▌         | 7962/153903 [00:24<02:45, 881.41 examples/s]
Tokenizing train dataset (num_proc=1):   5%|▌         | 8090/153903 [00:24<02:53, 842.08 examples/s]
Tokenizing train dataset (num_proc=1):   5%|▌         | 8176/153903 [00:24<02:53, 839.73 examples/s]
Tokenizing train dataset (num_proc=1):   5%|▌         | 8293/153903 [00:25<03:52, 626.53 examples/s]
Tokenizing train dataset (num_proc=1):   5%|▌         | 8373/153903 [00:25<03:40, 658.53 examples/s]
Tokenizing train dataset (num_proc=1):   5%|▌         | 8460/153903 [00:25<03:26, 703.10 examples/s]
Tokenizing train dataset (num_proc=1):   6%|▌         | 8542/153903 [00:25<03:20, 726.60 examples/s]
Tokenizing train dataset (num_proc=1):   6%|▌         | 8621/153903 [00:25<03:16, 739.61 examples/s]
Tokenizing train dataset (num_proc=1):   6%|▌         | 8709/153903 [00:25<03:07, 772.42 examples/s]
Tokenizing train dataset (num_proc=1):   6%|▌         | 8801/153903 [00:25<03:00, 805.90 examples/s]
Tokenizing train dataset (num_proc=1):   6%|▌         | 8898/153903 [00:25<02:50, 851.07 examples/s]
Tokenizing train dataset (num_proc=1):   6%|▌         | 9005/153903 [00:26<03:02, 794.97 examples/s]
Tokenizing train dataset (num_proc=1):   6%|▌         | 9108/153903 [00:26<02:49, 855.11 examples/s]
Tokenizing train dataset (num_proc=1):   6%|▌         | 9212/153903 [00:26<02:40, 900.66 examples/s]
Tokenizing train dataset (num_proc=1):   6%|▌         | 9319/153903 [00:26<02:32, 945.41 examples/s]
Tokenizing train dataset (num_proc=1):   6%|▌         | 9447/153903 [00:26<02:40, 902.81 examples/s]
Tokenizing train dataset (num_proc=1):   6%|▌         | 9546/153903 [00:26<02:36, 923.16 examples/s]
Tokenizing train dataset (num_proc=1):   6%|▋         | 9664/153903 [00:26<02:45, 873.78 examples/s]
Tokenizing train dataset (num_proc=1):   6%|▋         | 9781/153903 [00:26<02:52, 837.62 examples/s]
Tokenizing train dataset (num_proc=1):   6%|▋         | 9902/153903 [00:27<02:55, 822.00 examples/s]
Tokenizing train dataset (num_proc=1):   6%|▋         | 10001/153903 [00:27<03:08, 762.62 examples/s]
Tokenizing train dataset (num_proc=1):   7%|▋         | 10086/153903 [00:27<03:03, 782.38 examples/s]
Tokenizing train dataset (num_proc=1):   7%|▋         | 10167/153903 [00:27<03:02, 788.55 examples/s]
Tokenizing train dataset (num_proc=1):   7%|▋         | 10262/153903 [00:27<02:54, 822.51 examples/s]
Tokenizing train dataset (num_proc=1):   7%|▋         | 10381/153903 [00:27<02:56, 811.67 examples/s]
Tokenizing train dataset (num_proc=1):   7%|▋         | 10491/153903 [00:27<03:04, 777.93 examples/s]
Tokenizing train dataset (num_proc=1):   7%|▋         | 10577/153903 [00:27<02:59, 797.70 examples/s]
Tokenizing train dataset (num_proc=1):   7%|▋         | 10695/153903 [00:28<03:00, 791.95 examples/s]
Tokenizing train dataset (num_proc=1):   7%|▋         | 10806/153903 [00:28<03:06, 765.88 examples/s]
Tokenizing train dataset (num_proc=1):   7%|▋         | 10924/153903 [00:28<03:06, 766.05 examples/s]
Tokenizing train dataset (num_proc=1):   7%|▋         | 11045/153903 [00:28<03:12, 740.34 examples/s]
Tokenizing train dataset (num_proc=1):   7%|▋         | 11140/153903 [00:28<03:02, 782.65 examples/s]
Tokenizing train dataset (num_proc=1):   7%|▋         | 11231/153903 [00:28<02:56, 807.00 examples/s]
Tokenizing train dataset (num_proc=1):   7%|▋         | 11327/153903 [00:28<02:48, 844.12 examples/s]
Tokenizing train dataset (num_proc=1):   7%|▋         | 11454/153903 [00:29<02:49, 842.13 examples/s]
Tokenizing train dataset (num_proc=1):   8%|▊         | 11547/153903 [00:29<02:45, 858.87 examples/s]
Tokenizing train dataset (num_proc=1):   8%|▊         | 11639/153903 [00:29<02:44, 865.99 examples/s]
Tokenizing train dataset (num_proc=1):   8%|▊         | 11729/153903 [00:29<02:42, 873.23 examples/s]
Tokenizing train dataset (num_proc=1):   8%|▊         | 11857/153903 [00:29<02:45, 859.48 examples/s]
Tokenizing train dataset (num_proc=1):   8%|▊         | 11977/153903 [00:29<02:50, 834.56 examples/s]
Tokenizing train dataset (num_proc=1):   8%|▊         | 12099/153903 [00:29<02:57, 799.12 examples/s]
Tokenizing train dataset (num_proc=1):   8%|▊         | 12191/153903 [00:29<02:51, 824.31 examples/s]
Tokenizing train dataset (num_proc=1):   8%|▊         | 12279/153903 [00:30<02:49, 834.30 examples/s]
Tokenizing train dataset (num_proc=1):   8%|▊         | 12370/153903 [00:30<02:46, 848.83 examples/s]
Tokenizing train dataset (num_proc=1):   8%|▊         | 12492/153903 [00:30<02:50, 831.41 examples/s]
Tokenizing train dataset (num_proc=1):   8%|▊         | 12584/153903 [00:30<02:45, 851.94 examples/s]
Tokenizing train dataset (num_proc=1):   8%|▊         | 12703/153903 [00:30<02:51, 825.32 examples/s]
Tokenizing train dataset (num_proc=1):   8%|▊         | 12824/153903 [00:30<02:52, 815.50 examples/s]
Tokenizing train dataset (num_proc=1):   8%|▊         | 12949/153903 [00:30<02:52, 818.73 examples/s]
Tokenizing train dataset (num_proc=1):   8%|▊         | 13064/153903 [00:31<03:15, 720.79 examples/s]
Tokenizing train dataset (num_proc=1):   9%|▊         | 13166/153903 [00:31<03:20, 701.25 examples/s]
Tokenizing train dataset (num_proc=1):   9%|▊         | 13274/153903 [00:31<03:20, 702.82 examples/s]
Tokenizing train dataset (num_proc=1):   9%|▊         | 13377/153903 [00:31<03:21, 697.43 examples/s]
Tokenizing train dataset (num_proc=1):   9%|▊         | 13453/153903 [00:31<03:18, 706.04 examples/s]
Tokenizing train dataset (num_proc=1):   9%|▉         | 13528/153903 [00:31<03:17, 710.90 examples/s]
Tokenizing train dataset (num_proc=1):   9%|▉         | 13605/153903 [00:31<03:14, 721.74 examples/s]
Tokenizing train dataset (num_proc=1):   9%|▉         | 13683/153903 [00:31<03:11, 732.89 examples/s]
Tokenizing train dataset (num_proc=1):   9%|▉         | 13794/153903 [00:32<03:11, 731.59 examples/s]
Tokenizing train dataset (num_proc=1):   9%|▉         | 13868/153903 [00:32<03:11, 730.06 examples/s]
Tokenizing train dataset (num_proc=1):   9%|▉         | 13970/153903 [00:32<03:18, 705.45 examples/s]
Tokenizing train dataset (num_proc=1):   9%|▉         | 14048/153903 [00:32<03:56, 591.91 examples/s]
Tokenizing train dataset (num_proc=1):   9%|▉         | 14136/153903 [00:32<03:57, 588.49 examples/s]
Tokenizing train dataset (num_proc=1):   9%|▉         | 14237/153903 [00:32<03:49, 608.25 examples/s]
Tokenizing train dataset (num_proc=1):   9%|▉         | 14322/153903 [00:32<03:31, 659.91 examples/s]
Tokenizing train dataset (num_proc=1):   9%|▉         | 14428/153903 [00:33<03:28, 669.37 examples/s]
Tokenizing train dataset (num_proc=1):   9%|▉         | 14528/153903 [00:33<03:28, 668.18 examples/s]
Tokenizing train dataset (num_proc=1):   9%|▉         | 14602/153903 [00:33<03:24, 681.70 examples/s]
Tokenizing train dataset (num_proc=1):  10%|▉         | 14677/153903 [00:33<03:20, 695.44 examples/s]
Tokenizing train dataset (num_proc=1):  10%|▉         | 14761/153903 [00:33<03:36, 642.86 examples/s]
Tokenizing train dataset (num_proc=1):  10%|▉         | 14848/153903 [00:33<03:44, 618.75 examples/s]
Tokenizing train dataset (num_proc=1):  10%|▉         | 14917/153903 [00:33<03:39, 631.81 examples/s]
Tokenizing train dataset (num_proc=1):  10%|▉         | 14990/153903 [00:33<03:31, 656.26 examples/s]
Tokenizing train dataset (num_proc=1):  10%|▉         | 15070/153903 [00:34<03:47, 609.86 examples/s]
Tokenizing train dataset (num_proc=1):  10%|▉         | 15136/153903 [00:34<03:44, 617.93 examples/s]
Tokenizing train dataset (num_proc=1):  10%|▉         | 15216/153903 [00:34<03:29, 662.98 examples/s]
Tokenizing train dataset (num_proc=1):  10%|▉         | 15305/153903 [00:34<03:13, 716.56 examples/s]
Tokenizing train dataset (num_proc=1):  10%|█         | 15446/153903 [00:34<02:54, 795.44 examples/s]
Tokenizing train dataset (num_proc=1):  10%|█         | 15528/153903 [00:34<02:53, 796.79 examples/s]
Tokenizing train dataset (num_proc=1):  10%|█         | 15613/153903 [00:34<02:50, 810.19 examples/s]
Tokenizing train dataset (num_proc=1):  10%|█         | 15702/153903 [00:34<02:46, 828.91 examples/s]
Tokenizing train dataset (num_proc=1):  10%|█         | 15787/153903 [00:34<02:45, 834.79 examples/s]
Tokenizing train dataset (num_proc=1):  10%|█         | 15882/153903 [00:35<02:40, 860.76 examples/s]
Tokenizing train dataset (num_proc=1):  10%|█         | 16000/153903 [00:35<02:46, 828.25 examples/s]
Tokenizing train dataset (num_proc=1):  10%|█         | 16095/153903 [00:35<02:41, 854.77 examples/s]
Tokenizing train dataset (num_proc=1):  11%|█         | 16223/153903 [00:35<02:41, 851.07 examples/s]
Tokenizing train dataset (num_proc=1):  11%|█         | 16342/153903 [00:35<02:46, 827.16 examples/s]
Tokenizing train dataset (num_proc=1):  11%|█         | 16429/153903 [00:35<02:44, 834.80 examples/s]
Tokenizing train dataset (num_proc=1):  11%|█         | 16515/153903 [00:35<02:43, 839.56 examples/s]
Tokenizing train dataset (num_proc=1):  11%|█         | 16600/153903 [00:35<02:43, 838.35 examples/s]
Tokenizing train dataset (num_proc=1):  11%|█         | 16686/153903 [00:35<02:42, 842.31 examples/s]
Tokenizing train dataset (num_proc=1):  11%|█         | 16810/153903 [00:36<02:44, 832.15 examples/s]
Tokenizing train dataset (num_proc=1):  11%|█         | 16923/153903 [00:36<02:51, 800.87 examples/s]
Tokenizing train dataset (num_proc=1):  11%|█         | 17044/153903 [00:36<03:01, 753.62 examples/s]
Tokenizing train dataset (num_proc=1):  11%|█         | 17128/153903 [00:36<02:59, 763.13 examples/s]
Tokenizing train dataset (num_proc=1):  11%|█         | 17252/153903 [00:36<02:54, 781.46 examples/s]
Tokenizing train dataset (num_proc=1):  11%|█▏        | 17332/153903 [00:36<02:54, 782.94 examples/s]
Tokenizing train dataset (num_proc=1):  11%|█▏        | 17449/153903 [00:36<02:55, 776.40 examples/s]
Tokenizing train dataset (num_proc=1):  11%|█▏        | 17528/153903 [00:37<02:55, 776.63 examples/s]
Tokenizing train dataset (num_proc=1):  11%|█▏        | 17647/153903 [00:37<02:55, 774.50 examples/s]
Tokenizing train dataset (num_proc=1):  12%|█▏        | 17733/153903 [00:37<02:52, 791.35 examples/s]
Tokenizing train dataset (num_proc=1):  12%|█▏        | 17817/153903 [00:37<02:49, 800.58 examples/s]
Tokenizing train dataset (num_proc=1):  12%|█▏        | 17901/153903 [00:37<02:49, 801.89 examples/s]
Tokenizing train dataset (num_proc=1):  12%|█▏        | 18008/153903 [00:37<02:57, 766.37 examples/s]
Tokenizing train dataset (num_proc=1):  12%|█▏        | 18097/153903 [00:37<02:50, 797.14 examples/s]
Tokenizing train dataset (num_proc=1):  12%|█▏        | 18214/153903 [00:37<02:51, 790.14 examples/s]
Tokenizing train dataset (num_proc=1):  12%|█▏        | 18311/153903 [00:38<02:43, 829.18 examples/s]
Tokenizing train dataset (num_proc=1):  12%|█▏        | 18396/153903 [00:38<02:43, 831.18 examples/s]
Tokenizing train dataset (num_proc=1):  12%|█▏        | 18489/153903 [00:38<02:38, 854.12 examples/s]
Tokenizing train dataset (num_proc=1):  12%|█▏        | 18579/153903 [00:38<02:36, 862.08 examples/s]
Tokenizing train dataset (num_proc=1):  12%|█▏        | 18671/153903 [00:38<02:34, 875.20 examples/s]
Tokenizing train dataset (num_proc=1):  12%|█▏        | 18802/153903 [00:38<02:36, 863.91 examples/s]
Tokenizing train dataset (num_proc=1):  12%|█▏        | 18932/153903 [00:38<02:36, 861.43 examples/s]
Tokenizing train dataset (num_proc=1):  12%|█▏        | 19038/153903 [00:38<02:54, 770.91 examples/s]
Tokenizing train dataset (num_proc=1):  12%|█▏        | 19133/153903 [00:39<02:47, 805.29 examples/s]
Tokenizing train dataset (num_proc=1):  12%|█▏        | 19237/153903 [00:39<02:36, 858.11 examples/s]
Tokenizing train dataset (num_proc=1):  13%|█▎        | 19331/153903 [00:39<02:33, 874.71 examples/s]
Tokenizing train dataset (num_proc=1):  13%|█▎        | 19421/153903 [00:39<02:33, 874.09 examples/s]
Tokenizing train dataset (num_proc=1):  13%|█▎        | 19536/153903 [00:39<02:42, 827.39 examples/s]
Tokenizing train dataset (num_proc=1):  13%|█▎        | 19628/153903 [00:39<02:37, 850.77 examples/s]
Tokenizing train dataset (num_proc=1):  13%|█▎        | 19739/153903 [00:39<02:46, 805.93 examples/s]
Tokenizing train dataset (num_proc=1):  13%|█▎        | 19822/153903 [00:39<02:45, 808.22 examples/s]
Tokenizing train dataset (num_proc=1):  13%|█▎        | 19907/153903 [00:39<02:45, 811.76 examples/s]
Tokenizing train dataset (num_proc=1):  13%|█▎        | 20000/153903 [00:40<03:02, 735.13 examples/s]
Tokenizing train dataset (num_proc=1):  13%|█▎        | 20109/153903 [00:40<03:04, 723.40 examples/s]
Tokenizing train dataset (num_proc=1):  13%|█▎        | 20188/153903 [00:40<03:01, 737.10 examples/s]
Tokenizing train dataset (num_proc=1):  13%|█▎        | 20270/153903 [00:40<02:56, 755.12 examples/s]
Tokenizing train dataset (num_proc=1):  13%|█▎        | 20354/153903 [00:40<02:52, 775.59 examples/s]
Tokenizing train dataset (num_proc=1):  13%|█▎        | 20433/153903 [00:40<02:52, 774.00 examples/s]
Tokenizing train dataset (num_proc=1):  13%|█▎        | 20518/153903 [00:40<02:48, 791.70 examples/s]
Tokenizing train dataset (num_proc=1):  13%|█▎        | 20604/153903 [00:40<02:45, 806.48 examples/s]
Tokenizing train dataset (num_proc=1):  13%|█▎        | 20691/153903 [00:40<02:44, 811.44 examples/s]
Tokenizing train dataset (num_proc=1):  14%|█▎        | 20780/153903 [00:41<02:40, 829.29 examples/s]
Tokenizing train dataset (num_proc=1):  14%|█▎        | 20903/153903 [00:41<02:42, 819.59 examples/s]
Tokenizing train dataset (num_proc=1):  14%|█▎        | 21000/153903 [00:41<03:02, 730.17 examples/s]
Tokenizing train dataset (num_proc=1):  14%|█▎        | 21092/153903 [00:41<02:51, 772.53 examples/s]
Tokenizing train dataset (num_proc=1):  14%|█▍        | 21181/153903 [00:41<02:46, 799.04 examples/s]
Tokenizing train dataset (num_proc=1):  14%|█▍        | 21278/153903 [00:41<02:37, 843.06 examples/s]
Tokenizing train dataset (num_proc=1):  14%|█▍        | 21406/153903 [00:41<02:37, 838.63 examples/s]
Tokenizing train dataset (num_proc=1):  14%|█▍        | 21521/153903 [00:42<02:43, 807.48 examples/s]
Tokenizing train dataset (num_proc=1):  14%|█▍        | 21620/153903 [00:42<02:35, 847.99 examples/s]
Tokenizing train dataset (num_proc=1):  14%|█▍        | 21709/153903 [00:42<02:34, 857.22 examples/s]
Tokenizing train dataset (num_proc=1):  14%|█▍        | 21806/153903 [00:42<02:29, 881.66 examples/s]
Tokenizing train dataset (num_proc=1):  14%|█▍        | 21937/153903 [00:42<02:31, 868.89 examples/s]
Tokenizing train dataset (num_proc=1):  14%|█▍        | 22037/153903 [00:42<02:50, 773.63 examples/s]
Tokenizing train dataset (num_proc=1):  14%|█▍        | 22128/153903 [00:42<02:45, 798.48 examples/s]
Tokenizing train dataset (num_proc=1):  14%|█▍        | 22216/153903 [00:42<02:41, 815.28 examples/s]
Tokenizing train dataset (num_proc=1):  15%|█▍        | 22318/153903 [00:42<02:32, 865.16 examples/s]
Tokenizing train dataset (num_proc=1):  15%|█▍        | 22445/153903 [00:43<02:34, 852.83 examples/s]
Tokenizing train dataset (num_proc=1):  15%|█▍        | 22550/153903 [00:43<02:26, 898.87 examples/s]
Tokenizing train dataset (num_proc=1):  15%|█▍        | 22653/153903 [00:43<02:20, 931.12 examples/s]
Tokenizing train dataset (num_proc=1):  15%|█▍        | 22751/153903 [00:43<02:19, 940.99 examples/s]
Tokenizing train dataset (num_proc=1):  15%|█▍        | 22889/153903 [00:43<02:21, 924.75 examples/s]
Tokenizing train dataset (num_proc=1):  15%|█▍        | 23000/153903 [00:43<02:36, 834.93 examples/s]
Tokenizing train dataset (num_proc=1):  15%|█▌        | 23097/153903 [00:43<02:31, 862.06 examples/s]
Tokenizing train dataset (num_proc=1):  15%|█▌        | 23192/153903 [00:43<02:28, 880.74 examples/s]
Tokenizing train dataset (num_proc=1):  15%|█▌        | 23326/153903 [00:44<02:28, 881.75 examples/s]
Tokenizing train dataset (num_proc=1):  15%|█▌        | 23421/153903 [00:44<02:25, 895.30 examples/s]
Tokenizing train dataset (num_proc=1):  15%|█▌        | 23557/153903 [00:44<02:25, 894.67 examples/s]
Tokenizing train dataset (num_proc=1):  15%|█▌        | 23673/153903 [00:44<02:32, 851.22 examples/s]
Tokenizing train dataset (num_proc=1):  15%|█▌        | 23805/153903 [00:44<02:32, 855.23 examples/s]
Tokenizing train dataset (num_proc=1):  16%|█▌        | 23939/153903 [00:44<02:30, 862.72 examples/s]
Tokenizing train dataset (num_proc=1):  16%|█▌        | 24040/153903 [00:44<02:43, 793.78 examples/s]
Tokenizing train dataset (num_proc=1):  16%|█▌        | 24162/153903 [00:45<02:44, 789.35 examples/s]
Tokenizing train dataset (num_proc=1):  16%|█▌        | 24254/153903 [00:45<02:38, 816.27 examples/s]
Tokenizing train dataset (num_proc=1):  16%|█▌        | 24356/153903 [00:45<02:30, 862.46 examples/s]
Tokenizing train dataset (num_proc=1):  16%|█▌        | 24450/153903 [00:45<02:27, 877.66 examples/s]
Tokenizing train dataset (num_proc=1):  16%|█▌        | 24581/153903 [00:45<02:28, 871.85 examples/s]
Tokenizing train dataset (num_proc=1):  16%|█▌        | 24672/153903 [00:45<02:27, 876.79 examples/s]
Tokenizing train dataset (num_proc=1):  16%|█▌        | 24780/153903 [00:45<02:19, 926.83 examples/s]
Tokenizing train dataset (num_proc=1):  16%|█▌        | 24902/153903 [00:45<02:26, 880.26 examples/s]
Tokenizing train dataset (num_proc=1):  16%|█▌        | 25001/153903 [00:46<02:41, 800.54 examples/s]
Tokenizing train dataset (num_proc=1):  16%|█▋        | 25116/153903 [00:46<02:43, 786.83 examples/s]
Tokenizing train dataset (num_proc=1):  16%|█▋        | 25200/153903 [00:46<02:41, 795.41 examples/s]
Tokenizing train dataset (num_proc=1):  16%|█▋        | 25300/153903 [00:46<03:37, 591.80 examples/s]
Tokenizing train dataset (num_proc=1):  17%|█▋        | 25394/153903 [00:46<03:14, 661.09 examples/s]
Tokenizing train dataset (num_proc=1):  17%|█▋        | 25493/153903 [00:46<02:55, 732.00 examples/s]
Tokenizing train dataset (num_proc=1):  17%|█▋        | 25589/153903 [00:46<02:44, 780.82 examples/s]
Tokenizing train dataset (num_proc=1):  17%|█▋        | 25676/153903 [00:47<02:39, 802.97 examples/s]
Tokenizing train dataset (num_proc=1):  17%|█▋        | 25764/153903 [00:47<02:36, 820.32 examples/s]
Tokenizing train dataset (num_proc=1):  17%|█▋        | 25903/153903 [00:47<02:30, 847.95 examples/s]
Tokenizing train dataset (num_proc=1):  17%|█▋        | 26002/153903 [00:47<02:44, 779.47 examples/s]
Tokenizing train dataset (num_proc=1):  17%|█▋        | 26086/153903 [00:47<02:41, 791.12 examples/s]
Tokenizing train dataset (num_proc=1):  17%|█▋        | 26179/153903 [00:47<02:35, 822.24 examples/s]
Tokenizing train dataset (num_proc=1):  17%|█▋        | 26278/153903 [00:47<02:27, 866.23 examples/s]
Tokenizing train dataset (num_proc=1):  17%|█▋        | 26370/153903 [00:47<02:25, 877.32 examples/s]
Tokenizing train dataset (num_proc=1):  17%|█▋        | 26465/153903 [00:47<02:21, 897.53 examples/s]
Tokenizing train dataset (num_proc=1):  17%|█▋        | 26561/153903 [00:48<02:19, 909.89 examples/s]
Tokenizing train dataset (num_proc=1):  17%|█▋        | 26692/153903 [00:48<02:22, 893.75 examples/s]
Tokenizing train dataset (num_proc=1):  17%|█▋        | 26800/153903 [00:48<02:15, 939.91 examples/s]
Tokenizing train dataset (num_proc=1):  17%|█▋        | 26897/153903 [00:48<02:15, 939.94 examples/s]
Tokenizing train dataset (num_proc=1):  18%|█▊        | 26994/153903 [00:48<02:14, 943.85 examples/s]
Tokenizing train dataset (num_proc=1):  18%|█▊        | 27104/153903 [00:48<02:27, 857.75 examples/s]
Tokenizing train dataset (num_proc=1):  18%|█▊        | 27193/153903 [00:48<02:26, 863.16 examples/s]
Tokenizing train dataset (num_proc=1):  18%|█▊        | 27322/153903 [00:48<02:26, 861.43 examples/s]
Tokenizing train dataset (num_proc=1):  18%|█▊        | 27411/153903 [00:48<02:26, 865.45 examples/s]
Tokenizing train dataset (num_proc=1):  18%|█▊        | 27501/153903 [00:49<02:25, 868.71 examples/s]
Tokenizing train dataset (num_proc=1):  18%|█▊        | 27592/153903 [00:49<02:24, 876.98 examples/s]
Tokenizing train dataset (num_proc=1):  18%|█▊        | 27723/153903 [00:49<02:25, 869.81 examples/s]
Tokenizing train dataset (num_proc=1):  18%|█▊        | 27846/153903 [00:49<02:29, 845.88 examples/s]
Tokenizing train dataset (num_proc=1):  18%|█▊        | 27968/153903 [00:49<02:31, 832.93 examples/s]
Tokenizing train dataset (num_proc=1):  18%|█▊        | 28053/153903 [00:49<02:34, 815.70 examples/s]
Tokenizing train dataset (num_proc=1):  18%|█▊        | 28144/153903 [00:49<02:30, 835.52 examples/s]
Tokenizing train dataset (num_proc=1):  18%|█▊        | 28234/153903 [00:49<02:27, 849.13 examples/s]
Tokenizing train dataset (num_proc=1):  18%|█▊        | 28329/153903 [00:50<02:23, 872.89 examples/s]
Tokenizing train dataset (num_proc=1):  18%|█▊        | 28455/153903 [00:50<02:27, 852.70 examples/s]
Tokenizing train dataset (num_proc=1):  19%|█▊        | 28544/153903 [00:50<02:25, 861.87 examples/s]
Tokenizing train dataset (num_proc=1):  19%|█▊        | 28654/153903 [00:50<02:15, 922.22 examples/s]
Tokenizing train dataset (num_proc=1):  19%|█▊        | 28750/153903 [00:50<02:14, 929.08 examples/s]
Tokenizing train dataset (num_proc=1):  19%|█▉        | 28864/153903 [00:50<02:07, 984.26 examples/s]
Tokenizing train dataset (num_proc=1):  19%|█▉        | 28973/153903 [00:50<02:03, 1010.84 examples/s]
Tokenizing train dataset (num_proc=1):  19%|█▉        | 29107/153903 [00:50<02:10, 957.76 examples/s] 
Tokenizing train dataset (num_proc=1):  19%|█▉        | 29270/153903 [00:51<02:04, 1003.05 examples/s]
Tokenizing train dataset (num_proc=1):  19%|█▉        | 29387/153903 [00:51<01:59, 1039.39 examples/s]
Tokenizing train dataset (num_proc=1):  19%|█▉        | 29504/153903 [00:51<01:56, 1068.51 examples/s]
Tokenizing train dataset (num_proc=1):  19%|█▉        | 29625/153903 [00:51<01:53, 1094.22 examples/s]
Tokenizing train dataset (num_proc=1):  19%|█▉        | 29742/153903 [00:51<01:51, 1111.08 examples/s]
Tokenizing train dataset (num_proc=1):  19%|█▉        | 29907/153903 [00:51<01:52, 1100.44 examples/s]
Tokenizing train dataset (num_proc=1):  20%|█▉        | 30056/153903 [00:51<02:00, 1028.02 examples/s]
Tokenizing train dataset (num_proc=1):  20%|█▉        | 30212/153903 [00:51<02:01, 1021.62 examples/s]
Tokenizing train dataset (num_proc=1):  20%|█▉        | 30316/153903 [00:52<02:00, 1024.41 examples/s]
Tokenizing train dataset (num_proc=1):  20%|█▉        | 30430/153903 [00:52<01:57, 1051.20 examples/s]
Tokenizing train dataset (num_proc=1):  20%|█▉        | 30562/153903 [00:52<02:04, 989.69 examples/s] 
Tokenizing train dataset (num_proc=1):  20%|█▉        | 30709/153903 [00:52<02:05, 981.33 examples/s]
Tokenizing train dataset (num_proc=1):  20%|██        | 30814/153903 [00:52<02:19, 884.65 examples/s]
Tokenizing train dataset (num_proc=1):  20%|██        | 30917/153903 [00:52<02:29, 822.03 examples/s]
Tokenizing train dataset (num_proc=1):  20%|██        | 31011/153903 [00:52<02:42, 754.69 examples/s]
Tokenizing train dataset (num_proc=1):  20%|██        | 31125/153903 [00:53<02:43, 751.58 examples/s]
Tokenizing train dataset (num_proc=1):  20%|██        | 31204/153903 [00:53<02:41, 760.05 examples/s]
Tokenizing train dataset (num_proc=1):  20%|██        | 31298/153903 [00:53<02:33, 801.23 examples/s]
Tokenizing train dataset (num_proc=1):  20%|██        | 31389/153903 [00:53<02:29, 820.12 examples/s]
Tokenizing train dataset (num_proc=1):  20%|██        | 31475/153903 [00:53<02:27, 829.57 examples/s]
Tokenizing train dataset (num_proc=1):  21%|██        | 31564/153903 [00:53<02:25, 842.70 examples/s]
Tokenizing train dataset (num_proc=1):  21%|██        | 31655/153903 [00:53<02:22, 857.79 examples/s]
Tokenizing train dataset (num_proc=1):  21%|██        | 31786/153903 [00:53<02:22, 858.56 examples/s]
Tokenizing train dataset (num_proc=1):  21%|██        | 31878/153903 [00:53<02:20, 870.21 examples/s]
Tokenizing train dataset (num_proc=1):  21%|██        | 31993/153903 [00:54<02:28, 821.89 examples/s]
Tokenizing train dataset (num_proc=1):  21%|██        | 32095/153903 [00:54<02:38, 770.18 examples/s]
Tokenizing train dataset (num_proc=1):  21%|██        | 32186/153903 [00:54<02:32, 796.53 examples/s]
Tokenizing train dataset (num_proc=1):  21%|██        | 32281/153903 [00:54<02:25, 834.04 examples/s]
Tokenizing train dataset (num_proc=1):  21%|██        | 32374/153903 [00:54<02:21, 858.84 examples/s]
Tokenizing train dataset (num_proc=1):  21%|██        | 32498/153903 [00:54<02:25, 837.26 examples/s]
Tokenizing train dataset (num_proc=1):  21%|██        | 32593/153903 [00:54<02:20, 860.76 examples/s]
Tokenizing train dataset (num_proc=1):  21%|██▏       | 32722/153903 [00:54<02:21, 857.20 examples/s]
Tokenizing train dataset (num_proc=1):  21%|██▏       | 32812/153903 [00:55<02:20, 859.52 examples/s]
Tokenizing train dataset (num_proc=1):  21%|██▏       | 32899/153903 [00:55<02:20, 859.49 examples/s]
Tokenizing train dataset (num_proc=1):  21%|██▏       | 32991/153903 [00:55<02:18, 870.06 examples/s]
Tokenizing train dataset (num_proc=1):  22%|██▏       | 33101/153903 [00:55<02:27, 818.55 examples/s]
Tokenizing train dataset (num_proc=1):  22%|██▏       | 33210/153903 [00:55<02:34, 782.63 examples/s]
Tokenizing train dataset (num_proc=1):  22%|██▏       | 33336/153903 [00:55<02:30, 801.73 examples/s]
Tokenizing train dataset (num_proc=1):  22%|██▏       | 33465/153903 [00:55<02:27, 815.38 examples/s]
Tokenizing train dataset (num_proc=1):  22%|██▏       | 33551/153903 [00:55<02:26, 823.37 examples/s]
Tokenizing train dataset (num_proc=1):  22%|██▏       | 33645/153903 [00:56<02:21, 850.92 examples/s]
Tokenizing train dataset (num_proc=1):  22%|██▏       | 33743/153903 [00:56<02:16, 880.66 examples/s]
Tokenizing train dataset (num_proc=1):  22%|██▏       | 33869/153903 [00:56<02:19, 861.92 examples/s]
Tokenizing train dataset (num_proc=1):  22%|██▏       | 33970/153903 [00:56<02:14, 892.00 examples/s]
Tokenizing train dataset (num_proc=1):  22%|██▏       | 34088/153903 [00:56<02:28, 807.08 examples/s]
Tokenizing train dataset (num_proc=1):  22%|██▏       | 34173/153903 [00:56<02:26, 815.75 examples/s]
Tokenizing train dataset (num_proc=1):  22%|██▏       | 34289/153903 [00:56<02:29, 798.14 examples/s]
Tokenizing train dataset (num_proc=1):  22%|██▏       | 34376/153903 [00:56<02:27, 811.55 examples/s]
Tokenizing train dataset (num_proc=1):  22%|██▏       | 34469/153903 [00:57<02:23, 834.56 examples/s]
Tokenizing train dataset (num_proc=1):  22%|██▏       | 34557/153903 [00:57<02:21, 842.76 examples/s]
Tokenizing train dataset (num_proc=1):  23%|██▎       | 34656/153903 [00:57<02:15, 877.32 examples/s]
Tokenizing train dataset (num_proc=1):  23%|██▎       | 34790/153903 [00:57<02:15, 877.52 examples/s]
Tokenizing train dataset (num_proc=1):  23%|██▎       | 34892/153903 [00:57<02:10, 910.46 examples/s]
Tokenizing train dataset (num_proc=1):  23%|██▎       | 35000/153903 [00:57<02:25, 818.91 examples/s]
Tokenizing train dataset (num_proc=1):  23%|██▎       | 35106/153903 [00:57<02:15, 874.14 examples/s]
Tokenizing train dataset (num_proc=1):  23%|██▎       | 35240/153903 [00:57<02:15, 875.59 examples/s]
Tokenizing train dataset (num_proc=1):  23%|██▎       | 35336/153903 [00:58<02:12, 895.10 examples/s]
Tokenizing train dataset (num_proc=1):  23%|██▎       | 35428/153903 [00:58<02:12, 896.16 examples/s]
Tokenizing train dataset (num_proc=1):  23%|██▎       | 35550/153903 [00:58<02:17, 863.34 examples/s]
Tokenizing train dataset (num_proc=1):  23%|██▎       | 35684/153903 [00:58<02:15, 870.25 examples/s]
Tokenizing train dataset (num_proc=1):  23%|██▎       | 35803/153903 [00:58<02:20, 840.77 examples/s]
Tokenizing train dataset (num_proc=1):  23%|██▎       | 35901/153903 [00:58<02:15, 868.70 examples/s]
Tokenizing train dataset (num_proc=1):  23%|██▎       | 35991/153903 [00:58<02:14, 875.25 examples/s]
Tokenizing train dataset (num_proc=1):  23%|██▎       | 36103/153903 [00:58<02:22, 824.21 examples/s]
Tokenizing train dataset (num_proc=1):  24%|██▎       | 36192/153903 [00:59<02:20, 836.04 examples/s]
Tokenizing train dataset (num_proc=1):  24%|██▎       | 36286/153903 [00:59<02:17, 857.40 examples/s]
Tokenizing train dataset (num_proc=1):  24%|██▎       | 36374/153903 [00:59<02:16, 859.11 examples/s]
Tokenizing train dataset (num_proc=1):  24%|██▎       | 36480/153903 [00:59<02:10, 903.07 examples/s]
Tokenizing train dataset (num_proc=1):  24%|██▍       | 36572/153903 [00:59<02:10, 902.35 examples/s]
Tokenizing train dataset (num_proc=1):  24%|██▍       | 36697/153903 [00:59<02:14, 871.44 examples/s]
Tokenizing train dataset (num_proc=1):  24%|██▍       | 36830/153903 [00:59<02:14, 872.12 examples/s]
Tokenizing train dataset (num_proc=1):  24%|██▍       | 36959/153903 [00:59<02:15, 860.36 examples/s]
Tokenizing train dataset (num_proc=1):  24%|██▍       | 37084/153903 [01:00<02:21, 825.69 examples/s]
Tokenizing train dataset (num_proc=1):  24%|██▍       | 37223/153903 [01:00<02:17, 846.84 examples/s]
Tokenizing train dataset (num_proc=1):  24%|██▍       | 37315/153903 [01:00<02:15, 858.41 examples/s]
Tokenizing train dataset (num_proc=1):  24%|██▍       | 37438/153903 [01:00<02:19, 837.62 examples/s]
Tokenizing train dataset (num_proc=1):  24%|██▍       | 37559/153903 [01:00<02:21, 823.24 examples/s]
Tokenizing train dataset (num_proc=1):  24%|██▍       | 37647/153903 [01:00<02:19, 833.61 examples/s]
Tokenizing train dataset (num_proc=1):  25%|██▍       | 37736/153903 [01:00<02:18, 841.54 examples/s]
Tokenizing train dataset (num_proc=1):  25%|██▍       | 37859/153903 [01:00<02:19, 832.40 examples/s]
Tokenizing train dataset (num_proc=1):  25%|██▍       | 37958/153903 [01:01<02:13, 870.38 examples/s]
Tokenizing train dataset (num_proc=1):  25%|██▍       | 38052/153903 [01:01<02:19, 832.34 examples/s]
Tokenizing train dataset (num_proc=1):  25%|██▍       | 38154/153903 [01:01<02:11, 877.34 examples/s]
Tokenizing train dataset (num_proc=1):  25%|██▍       | 38251/153903 [01:01<02:09, 893.35 examples/s]
Tokenizing train dataset (num_proc=1):  25%|██▍       | 38356/153903 [01:01<02:04, 929.10 examples/s]
Tokenizing train dataset (num_proc=1):  25%|██▌       | 38494/153903 [01:01<02:05, 920.85 examples/s]
Tokenizing train dataset (num_proc=1):  25%|██▌       | 38616/153903 [01:01<02:11, 879.26 examples/s]
Tokenizing train dataset (num_proc=1):  25%|██▌       | 38719/153903 [01:01<02:05, 914.47 examples/s]
Tokenizing train dataset (num_proc=1):  25%|██▌       | 38853/153903 [01:02<02:07, 903.77 examples/s]
Tokenizing train dataset (num_proc=1):  25%|██▌       | 38984/153903 [01:02<02:09, 884.98 examples/s]
Tokenizing train dataset (num_proc=1):  25%|██▌       | 39106/153903 [01:02<02:14, 853.66 examples/s]
Tokenizing train dataset (num_proc=1):  25%|██▌       | 39196/153903 [01:02<02:13, 860.21 examples/s]
Tokenizing train dataset (num_proc=1):  26%|██▌       | 39319/153903 [01:02<02:16, 839.97 examples/s]
Tokenizing train dataset (num_proc=1):  26%|██▌       | 39407/153903 [01:02<02:15, 846.47 examples/s]
Tokenizing train dataset (num_proc=1):  26%|██▌       | 39528/153903 [01:02<02:18, 826.84 examples/s]
Tokenizing train dataset (num_proc=1):  26%|██▌       | 39620/153903 [01:02<02:15, 846.14 examples/s]
Tokenizing train dataset (num_proc=1):  26%|██▌       | 39739/153903 [01:03<02:03, 927.14 examples/s]
Tokenizing train dataset (num_proc=1):  26%|██▌       | 39851/153903 [01:03<01:57, 974.19 examples/s]
Tokenizing train dataset (num_proc=1):  26%|██▌       | 39961/153903 [01:03<01:53, 1004.21 examples/s]
Tokenizing train dataset (num_proc=1):  26%|██▌       | 40105/153903 [01:03<01:59, 956.26 examples/s] 
Tokenizing train dataset (num_proc=1):  26%|██▌       | 40217/153903 [01:03<01:54, 991.13 examples/s]
Tokenizing train dataset (num_proc=1):  26%|██▌       | 40327/153903 [01:03<01:51, 1014.27 examples/s]
Tokenizing train dataset (num_proc=1):  26%|██▋       | 40432/153903 [01:03<01:51, 1017.38 examples/s]
Tokenizing train dataset (num_proc=1):  26%|██▋       | 40553/153903 [01:03<01:46, 1061.31 examples/s]
Tokenizing train dataset (num_proc=1):  26%|██▋       | 40714/153903 [01:04<01:47, 1055.76 examples/s]
Tokenizing train dataset (num_proc=1):  27%|██▋       | 40835/153903 [01:04<01:43, 1092.78 examples/s]
Tokenizing train dataset (num_proc=1):  27%|██▋       | 40947/153903 [01:04<01:43, 1092.34 examples/s]
Tokenizing train dataset (num_proc=1):  27%|██▋       | 41079/153903 [01:04<01:51, 1009.76 examples/s]
Tokenizing train dataset (num_proc=1):  27%|██▋       | 41239/153903 [01:04<01:49, 1027.53 examples/s]
Tokenizing train dataset (num_proc=1):  27%|██▋       | 41385/153903 [01:04<01:51, 1006.37 examples/s]
Tokenizing train dataset (num_proc=1):  27%|██▋       | 41490/153903 [01:04<01:51, 1010.77 examples/s]
Tokenizing train dataset (num_proc=1):  27%|██▋       | 41610/153903 [01:04<01:46, 1053.18 examples/s]
Tokenizing train dataset (num_proc=1):  27%|██▋       | 41724/153903 [01:04<01:44, 1070.80 examples/s]
Tokenizing train dataset (num_proc=1):  27%|██▋       | 41846/153903 [01:05<01:41, 1101.56 examples/s]
Tokenizing train dataset (num_proc=1):  27%|██▋       | 42000/153903 [01:05<01:50, 1015.84 examples/s]
Tokenizing train dataset (num_proc=1):  27%|██▋       | 42131/153903 [01:05<02:20, 795.56 examples/s] 
Tokenizing train dataset (num_proc=1):  27%|██▋       | 42233/153903 [01:05<02:13, 837.30 examples/s]
Tokenizing train dataset (num_proc=1):  28%|██▊       | 42329/153903 [01:05<02:09, 860.48 examples/s]
Tokenizing train dataset (num_proc=1):  28%|██▊       | 42438/153903 [01:05<02:01, 915.14 examples/s]
Tokenizing train dataset (num_proc=1):  28%|██▊       | 42544/153903 [01:05<01:57, 944.74 examples/s]
Tokenizing train dataset (num_proc=1):  28%|██▊       | 42659/153903 [01:06<01:51, 994.25 examples/s]
Tokenizing train dataset (num_proc=1):  28%|██▊       | 42769/153903 [01:06<01:48, 1022.54 examples/s]
Tokenizing train dataset (num_proc=1):  28%|██▊       | 42885/153903 [01:06<01:45, 1056.62 examples/s]
Tokenizing train dataset (num_proc=1):  28%|██▊       | 42995/153903 [01:06<01:43, 1067.08 examples/s]
Tokenizing train dataset (num_proc=1):  28%|██▊       | 43122/153903 [01:06<01:53, 977.58 examples/s] 
Tokenizing train dataset (num_proc=1):  28%|██▊       | 43236/153903 [01:06<01:49, 1012.89 examples/s]
Tokenizing train dataset (num_proc=1):  28%|██▊       | 43347/153903 [01:06<01:46, 1037.15 examples/s]
Tokenizing train dataset (num_proc=1):  28%|██▊       | 43453/153903 [01:06<01:46, 1039.29 examples/s]
Tokenizing train dataset (num_proc=1):  28%|██▊       | 43571/153903 [01:06<01:42, 1073.93 examples/s]
Tokenizing train dataset (num_proc=1):  28%|██▊       | 43697/153903 [01:06<01:38, 1122.30 examples/s]
Tokenizing train dataset (num_proc=1):  28%|██▊       | 43811/153903 [01:07<01:38, 1121.96 examples/s]
Tokenizing train dataset (num_proc=1):  29%|██▊       | 43928/153903 [01:07<01:36, 1133.80 examples/s]
Tokenizing train dataset (num_proc=1):  29%|██▊       | 44079/153903 [01:07<01:41, 1079.69 examples/s]
Tokenizing train dataset (num_proc=1):  29%|██▊       | 44203/153903 [01:07<01:37, 1121.83 examples/s]
Tokenizing train dataset (num_proc=1):  29%|██▉       | 44366/153903 [01:07<01:39, 1105.82 examples/s]
Tokenizing train dataset (num_proc=1):  29%|██▉       | 44493/153903 [01:07<01:48, 1010.54 examples/s]
Tokenizing train dataset (num_proc=1):  29%|██▉       | 44608/153903 [01:07<01:58, 919.50 examples/s] 
Tokenizing train dataset (num_proc=1):  29%|██▉       | 44750/153903 [01:08<01:58, 924.60 examples/s]
Tokenizing train dataset (num_proc=1):  29%|██▉       | 44861/153903 [01:08<01:53, 963.89 examples/s]
Tokenizing train dataset (num_proc=1):  29%|██▉       | 44975/153903 [01:08<02:16, 798.94 examples/s]
Tokenizing train dataset (num_proc=1):  29%|██▉       | 45075/153903 [01:08<02:37, 689.46 examples/s]
Tokenizing train dataset (num_proc=1):  29%|██▉       | 45172/153903 [01:08<02:41, 673.00 examples/s]
Tokenizing train dataset (num_proc=1):  29%|██▉       | 45244/153903 [01:08<02:39, 680.86 examples/s]
Tokenizing train dataset (num_proc=1):  29%|██▉       | 45317/153903 [01:08<02:37, 687.46 examples/s]
Tokenizing train dataset (num_proc=1):  30%|██▉       | 45418/153903 [01:09<02:39, 680.07 examples/s]
Tokenizing train dataset (num_proc=1):  30%|██▉       | 45490/153903 [01:09<02:37, 687.73 examples/s]
Tokenizing train dataset (num_proc=1):  30%|██▉       | 45572/153903 [01:09<02:30, 718.17 examples/s]
Tokenizing train dataset (num_proc=1):  30%|██▉       | 45660/153903 [01:09<02:22, 757.35 examples/s]
Tokenizing train dataset (num_proc=1):  30%|██▉       | 45747/153903 [01:09<02:17, 783.82 examples/s]
Tokenizing train dataset (num_proc=1):  30%|██▉       | 45873/153903 [01:09<02:15, 799.07 examples/s]
Tokenizing train dataset (num_proc=1):  30%|██▉       | 45959/153903 [01:09<02:12, 813.56 examples/s]
Tokenizing train dataset (num_proc=1):  30%|██▉       | 46077/153903 [01:09<02:25, 741.12 examples/s]
Tokenizing train dataset (num_proc=1):  30%|███       | 46173/153903 [01:10<02:16, 788.85 examples/s]
Tokenizing train dataset (num_proc=1):  30%|███       | 46291/153903 [01:10<02:17, 780.18 examples/s]
Tokenizing train dataset (num_proc=1):  30%|███       | 46401/153903 [01:10<02:20, 762.43 examples/s]
Tokenizing train dataset (num_proc=1):  30%|███       | 46488/153903 [01:10<02:17, 783.90 examples/s]
Tokenizing train dataset (num_proc=1):  30%|███       | 46583/153903 [01:10<02:10, 821.50 examples/s]
Tokenizing train dataset (num_proc=1):  30%|███       | 46678/153903 [01:10<02:06, 850.31 examples/s]
Tokenizing train dataset (num_proc=1):  30%|███       | 46794/153903 [01:10<02:10, 820.93 examples/s]
Tokenizing train dataset (num_proc=1):  30%|███       | 46886/153903 [01:10<02:07, 840.13 examples/s]
Tokenizing train dataset (num_proc=1):  31%|███       | 47000/153903 [01:11<02:20, 763.42 examples/s]
Tokenizing train dataset (num_proc=1):  31%|███       | 47101/153903 [01:11<02:26, 728.92 examples/s]
Tokenizing train dataset (num_proc=1):  31%|███       | 47210/153903 [01:11<02:27, 725.74 examples/s]
Tokenizing train dataset (num_proc=1):  31%|███       | 47285/153903 [01:11<02:26, 725.60 examples/s]
Tokenizing train dataset (num_proc=1):  31%|███       | 47385/153903 [01:11<02:31, 704.29 examples/s]
Tokenizing train dataset (num_proc=1):  31%|███       | 47463/153903 [01:11<02:27, 720.87 examples/s]
Tokenizing train dataset (num_proc=1):  31%|███       | 47541/153903 [01:11<02:25, 730.45 examples/s]
Tokenizing train dataset (num_proc=1):  31%|███       | 47615/153903 [01:11<02:25, 728.26 examples/s]
Tokenizing train dataset (num_proc=1):  31%|███       | 47707/153903 [01:12<02:16, 777.36 examples/s]
Tokenizing train dataset (num_proc=1):  31%|███       | 47787/153903 [01:12<02:17, 773.42 examples/s]
Tokenizing train dataset (num_proc=1):  31%|███       | 47891/153903 [01:12<02:23, 738.52 examples/s]
Tokenizing train dataset (num_proc=1):  31%|███       | 47981/153903 [01:12<02:16, 778.71 examples/s]
Tokenizing train dataset (num_proc=1):  31%|███       | 48088/153903 [01:12<02:20, 751.08 examples/s]
Tokenizing train dataset (num_proc=1):  31%|███▏      | 48178/153903 [01:12<02:14, 785.67 examples/s]
Tokenizing train dataset (num_proc=1):  31%|███▏      | 48268/153903 [01:12<02:09, 813.04 examples/s]
Tokenizing train dataset (num_proc=1):  31%|███▏      | 48394/153903 [01:12<02:09, 817.00 examples/s]
Tokenizing train dataset (num_proc=1):  32%|███▏      | 48516/153903 [01:13<02:11, 804.18 examples/s]
Tokenizing train dataset (num_proc=1):  32%|███▏      | 48636/153903 [01:13<02:11, 799.84 examples/s]
Tokenizing train dataset (num_proc=1):  32%|███▏      | 48720/153903 [01:13<02:10, 807.76 examples/s]
Tokenizing train dataset (num_proc=1):  32%|███▏      | 48822/153903 [01:13<02:02, 856.42 examples/s]
Tokenizing train dataset (num_proc=1):  32%|███▏      | 48927/153903 [01:13<01:55, 905.84 examples/s]
Tokenizing train dataset (num_proc=1):  32%|███▏      | 49050/153903 [01:13<02:06, 830.64 examples/s]
Tokenizing train dataset (num_proc=1):  32%|███▏      | 49142/153903 [01:13<02:03, 850.52 examples/s]
Tokenizing train dataset (num_proc=1):  32%|███▏      | 49263/153903 [01:13<02:06, 829.35 examples/s]
Tokenizing train dataset (num_proc=1):  32%|███▏      | 49379/153903 [01:14<02:10, 802.18 examples/s]
Tokenizing train dataset (num_proc=1):  32%|███▏      | 49497/153903 [01:14<02:12, 788.60 examples/s]
Tokenizing train dataset (num_proc=1):  32%|███▏      | 49596/153903 [01:14<02:20, 742.37 examples/s]
Tokenizing train dataset (num_proc=1):  32%|███▏      | 49697/153903 [01:14<02:25, 717.90 examples/s]
Tokenizing train dataset (num_proc=1):  32%|███▏      | 49784/153903 [01:14<02:35, 671.69 examples/s]
Tokenizing train dataset (num_proc=1):  32%|███▏      | 49874/153903 [01:14<02:40, 647.75 examples/s]
Tokenizing train dataset (num_proc=1):  32%|███▏      | 49940/153903 [01:14<02:40, 645.84 examples/s]
Tokenizing train dataset (num_proc=1):  33%|███▎      | 50042/153903 [01:15<02:41, 642.92 examples/s]
Tokenizing train dataset (num_proc=1):  33%|███▎      | 50122/153903 [01:15<02:33, 676.13 examples/s]
Tokenizing train dataset (num_proc=1):  33%|███▎      | 50201/153903 [01:15<02:27, 702.13 examples/s]
Tokenizing train dataset (num_proc=1):  33%|███▎      | 50294/153903 [01:15<02:17, 755.50 examples/s]
Tokenizing train dataset (num_proc=1):  33%|███▎      | 50418/153903 [01:15<02:12, 780.21 examples/s]
Tokenizing train dataset (num_proc=1):  33%|███▎      | 50514/153903 [01:15<02:06, 818.15 examples/s]
Tokenizing train dataset (num_proc=1):  33%|███▎      | 50627/153903 [01:15<02:10, 792.62 examples/s]
Tokenizing train dataset (num_proc=1):  33%|███▎      | 50735/153903 [01:15<02:14, 767.14 examples/s]
Tokenizing train dataset (num_proc=1):  33%|███▎      | 50813/153903 [01:16<02:14, 764.28 examples/s]
Tokenizing train dataset (num_proc=1):  33%|███▎      | 50932/153903 [01:16<02:13, 772.43 examples/s]
Tokenizing train dataset (num_proc=1):  33%|███▎      | 51038/153903 [01:16<02:24, 710.31 examples/s]
Tokenizing train dataset (num_proc=1):  33%|███▎      | 51126/153903 [01:16<02:18, 742.36 examples/s]
Tokenizing train dataset (num_proc=1):  33%|███▎      | 51260/153903 [01:16<02:09, 791.42 examples/s]
Tokenizing train dataset (num_proc=1):  33%|███▎      | 51354/153903 [01:16<02:04, 820.63 examples/s]
Tokenizing train dataset (num_proc=1):  33%|███▎      | 51483/153903 [01:16<02:03, 831.11 examples/s]
Tokenizing train dataset (num_proc=1):  34%|███▎      | 51577/153903 [01:17<01:59, 853.23 examples/s]
Tokenizing train dataset (num_proc=1):  34%|███▎      | 51669/153903 [01:17<01:57, 866.49 examples/s]
Tokenizing train dataset (num_proc=1):  34%|███▎      | 51788/153903 [01:17<02:02, 832.95 examples/s]
Tokenizing train dataset (num_proc=1):  34%|███▎      | 51880/153903 [01:17<01:59, 852.73 examples/s]
Tokenizing train dataset (num_proc=1):  34%|███▍      | 51970/153903 [01:17<01:59, 851.14 examples/s]
Tokenizing train dataset (num_proc=1):  34%|███▍      | 52092/153903 [01:17<02:09, 785.13 examples/s]
Tokenizing train dataset (num_proc=1):  34%|███▍      | 52184/153903 [01:17<02:04, 814.26 examples/s]
Tokenizing train dataset (num_proc=1):  34%|███▍      | 52277/153903 [01:17<02:00, 840.82 examples/s]
Tokenizing train dataset (num_proc=1):  34%|███▍      | 52364/153903 [01:17<01:59, 846.56 examples/s]
Tokenizing train dataset (num_proc=1):  34%|███▍      | 52506/153903 [01:18<01:55, 878.94 examples/s]
Tokenizing train dataset (num_proc=1):  34%|███▍      | 52597/153903 [01:18<01:54, 884.46 examples/s]
Tokenizing train dataset (num_proc=1):  34%|███▍      | 52695/153903 [01:18<01:51, 907.97 examples/s]
Tokenizing train dataset (num_proc=1):  34%|███▍      | 52794/153903 [01:18<01:49, 923.15 examples/s]
Tokenizing train dataset (num_proc=1):  34%|███▍      | 52934/153903 [01:18<01:49, 919.66 examples/s]
Tokenizing train dataset (num_proc=1):  34%|███▍      | 53046/153903 [01:18<02:03, 819.18 examples/s]
Tokenizing train dataset (num_proc=1):  35%|███▍      | 53164/153903 [01:18<02:05, 804.77 examples/s]
Tokenizing train dataset (num_proc=1):  35%|███▍      | 53255/153903 [01:18<02:01, 827.21 examples/s]
Tokenizing train dataset (num_proc=1):  35%|███▍      | 53344/153903 [01:19<01:59, 840.69 examples/s]
Tokenizing train dataset (num_proc=1):  35%|███▍      | 53459/153903 [01:19<02:04, 809.26 examples/s]
Tokenizing train dataset (num_proc=1):  35%|███▍      | 53547/153903 [01:19<02:01, 826.07 examples/s]
Tokenizing train dataset (num_proc=1):  35%|███▍      | 53637/153903 [01:19<01:58, 844.26 examples/s]
Tokenizing train dataset (num_proc=1):  35%|███▍      | 53724/153903 [01:19<01:58, 847.98 examples/s]
Tokenizing train dataset (num_proc=1):  35%|███▍      | 53815/153903 [01:19<01:55, 863.64 examples/s]
Tokenizing train dataset (num_proc=1):  35%|███▌      | 53946/153903 [01:19<01:55, 863.86 examples/s]
Tokenizing train dataset (num_proc=1):  35%|███▌      | 54043/153903 [01:19<02:07, 785.59 examples/s]
Tokenizing train dataset (num_proc=1):  35%|███▌      | 54137/153903 [01:20<02:01, 819.12 examples/s]
Tokenizing train dataset (num_proc=1):  35%|███▌      | 54228/153903 [01:20<01:58, 839.84 examples/s]
Tokenizing train dataset (num_proc=1):  35%|███▌      | 54359/153903 [01:20<01:57, 847.16 examples/s]
Tokenizing train dataset (num_proc=1):  35%|███▌      | 54451/153903 [01:20<01:55, 861.92 examples/s]
Tokenizing train dataset (num_proc=1):  35%|███▌      | 54542/153903 [01:20<01:53, 873.10 examples/s]
Tokenizing train dataset (num_proc=1):  36%|███▌      | 54656/153903 [01:20<02:01, 819.90 examples/s]
Tokenizing train dataset (num_proc=1):  36%|███▌      | 54766/153903 [01:20<02:06, 784.43 examples/s]
Tokenizing train dataset (num_proc=1):  36%|███▌      | 54865/153903 [01:20<01:59, 830.89 examples/s]
Tokenizing train dataset (num_proc=1):  36%|███▌      | 54955/153903 [01:21<01:57, 842.23 examples/s]
Tokenizing train dataset (num_proc=1):  36%|███▌      | 55052/153903 [01:21<02:08, 766.65 examples/s]
Tokenizing train dataset (num_proc=1):  36%|███▌      | 55144/153903 [01:21<02:02, 804.90 examples/s]
Tokenizing train dataset (num_proc=1):  36%|███▌      | 55238/153903 [01:21<01:57, 839.89 examples/s]
Tokenizing train dataset (num_proc=1):  36%|███▌      | 55352/153903 [01:21<02:02, 804.05 examples/s]
Tokenizing train dataset (num_proc=1):  36%|███▌      | 55435/153903 [01:21<02:01, 807.83 examples/s]
Tokenizing train dataset (num_proc=1):  36%|███▌      | 55524/153903 [01:21<01:59, 822.34 examples/s]
Tokenizing train dataset (num_proc=1):  36%|███▌      | 55628/153903 [01:21<01:51, 878.57 examples/s]
Tokenizing train dataset (num_proc=1):  36%|███▌      | 55720/153903 [01:21<01:50, 887.24 examples/s]
Tokenizing train dataset (num_proc=1):  36%|███▋      | 55812/153903 [01:22<01:49, 894.77 examples/s]
Tokenizing train dataset (num_proc=1):  36%|███▋      | 55917/153903 [01:22<01:44, 936.22 examples/s]
Tokenizing train dataset (num_proc=1):  36%|███▋      | 56057/153903 [01:22<01:45, 930.65 examples/s]
Tokenizing train dataset (num_proc=1):  36%|███▋      | 56172/153903 [01:22<01:39, 981.20 examples/s]
Tokenizing train dataset (num_proc=1):  37%|███▋      | 56293/153903 [01:22<01:33, 1039.07 examples/s]
Tokenizing train dataset (num_proc=1):  37%|███▋      | 56411/153903 [01:22<01:30, 1077.37 examples/s]
Tokenizing train dataset (num_proc=1):  37%|███▋      | 56534/153903 [01:22<01:26, 1119.34 examples/s]
Tokenizing train dataset (num_proc=1):  37%|███▋      | 56700/153903 [01:22<01:28, 1100.84 examples/s]
Tokenizing train dataset (num_proc=1):  37%|███▋      | 56822/153903 [01:22<01:26, 1127.29 examples/s]
Tokenizing train dataset (num_proc=1):  37%|███▋      | 56984/153903 [01:23<01:27, 1102.75 examples/s]
Tokenizing train dataset (num_proc=1):  37%|███▋      | 57116/153903 [01:23<01:34, 1023.03 examples/s]
Tokenizing train dataset (num_proc=1):  37%|███▋      | 57250/153903 [01:23<01:39, 971.52 examples/s] 
Tokenizing train dataset (num_proc=1):  37%|███▋      | 57365/153903 [01:23<01:35, 1011.57 examples/s]
Tokenizing train dataset (num_proc=1):  37%|███▋      | 57476/153903 [01:23<01:33, 1031.32 examples/s]
Tokenizing train dataset (num_proc=1):  37%|███▋      | 57625/153903 [01:23<01:35, 1013.10 examples/s]
Tokenizing train dataset (num_proc=1):  38%|███▊      | 57781/153903 [01:23<01:34, 1020.07 examples/s]
Tokenizing train dataset (num_proc=1):  38%|███▊      | 57902/153903 [01:24<01:30, 1062.02 examples/s]
Tokenizing train dataset (num_proc=1):  38%|███▊      | 58060/153903 [01:24<01:31, 1043.95 examples/s]
Tokenizing train dataset (num_proc=1):  38%|███▊      | 58174/153903 [01:24<01:30, 1062.33 examples/s]
Tokenizing train dataset (num_proc=1):  38%|███▊      | 58328/153903 [01:24<01:31, 1044.65 examples/s]
Tokenizing train dataset (num_proc=1):  38%|███▊      | 58439/153903 [01:24<01:30, 1056.29 examples/s]
Tokenizing train dataset (num_proc=1):  38%|███▊      | 58549/153903 [01:24<01:29, 1060.18 examples/s]
Tokenizing train dataset (num_proc=1):  38%|███▊      | 58680/153903 [01:24<01:36, 989.27 examples/s] 
Tokenizing train dataset (num_proc=1):  38%|███▊      | 58790/153903 [01:25<02:09, 736.50 examples/s]
Tokenizing train dataset (num_proc=1):  38%|███▊      | 58904/153903 [01:25<01:56, 817.67 examples/s]
Tokenizing train dataset (num_proc=1):  38%|███▊      | 59000/153903 [01:25<01:54, 825.57 examples/s]
Tokenizing train dataset (num_proc=1):  38%|███▊      | 59111/153903 [01:25<01:46, 892.97 examples/s]
Tokenizing train dataset (num_proc=1):  39%|███▊      | 59256/153903 [01:25<01:44, 908.40 examples/s]
Tokenizing train dataset (num_proc=1):  39%|███▊      | 59356/153903 [01:25<01:41, 929.75 examples/s]
Tokenizing train dataset (num_proc=1):  39%|███▊      | 59465/153903 [01:25<01:37, 965.62 examples/s]
Tokenizing train dataset (num_proc=1):  39%|███▊      | 59621/153903 [01:25<01:35, 984.35 examples/s]
Tokenizing train dataset (num_proc=1):  39%|███▉      | 59745/153903 [01:25<01:30, 1040.49 examples/s]
Tokenizing train dataset (num_proc=1):  39%|███▉      | 59864/153903 [01:26<01:27, 1077.01 examples/s]
Tokenizing train dataset (num_proc=1):  39%|███▉      | 60002/153903 [01:26<01:32, 1018.62 examples/s]
Tokenizing train dataset (num_proc=1):  39%|███▉      | 60139/153903 [01:26<01:35, 977.97 examples/s] 
Tokenizing train dataset (num_proc=1):  39%|███▉      | 60251/153903 [01:26<01:33, 1005.05 examples/s]
Tokenizing train dataset (num_proc=1):  39%|███▉      | 60375/153903 [01:26<01:28, 1057.69 examples/s]
Tokenizing train dataset (num_proc=1):  39%|███▉      | 60486/153903 [01:26<01:27, 1066.36 examples/s]
Tokenizing train dataset (num_proc=1):  39%|███▉      | 60641/153903 [01:26<01:29, 1045.01 examples/s]
Tokenizing train dataset (num_proc=1):  39%|███▉      | 60757/153903 [01:26<01:27, 1069.63 examples/s]
Tokenizing train dataset (num_proc=1):  40%|███▉      | 60883/153903 [01:27<01:23, 1119.32 examples/s]
Tokenizing train dataset (num_proc=1):  40%|███▉      | 61000/153903 [01:28<07:44, 200.09 examples/s] 
Tokenizing train dataset (num_proc=1):  40%|███▉      | 61118/153903 [01:28<05:52, 263.50 examples/s]
Tokenizing train dataset (num_proc=1):  40%|███▉      | 61241/153903 [01:29<04:28, 344.62 examples/s]
Tokenizing train dataset (num_proc=1):  40%|███▉      | 61356/153903 [01:29<03:35, 430.21 examples/s]
Tokenizing train dataset (num_proc=1):  40%|███▉      | 61468/153903 [01:29<02:57, 520.00 examples/s]
Tokenizing train dataset (num_proc=1):  40%|████      | 61605/153903 [01:29<02:21, 653.98 examples/s]
Tokenizing train dataset (num_proc=1):  40%|████      | 61766/153903 [01:29<02:01, 758.12 examples/s]
Tokenizing train dataset (num_proc=1):  40%|████      | 61878/153903 [01:29<01:51, 826.90 examples/s]
Tokenizing train dataset (num_proc=1):  40%|████      | 61995/153903 [01:29<01:42, 899.20 examples/s]
Tokenizing train dataset (num_proc=1):  40%|████      | 62160/153903 [01:29<01:45, 866.68 examples/s]
Tokenizing train dataset (num_proc=1):  40%|████      | 62287/153903 [01:30<01:36, 950.77 examples/s]
Tokenizing train dataset (num_proc=1):  41%|████      | 62453/153903 [01:30<01:31, 996.17 examples/s]
Tokenizing train dataset (num_proc=1):  41%|████      | 62566/153903 [01:30<01:29, 1025.57 examples/s]
Tokenizing train dataset (num_proc=1):  41%|████      | 62709/153903 [01:30<01:31, 995.77 examples/s] 
Tokenizing train dataset (num_proc=1):  41%|████      | 62834/153903 [01:30<01:36, 940.62 examples/s]
Tokenizing train dataset (num_proc=1):  41%|████      | 62941/153903 [01:30<01:33, 967.98 examples/s]
Tokenizing train dataset (num_proc=1):  41%|████      | 63054/153903 [01:30<01:41, 892.95 examples/s]
Tokenizing train dataset (num_proc=1):  41%|████      | 63162/153903 [01:30<01:36, 936.64 examples/s]
Tokenizing train dataset (num_proc=1):  41%|████      | 63297/153903 [01:31<01:38, 918.98 examples/s]
Tokenizing train dataset (num_proc=1):  41%|████      | 63397/153903 [01:31<01:36, 934.11 examples/s]
Tokenizing train dataset (num_proc=1):  41%|████▏     | 63502/153903 [01:31<01:34, 956.96 examples/s]
Tokenizing train dataset (num_proc=1):  41%|████▏     | 63612/153903 [01:31<01:31, 988.69 examples/s]
Tokenizing train dataset (num_proc=1):  41%|████▏     | 63716/153903 [01:31<01:30, 994.95 examples/s]
Tokenizing train dataset (num_proc=1):  41%|████▏     | 63849/153903 [01:31<01:34, 952.04 examples/s]
Tokenizing train dataset (num_proc=1):  42%|████▏     | 63946/153903 [01:31<01:34, 954.80 examples/s]
Tokenizing train dataset (num_proc=1):  42%|████▏     | 64051/153903 [01:31<01:37, 917.15 examples/s]
Tokenizing train dataset (num_proc=1):  42%|████▏     | 64147/153903 [01:31<01:36, 927.80 examples/s]
Tokenizing train dataset (num_proc=1):  42%|████▏     | 64266/153903 [01:32<01:29, 998.53 examples/s]
Tokenizing train dataset (num_proc=1):  42%|████▏     | 64380/153903 [01:32<01:26, 1031.74 examples/s]
Tokenizing train dataset (num_proc=1):  42%|████▏     | 64503/153903 [01:32<01:22, 1082.82 examples/s]
Tokenizing train dataset (num_proc=1):  42%|████▏     | 64620/153903 [01:32<01:20, 1104.30 examples/s]
Tokenizing train dataset (num_proc=1):  42%|████▏     | 64734/153903 [01:32<01:20, 1107.73 examples/s]
Tokenizing train dataset (num_proc=1):  42%|████▏     | 64849/153903 [01:32<01:19, 1114.46 examples/s]
Tokenizing train dataset (num_proc=1):  42%|████▏     | 65000/153903 [01:32<01:26, 1033.22 examples/s]
Tokenizing train dataset (num_proc=1):  42%|████▏     | 65117/153903 [01:32<01:23, 1065.23 examples/s]
Tokenizing train dataset (num_proc=1):  42%|████▏     | 65234/153903 [01:32<01:21, 1087.10 examples/s]
Tokenizing train dataset (num_proc=1):  42%|████▏     | 65354/153903 [01:33<01:19, 1116.58 examples/s]
Tokenizing train dataset (num_proc=1):  43%|████▎     | 65479/153903 [01:33<01:16, 1149.80 examples/s]
Tokenizing train dataset (num_proc=1):  43%|████▎     | 65645/153903 [01:33<01:18, 1129.53 examples/s]
Tokenizing train dataset (num_proc=1):  43%|████▎     | 65763/153903 [01:33<01:17, 1134.50 examples/s]
Tokenizing train dataset (num_proc=1):  43%|████▎     | 65934/153903 [01:33<01:17, 1133.34 examples/s]
Tokenizing train dataset (num_proc=1):  43%|████▎     | 66080/153903 [01:33<01:21, 1077.64 examples/s]
Tokenizing train dataset (num_proc=1):  43%|████▎     | 66197/153903 [01:33<01:19, 1099.69 examples/s]
Tokenizing train dataset (num_proc=1):  43%|████▎     | 66345/153903 [01:33<01:23, 1052.31 examples/s]
Tokenizing train dataset (num_proc=1):  43%|████▎     | 66499/153903 [01:34<01:23, 1043.61 examples/s]
Tokenizing train dataset (num_proc=1):  43%|████▎     | 66651/153903 [01:34<01:24, 1030.18 examples/s]
Tokenizing train dataset (num_proc=1):  43%|████▎     | 66761/153903 [01:34<01:23, 1043.39 examples/s]
Tokenizing train dataset (num_proc=1):  43%|████▎     | 66923/153903 [01:34<01:22, 1050.98 examples/s]
Tokenizing train dataset (num_proc=1):  44%|████▎     | 67071/153903 [01:34<01:24, 1021.93 examples/s]
Tokenizing train dataset (num_proc=1):  44%|████▎     | 67188/153903 [01:34<01:22, 1053.10 examples/s]
Tokenizing train dataset (num_proc=1):  44%|████▎     | 67311/153903 [01:34<01:19, 1084.05 examples/s]
Tokenizing train dataset (num_proc=1):  44%|████▍     | 67432/153903 [01:34<01:18, 1107.04 examples/s]
Tokenizing train dataset (num_proc=1):  44%|████▍     | 67603/153903 [01:35<01:17, 1117.91 examples/s]
Tokenizing train dataset (num_proc=1):  44%|████▍     | 67779/153903 [01:35<01:16, 1131.49 examples/s]
Tokenizing train dataset (num_proc=1):  44%|████▍     | 67897/153903 [01:35<01:15, 1140.75 examples/s]
Tokenizing train dataset (num_proc=1):  44%|████▍     | 68057/153903 [01:35<01:20, 1060.80 examples/s]
Tokenizing train dataset (num_proc=1):  44%|████▍     | 68166/153903 [01:35<01:20, 1065.18 examples/s]
Tokenizing train dataset (num_proc=1):  44%|████▍     | 68276/153903 [01:35<01:20, 1070.31 examples/s]
Tokenizing train dataset (num_proc=1):  44%|████▍     | 68390/153903 [01:35<01:18, 1084.14 examples/s]
Tokenizing train dataset (num_proc=1):  45%|████▍     | 68514/153903 [01:35<01:15, 1123.74 examples/s]
Tokenizing train dataset (num_proc=1):  45%|████▍     | 68693/153903 [01:36<01:14, 1147.61 examples/s]
Tokenizing train dataset (num_proc=1):  45%|████▍     | 68810/153903 [01:36<01:14, 1149.41 examples/s]
Tokenizing train dataset (num_proc=1):  45%|████▍     | 68977/153903 [01:36<01:14, 1133.13 examples/s]
Tokenizing train dataset (num_proc=1):  45%|████▍     | 69123/153903 [01:36<01:18, 1073.62 examples/s]
Tokenizing train dataset (num_proc=1):  45%|████▍     | 69237/153903 [01:36<01:18, 1084.82 examples/s]
Tokenizing train dataset (num_proc=1):  45%|████▌     | 69353/153903 [01:36<01:16, 1099.48 examples/s]
Tokenizing train dataset (num_proc=1):  45%|████▌     | 69468/153903 [01:36<01:16, 1108.08 examples/s]
Tokenizing train dataset (num_proc=1):  45%|████▌     | 69581/153903 [01:36<01:16, 1108.22 examples/s]
Tokenizing train dataset (num_proc=1):  45%|████▌     | 69699/153903 [01:37<01:15, 1117.38 examples/s]
Tokenizing train dataset (num_proc=1):  45%|████▌     | 69815/153903 [01:37<01:15, 1118.78 examples/s]
Tokenizing train dataset (num_proc=1):  45%|████▌     | 69928/153903 [01:37<01:15, 1112.64 examples/s]
Tokenizing train dataset (num_proc=1):  46%|████▌     | 70063/153903 [01:37<01:21, 1027.59 examples/s]
Tokenizing train dataset (num_proc=1):  46%|████▌     | 70178/153903 [01:37<01:19, 1056.65 examples/s]
Tokenizing train dataset (num_proc=1):  46%|████▌     | 70290/153903 [01:37<01:17, 1072.81 examples/s]
Tokenizing train dataset (num_proc=1):  46%|████▌     | 70407/153903 [01:37<01:16, 1098.09 examples/s]
Tokenizing train dataset (num_proc=1):  46%|████▌     | 70569/153903 [01:37<01:16, 1082.34 examples/s]
Tokenizing train dataset (num_proc=1):  46%|████▌     | 70683/153903 [01:37<01:16, 1094.48 examples/s]
Tokenizing train dataset (num_proc=1):  46%|████▌     | 70841/153903 [01:38<01:17, 1074.92 examples/s]
Tokenizing train dataset (num_proc=1):  46%|████▌     | 70996/153903 [01:38<01:18, 1053.61 examples/s]
Tokenizing train dataset (num_proc=1):  46%|████▌     | 71147/153903 [01:38<01:20, 1029.77 examples/s]
Tokenizing train dataset (num_proc=1):  46%|████▋     | 71314/153903 [01:38<01:18, 1055.98 examples/s]
Tokenizing train dataset (num_proc=1):  46%|████▋     | 71434/153903 [01:38<01:16, 1084.23 examples/s]
Tokenizing train dataset (num_proc=1):  47%|████▋     | 71605/153903 [01:38<01:14, 1099.74 examples/s]
Tokenizing train dataset (num_proc=1):  47%|████▋     | 71725/153903 [01:38<01:13, 1119.66 examples/s]
Tokenizing train dataset (num_proc=1):  47%|████▋     | 71842/153903 [01:38<01:12, 1128.59 examples/s]
Tokenizing train dataset (num_proc=1):  47%|████▋     | 71958/153903 [01:39<01:12, 1132.84 examples/s]
Tokenizing train dataset (num_proc=1):  47%|████▋     | 72125/153903 [01:39<01:14, 1101.01 examples/s]
Tokenizing train dataset (num_proc=1):  47%|████▋     | 72238/153903 [01:39<01:13, 1105.78 examples/s]
Tokenizing train dataset (num_proc=1):  47%|████▋     | 72360/153903 [01:39<01:11, 1133.22 examples/s]
Tokenizing train dataset (num_proc=1):  47%|████▋     | 72527/153903 [01:39<01:12, 1121.90 examples/s]
Tokenizing train dataset (num_proc=1):  47%|████▋     | 72644/153903 [01:39<01:11, 1130.29 examples/s]
Tokenizing train dataset (num_proc=1):  47%|████▋     | 72814/153903 [01:39<01:12, 1123.20 examples/s]
Tokenizing train dataset (num_proc=1):  47%|████▋     | 72930/153903 [01:39<01:11, 1127.68 examples/s]
Tokenizing train dataset (num_proc=1):  47%|████▋     | 73068/153903 [01:40<01:16, 1051.70 examples/s]
Tokenizing train dataset (num_proc=1):  48%|████▊     | 73187/153903 [01:40<01:14, 1081.80 examples/s]
Tokenizing train dataset (num_proc=1):  48%|████▊     | 73353/153903 [01:40<01:14, 1086.47 examples/s]
Tokenizing train dataset (num_proc=1):  48%|████▊     | 73472/153903 [01:40<01:12, 1105.89 examples/s]
Tokenizing train dataset (num_proc=1):  48%|████▊     | 73586/153903 [01:40<01:12, 1114.42 examples/s]
Tokenizing train dataset (num_proc=1):  48%|████▊     | 73702/153903 [01:40<01:11, 1120.06 examples/s]
Tokenizing train dataset (num_proc=1):  48%|████▊     | 73817/153903 [01:40<01:11, 1126.88 examples/s]
Tokenizing train dataset (num_proc=1):  48%|████▊     | 73936/153903 [01:40<01:10, 1136.40 examples/s]
Tokenizing train dataset (num_proc=1):  48%|████▊     | 74072/153903 [01:42<07:11, 184.85 examples/s] 
Tokenizing train dataset (num_proc=1):  48%|████▊     | 74174/153903 [01:43<06:02, 220.12 examples/s]
Tokenizing train dataset (num_proc=1):  48%|████▊     | 74264/153903 [01:43<05:05, 260.55 examples/s]
Tokenizing train dataset (num_proc=1):  48%|████▊     | 74359/153903 [01:43<04:17, 308.68 examples/s]
Tokenizing train dataset (num_proc=1):  48%|████▊     | 74426/153903 [01:43<03:48, 348.42 examples/s]
Tokenizing train dataset (num_proc=1):  48%|████▊     | 74510/153903 [01:43<03:25, 386.90 examples/s]
Tokenizing train dataset (num_proc=1):  48%|████▊     | 74601/153903 [01:43<03:03, 432.62 examples/s]
Tokenizing train dataset (num_proc=1):  49%|████▊     | 74683/153903 [01:43<02:39, 496.08 examples/s]
Tokenizing train dataset (num_proc=1):  49%|████▊     | 74764/153903 [01:44<02:22, 556.67 examples/s]
Tokenizing train dataset (num_proc=1):  49%|████▊     | 74838/153903 [01:44<02:13, 594.24 examples/s]
Tokenizing train dataset (num_proc=1):  49%|████▊     | 74928/153903 [01:44<01:58, 664.11 examples/s]
Tokenizing train dataset (num_proc=1):  49%|████▉     | 75050/153903 [01:44<01:53, 695.63 examples/s]
Tokenizing train dataset (num_proc=1):  49%|████▉     | 75143/153903 [01:44<01:45, 748.92 examples/s]
Tokenizing train dataset (num_proc=1):  49%|████▉     | 75240/153903 [01:44<01:38, 801.96 examples/s]
Tokenizing train dataset (num_proc=1):  49%|████▉     | 75337/153903 [01:44<01:33, 843.07 examples/s]
Tokenizing train dataset (num_proc=1):  49%|████▉     | 75428/153903 [01:44<01:31, 858.70 examples/s]
Tokenizing train dataset (num_proc=1):  49%|████▉     | 75523/153903 [01:44<01:29, 876.92 examples/s]
Tokenizing train dataset (num_proc=1):  49%|████▉     | 75642/153903 [01:45<02:04, 626.62 examples/s]
Tokenizing train dataset (num_proc=1):  49%|████▉     | 75741/153903 [01:45<01:52, 696.91 examples/s]
Tokenizing train dataset (num_proc=1):  49%|████▉     | 75879/153903 [01:45<01:42, 764.61 examples/s]
Tokenizing train dataset (num_proc=1):  49%|████▉     | 75995/153903 [01:45<01:42, 758.96 examples/s]
Tokenizing train dataset (num_proc=1):  49%|████▉     | 76114/153903 [01:45<01:41, 763.39 examples/s]
Tokenizing train dataset (num_proc=1):  50%|████▉     | 76230/153903 [01:45<01:42, 760.88 examples/s]
Tokenizing train dataset (num_proc=1):  50%|████▉     | 76336/153903 [01:46<01:34, 821.93 examples/s]
Tokenizing train dataset (num_proc=1):  50%|████▉     | 76428/153903 [01:46<01:32, 841.78 examples/s]
Tokenizing train dataset (num_proc=1):  50%|████▉     | 76531/153903 [01:46<01:39, 779.86 examples/s]
Tokenizing train dataset (num_proc=1):  50%|████▉     | 76630/153903 [01:46<01:33, 828.71 examples/s]
Tokenizing train dataset (num_proc=1):  50%|████▉     | 76723/153903 [01:46<01:30, 852.04 examples/s]
Tokenizing train dataset (num_proc=1):  50%|████▉     | 76814/153903 [01:46<01:29, 864.24 examples/s]
Tokenizing train dataset (num_proc=1):  50%|████▉     | 76924/153903 [01:46<01:35, 803.70 examples/s]
Tokenizing train dataset (num_proc=1):  50%|█████     | 77014/153903 [01:46<01:45, 730.47 examples/s]
Tokenizing train dataset (num_proc=1):  50%|█████     | 77110/153903 [01:46<01:38, 778.35 examples/s]
Tokenizing train dataset (num_proc=1):  50%|█████     | 77208/153903 [01:47<01:32, 829.29 examples/s]
Tokenizing train dataset (num_proc=1):  50%|█████     | 77316/153903 [01:47<01:25, 893.89 examples/s]
Tokenizing train dataset (num_proc=1):  50%|█████     | 77435/153903 [01:47<01:19, 962.48 examples/s]
Tokenizing train dataset (num_proc=1):  50%|█████     | 77549/153903 [01:47<01:16, 1004.02 examples/s]
Tokenizing train dataset (num_proc=1):  50%|█████     | 77680/153903 [01:47<01:20, 951.31 examples/s] 
Tokenizing train dataset (num_proc=1):  51%|█████     | 77811/153903 [01:47<01:23, 916.31 examples/s]
Tokenizing train dataset (num_proc=1):  51%|█████     | 77932/153903 [01:47<01:26, 874.05 examples/s]
Tokenizing train dataset (num_proc=1):  51%|█████     | 78057/153903 [01:48<01:31, 825.12 examples/s]
Tokenizing train dataset (num_proc=1):  51%|█████     | 78166/153903 [01:48<01:25, 881.22 examples/s]
Tokenizing train dataset (num_proc=1):  51%|█████     | 78266/153903 [01:48<01:23, 904.99 examples/s]
Tokenizing train dataset (num_proc=1):  51%|█████     | 78365/153903 [01:48<01:21, 926.03 examples/s]
Tokenizing train dataset (num_proc=1):  51%|█████     | 78476/153903 [01:48<01:17, 974.46 examples/s]
Tokenizing train dataset (num_proc=1):  51%|█████     | 78582/153903 [01:48<01:15, 994.17 examples/s]
Tokenizing train dataset (num_proc=1):  51%|█████     | 78706/153903 [01:48<01:10, 1060.25 examples/s]
Tokenizing train dataset (num_proc=1):  51%|█████     | 78869/153903 [01:48<01:10, 1064.83 examples/s]
Tokenizing train dataset (num_proc=1):  51%|█████▏    | 78982/153903 [01:48<01:09, 1076.50 examples/s]
Tokenizing train dataset (num_proc=1):  51%|█████▏    | 79132/153903 [01:49<01:11, 1040.72 examples/s]
Tokenizing train dataset (num_proc=1):  51%|█████▏    | 79255/153903 [01:49<01:08, 1084.83 examples/s]
Tokenizing train dataset (num_proc=1):  52%|█████▏    | 79410/153903 [01:49<01:10, 1056.75 examples/s]
Tokenizing train dataset (num_proc=1):  52%|█████▏    | 79518/153903 [01:49<01:10, 1060.99 examples/s]
Tokenizing train dataset (num_proc=1):  52%|█████▏    | 79672/153903 [01:49<01:11, 1045.10 examples/s]
Tokenizing train dataset (num_proc=1):  52%|█████▏    | 79814/153903 [01:49<01:13, 1007.11 examples/s]
Tokenizing train dataset (num_proc=1):  52%|█████▏    | 79923/153903 [01:49<01:12, 1019.31 examples/s]
Tokenizing train dataset (num_proc=1):  52%|█████▏    | 80066/153903 [01:49<01:14, 989.51 examples/s] 
Tokenizing train dataset (num_proc=1):  52%|█████▏    | 80172/153903 [01:50<01:13, 1005.51 examples/s]
Tokenizing train dataset (num_proc=1):  52%|█████▏    | 80302/153903 [01:50<01:08, 1076.29 examples/s]
Tokenizing train dataset (num_proc=1):  52%|█████▏    | 80422/153903 [01:50<01:06, 1105.15 examples/s]
Tokenizing train dataset (num_proc=1):  52%|█████▏    | 80536/153903 [01:50<01:06, 1110.91 examples/s]
Tokenizing train dataset (num_proc=1):  52%|█████▏    | 80709/153903 [01:50<01:05, 1119.36 examples/s]
Tokenizing train dataset (num_proc=1):  53%|█████▎    | 80827/153903 [01:50<01:04, 1128.83 examples/s]
Tokenizing train dataset (num_proc=1):  53%|█████▎    | 80999/153903 [01:50<01:04, 1135.24 examples/s]
Tokenizing train dataset (num_proc=1):  53%|█████▎    | 81143/153903 [01:50<01:15, 959.90 examples/s] 
Tokenizing train dataset (num_proc=1):  53%|█████▎    | 81257/153903 [01:51<01:21, 896.05 examples/s]
Tokenizing train dataset (num_proc=1):  53%|█████▎    | 81382/153903 [01:51<01:22, 876.53 examples/s]
Tokenizing train dataset (num_proc=1):  53%|█████▎    | 81478/153903 [01:51<01:30, 803.27 examples/s]
Tokenizing train dataset (num_proc=1):  53%|█████▎    | 81592/153903 [01:51<01:32, 785.78 examples/s]
Tokenizing train dataset (num_proc=1):  53%|█████▎    | 81692/153903 [01:51<01:26, 832.63 examples/s]
Tokenizing train dataset (num_proc=1):  53%|█████▎    | 81794/153903 [01:51<01:23, 868.43 examples/s]
Tokenizing train dataset (num_proc=1):  53%|█████▎    | 81912/153903 [01:51<01:25, 839.11 examples/s]
Tokenizing train dataset (num_proc=1):  53%|█████▎    | 82002/153903 [01:52<01:34, 760.61 examples/s]
Tokenizing train dataset (num_proc=1):  53%|█████▎    | 82101/153903 [01:52<01:28, 814.39 examples/s]
Tokenizing train dataset (num_proc=1):  53%|█████▎    | 82200/153903 [01:52<01:24, 852.78 examples/s]
Tokenizing train dataset (num_proc=1):  53%|█████▎    | 82300/153903 [01:52<01:20, 890.27 examples/s]
Tokenizing train dataset (num_proc=1):  54%|█████▎    | 82413/153903 [01:52<01:15, 946.62 examples/s]
Tokenizing train dataset (num_proc=1):  54%|█████▎    | 82532/153903 [01:52<01:30, 788.46 examples/s]
Tokenizing train dataset (num_proc=1):  54%|█████▎    | 82633/153903 [01:52<01:35, 746.99 examples/s]
Tokenizing train dataset (num_proc=1):  54%|█████▎    | 82714/153903 [01:52<01:34, 754.93 examples/s]
Tokenizing train dataset (num_proc=1):  54%|█████▍    | 82822/153903 [01:53<01:25, 831.20 examples/s]
Tokenizing train dataset (num_proc=1):  54%|█████▍    | 82941/153903 [01:53<01:17, 917.47 examples/s]
Tokenizing train dataset (num_proc=1):  54%|█████▍    | 83061/153903 [01:53<01:14, 949.13 examples/s]
Tokenizing train dataset (num_proc=1):  54%|█████▍    | 83180/153903 [01:53<01:10, 1009.64 examples/s]
Tokenizing train dataset (num_proc=1):  54%|█████▍    | 83299/153903 [01:53<01:07, 1053.46 examples/s]
Tokenizing train dataset (num_proc=1):  54%|█████▍    | 83442/153903 [01:53<01:09, 1012.24 examples/s]
Tokenizing train dataset (num_proc=1):  54%|█████▍    | 83590/153903 [01:53<01:10, 996.75 examples/s] 
Tokenizing train dataset (num_proc=1):  54%|█████▍    | 83701/153903 [01:53<01:08, 1020.16 examples/s]
Tokenizing train dataset (num_proc=1):  54%|█████▍    | 83841/153903 [01:54<01:11, 984.98 examples/s] 
Tokenizing train dataset (num_proc=1):  55%|█████▍    | 83967/153903 [01:54<01:14, 933.19 examples/s]
Tokenizing train dataset (num_proc=1):  55%|█████▍    | 84071/153903 [01:54<01:26, 808.00 examples/s]
Tokenizing train dataset (num_proc=1):  55%|█████▍    | 84182/153903 [01:54<01:29, 783.35 examples/s]
Tokenizing train dataset (num_proc=1):  55%|█████▍    | 84307/153903 [01:54<01:27, 793.67 examples/s]
Tokenizing train dataset (num_proc=1):  55%|█████▍    | 84414/153903 [01:54<01:31, 761.05 examples/s]
Tokenizing train dataset (num_proc=1):  55%|█████▍    | 84530/153903 [01:54<01:31, 756.74 examples/s]
Tokenizing train dataset (num_proc=1):  55%|█████▌    | 84652/153903 [01:55<01:29, 773.00 examples/s]
Tokenizing train dataset (num_proc=1):  55%|█████▌    | 84745/153903 [01:55<01:25, 804.47 examples/s]
Tokenizing train dataset (num_proc=1):  55%|█████▌    | 84841/153903 [01:55<01:22, 834.29 examples/s]
Tokenizing train dataset (num_proc=1):  55%|█████▌    | 84928/153903 [01:55<01:21, 841.44 examples/s]
Tokenizing train dataset (num_proc=1):  55%|█████▌    | 85040/153903 [01:55<01:31, 754.91 examples/s]
Tokenizing train dataset (num_proc=1):  55%|█████▌    | 85148/153903 [01:55<01:23, 828.30 examples/s]
Tokenizing train dataset (num_proc=1):  55%|█████▌    | 85265/153903 [01:55<01:15, 911.41 examples/s]
Tokenizing train dataset (num_proc=1):  55%|█████▌    | 85370/153903 [01:55<01:12, 943.65 examples/s]
Tokenizing train dataset (num_proc=1):  56%|█████▌    | 85514/153903 [01:56<01:12, 940.60 examples/s]
Tokenizing train dataset (num_proc=1):  56%|█████▌    | 85626/153903 [01:56<01:09, 979.52 examples/s]
Tokenizing train dataset (num_proc=1):  56%|█████▌    | 85735/153903 [01:56<01:07, 1007.60 examples/s]
Tokenizing train dataset (num_proc=1):  56%|█████▌    | 85844/153903 [01:56<01:06, 1027.77 examples/s]
Tokenizing train dataset (num_proc=1):  56%|█████▌    | 85963/153903 [01:56<01:03, 1071.77 examples/s]
Tokenizing train dataset (num_proc=1):  56%|█████▌    | 86087/153903 [01:56<01:10, 967.45 examples/s] 
Tokenizing train dataset (num_proc=1):  56%|█████▌    | 86195/153903 [01:56<01:08, 994.80 examples/s]
Tokenizing train dataset (num_proc=1):  56%|█████▌    | 86312/153903 [01:56<01:05, 1038.59 examples/s]
Tokenizing train dataset (num_proc=1):  56%|█████▌    | 86430/153903 [01:56<01:03, 1069.64 examples/s]
Tokenizing train dataset (num_proc=1):  56%|█████▌    | 86545/153903 [01:57<01:01, 1091.87 examples/s]
Tokenizing train dataset (num_proc=1):  56%|█████▋    | 86661/153903 [01:57<01:00, 1106.62 examples/s]
Tokenizing train dataset (num_proc=1):  56%|█████▋    | 86822/153903 [01:57<01:01, 1085.67 examples/s]
Tokenizing train dataset (num_proc=1):  57%|█████▋    | 86989/153903 [01:57<01:01, 1089.51 examples/s]
Tokenizing train dataset (num_proc=1):  57%|█████▋    | 87108/153903 [01:57<01:07, 985.07 examples/s] 
Tokenizing train dataset (num_proc=1):  57%|█████▋    | 87209/153903 [01:57<01:07, 990.57 examples/s]
Tokenizing train dataset (num_proc=1):  57%|█████▋    | 87314/153903 [01:57<01:06, 1002.01 examples/s]
Tokenizing train dataset (num_proc=1):  57%|█████▋    | 87436/153903 [01:57<01:02, 1055.70 examples/s]
Tokenizing train dataset (num_proc=1):  57%|█████▋    | 87559/153903 [01:57<01:00, 1098.09 examples/s]
Tokenizing train dataset (num_proc=1):  57%|█████▋    | 87718/153903 [01:58<01:01, 1079.58 examples/s]
Tokenizing train dataset (num_proc=1):  57%|█████▋    | 87829/153903 [01:58<01:01, 1081.07 examples/s]
Tokenizing train dataset (num_proc=1):  57%|█████▋    | 87942/153903 [01:58<01:08, 961.97 examples/s] 
Tokenizing train dataset (num_proc=1):  57%|█████▋    | 88054/153903 [01:58<01:14, 886.04 examples/s]
Tokenizing train dataset (num_proc=1):  57%|█████▋    | 88189/153903 [01:58<01:14, 886.40 examples/s]
Tokenizing train dataset (num_proc=1):  57%|█████▋    | 88294/153903 [01:58<01:11, 920.94 examples/s]
Tokenizing train dataset (num_proc=1):  57%|█████▋    | 88397/153903 [01:58<01:09, 947.13 examples/s]
Tokenizing train dataset (num_proc=1):  58%|█████▊    | 88502/153903 [01:59<01:07, 973.95 examples/s]
Tokenizing train dataset (num_proc=1):  58%|█████▊    | 88635/153903 [01:59<01:09, 936.52 examples/s]
Tokenizing train dataset (num_proc=1):  58%|█████▊    | 88792/153903 [01:59<01:07, 960.65 examples/s]
Tokenizing train dataset (num_proc=1):  58%|█████▊    | 88890/153903 [01:59<01:07, 962.48 examples/s]
Tokenizing train dataset (num_proc=1):  58%|█████▊    | 89006/153903 [01:59<01:12, 897.53 examples/s]
Tokenizing train dataset (num_proc=1):  58%|█████▊    | 89102/153903 [01:59<01:11, 909.88 examples/s]
Tokenizing train dataset (num_proc=1):  58%|█████▊    | 89198/153903 [01:59<01:10, 919.69 examples/s]
Tokenizing train dataset (num_proc=1):  58%|█████▊    | 89292/153903 [01:59<01:09, 923.68 examples/s]
Tokenizing train dataset (num_proc=1):  58%|█████▊    | 89428/153903 [02:00<01:10, 910.98 examples/s]
Tokenizing train dataset (num_proc=1):  58%|█████▊    | 89560/153903 [02:00<01:11, 900.41 examples/s]
Tokenizing train dataset (num_proc=1):  58%|█████▊    | 89689/153903 [02:00<01:12, 879.71 examples/s]
Tokenizing train dataset (num_proc=1):  58%|█████▊    | 89808/153903 [02:00<01:15, 848.91 examples/s]
Tokenizing train dataset (num_proc=1):  58%|█████▊    | 89926/153903 [02:00<01:09, 921.78 examples/s]
Tokenizing train dataset (num_proc=1):  59%|█████▊    | 90034/153903 [02:02<06:56, 153.42 examples/s]
Tokenizing train dataset (num_proc=1):  59%|█████▊    | 90119/153903 [02:02<05:34, 190.43 examples/s]
Tokenizing train dataset (num_proc=1):  59%|█████▊    | 90205/153903 [02:03<04:28, 237.34 examples/s]
Tokenizing train dataset (num_proc=1):  59%|█████▊    | 90306/153903 [02:03<03:36, 293.78 examples/s]
Tokenizing train dataset (num_proc=1):  59%|█████▊    | 90401/153903 [02:03<03:03, 346.28 examples/s]
Tokenizing train dataset (num_proc=1):  59%|█████▉    | 90479/153903 [02:03<02:37, 402.63 examples/s]
Tokenizing train dataset (num_proc=1):  59%|█████▉    | 90559/153903 [02:03<02:16, 464.75 examples/s]
Tokenizing train dataset (num_proc=1):  59%|█████▉    | 90663/153903 [02:03<02:01, 519.88 examples/s]
Tokenizing train dataset (num_proc=1):  59%|█████▉    | 90738/153903 [02:03<01:52, 559.42 examples/s]
Tokenizing train dataset (num_proc=1):  59%|█████▉    | 90874/153903 [02:03<01:35, 656.75 examples/s]
Tokenizing train dataset (num_proc=1):  59%|█████▉    | 90954/153903 [02:04<01:31, 686.22 examples/s]
Tokenizing train dataset (num_proc=1):  59%|█████▉    | 91045/153903 [02:04<01:35, 654.90 examples/s]
Tokenizing train dataset (num_proc=1):  59%|█████▉    | 91128/153903 [02:04<01:30, 692.22 examples/s]
Tokenizing train dataset (num_proc=1):  59%|█████▉    | 91261/153903 [02:04<01:22, 757.62 examples/s]
Tokenizing train dataset (num_proc=1):  59%|█████▉    | 91362/153903 [02:04<01:16, 816.37 examples/s]
Tokenizing train dataset (num_proc=1):  59%|█████▉    | 91459/153903 [02:04<01:13, 850.27 examples/s]
Tokenizing train dataset (num_proc=1):  60%|█████▉    | 91573/153903 [02:04<01:16, 812.35 examples/s]
Tokenizing train dataset (num_proc=1):  60%|█████▉    | 91679/153903 [02:04<01:20, 774.95 examples/s]
Tokenizing train dataset (num_proc=1):  60%|█████▉    | 91792/153903 [02:05<01:21, 761.19 examples/s]
Tokenizing train dataset (num_proc=1):  60%|█████▉    | 91905/153903 [02:05<01:21, 756.16 examples/s]
Tokenizing train dataset (num_proc=1):  60%|█████▉    | 92000/153903 [02:05<01:31, 679.14 examples/s]
Tokenizing train dataset (num_proc=1):  60%|█████▉    | 92077/153903 [02:05<01:28, 698.84 examples/s]
Tokenizing train dataset (num_proc=1):  60%|█████▉    | 92157/153903 [02:05<01:25, 721.50 examples/s]
Tokenizing train dataset (num_proc=1):  60%|█████▉    | 92233/153903 [02:05<01:24, 727.25 examples/s]
Tokenizing train dataset (num_proc=1):  60%|██████    | 92357/153903 [02:05<01:20, 760.22 examples/s]
Tokenizing train dataset (num_proc=1):  60%|██████    | 92451/153903 [02:06<01:26, 711.32 examples/s]
Tokenizing train dataset (num_proc=1):  60%|██████    | 92551/153903 [02:06<01:28, 690.31 examples/s]
Tokenizing train dataset (num_proc=1):  60%|██████    | 92652/153903 [02:06<01:29, 683.95 examples/s]
Tokenizing train dataset (num_proc=1):  60%|██████    | 92730/153903 [02:06<02:08, 475.57 examples/s]
Tokenizing train dataset (num_proc=1):  60%|██████    | 92791/153903 [02:06<02:02, 499.71 examples/s]
Tokenizing train dataset (num_proc=1):  60%|██████    | 92870/153903 [02:06<01:49, 558.06 examples/s]
Tokenizing train dataset (num_proc=1):  60%|██████    | 92935/153903 [02:06<01:45, 575.28 examples/s]
Tokenizing train dataset (num_proc=1):  60%|██████    | 93000/153903 [02:07<01:47, 564.07 examples/s]
Tokenizing train dataset (num_proc=1):  60%|██████    | 93094/153903 [02:07<01:33, 650.64 examples/s]
Tokenizing train dataset (num_proc=1):  61%|██████    | 93183/153903 [02:07<01:25, 709.81 examples/s]
Tokenizing train dataset (num_proc=1):  61%|██████    | 93276/153903 [02:07<01:19, 764.82 examples/s]
Tokenizing train dataset (num_proc=1):  61%|██████    | 93383/153903 [02:07<01:11, 843.74 examples/s]
Tokenizing train dataset (num_proc=1):  61%|██████    | 93481/153903 [02:07<01:08, 881.72 examples/s]
Tokenizing train dataset (num_proc=1):  61%|██████    | 93616/153903 [02:07<01:08, 880.55 examples/s]
Tokenizing train dataset (num_proc=1):  61%|██████    | 93708/153903 [02:07<01:07, 885.32 examples/s]
Tokenizing train dataset (num_proc=1):  61%|██████    | 93821/153903 [02:07<01:11, 835.72 examples/s]
Tokenizing train dataset (num_proc=1):  61%|██████    | 93950/153903 [02:08<01:11, 842.39 examples/s]
Tokenizing train dataset (num_proc=1):  61%|██████    | 94043/153903 [02:08<01:14, 800.53 examples/s]
Tokenizing train dataset (num_proc=1):  61%|██████    | 94154/153903 [02:08<01:17, 775.60 examples/s]
Tokenizing train dataset (num_proc=1):  61%|██████▏   | 94278/153903 [02:08<01:15, 791.23 examples/s]
Tokenizing train dataset (num_proc=1):  61%|██████▏   | 94387/153903 [02:08<01:09, 857.45 examples/s]
Tokenizing train dataset (num_proc=1):  61%|██████▏   | 94499/153903 [02:08<01:13, 809.13 examples/s]
Tokenizing train dataset (num_proc=1):  61%|██████▏   | 94583/153903 [02:08<01:21, 724.37 examples/s]
Tokenizing train dataset (num_proc=1):  62%|██████▏   | 94670/153903 [02:09<01:27, 673.70 examples/s]
Tokenizing train dataset (num_proc=1):  62%|██████▏   | 94775/153903 [02:09<01:27, 678.78 examples/s]
Tokenizing train dataset (num_proc=1):  62%|██████▏   | 94875/153903 [02:09<01:28, 670.64 examples/s]
Tokenizing train dataset (num_proc=1):  62%|██████▏   | 94960/153903 [02:09<01:22, 710.19 examples/s]
Tokenizing train dataset (num_proc=1):  62%|██████▏   | 95041/153903 [02:09<01:23, 701.42 examples/s]
Tokenizing train dataset (num_proc=1):  62%|██████▏   | 95114/153903 [02:09<01:23, 699.99 examples/s]
Tokenizing train dataset (num_proc=1):  62%|██████▏   | 95201/153903 [02:09<01:18, 743.65 examples/s]
Tokenizing train dataset (num_proc=1):  62%|██████▏   | 95304/153903 [02:09<01:11, 820.72 examples/s]
Tokenizing train dataset (num_proc=1):  62%|██████▏   | 95409/153903 [02:10<01:15, 770.62 examples/s]
Tokenizing train dataset (num_proc=1):  62%|██████▏   | 95519/153903 [02:10<01:17, 748.90 examples/s]
Tokenizing train dataset (num_proc=1):  62%|██████▏   | 95607/153903 [02:10<01:14, 778.00 examples/s]
Tokenizing train dataset (num_proc=1):  62%|██████▏   | 95706/153903 [02:10<01:09, 832.05 examples/s]
Tokenizing train dataset (num_proc=1):  62%|██████▏   | 95800/153903 [02:10<01:07, 858.46 examples/s]
Tokenizing train dataset (num_proc=1):  62%|██████▏   | 95908/153903 [02:10<01:12, 802.57 examples/s]
Tokenizing train dataset (num_proc=1):  62%|██████▏   | 96000/153903 [02:10<01:18, 734.17 examples/s]
Tokenizing train dataset (num_proc=1):  62%|██████▏   | 96094/153903 [02:10<01:13, 782.08 examples/s]
Tokenizing train dataset (num_proc=1):  62%|██████▏   | 96180/153903 [02:11<01:12, 797.74 examples/s]
Tokenizing train dataset (num_proc=1):  63%|██████▎   | 96297/153903 [02:11<01:12, 789.25 examples/s]
Tokenizing train dataset (num_proc=1):  63%|██████▎   | 96390/153903 [02:11<01:10, 821.48 examples/s]
Tokenizing train dataset (num_proc=1):  63%|██████▎   | 96489/153903 [02:11<01:06, 862.57 examples/s]
Tokenizing train dataset (num_proc=1):  63%|██████▎   | 96585/153903 [02:11<01:04, 882.31 examples/s]
Tokenizing train dataset (num_proc=1):  63%|██████▎   | 96690/153903 [02:11<01:01, 929.00 examples/s]
Tokenizing train dataset (num_proc=1):  63%|██████▎   | 96819/153903 [02:11<01:03, 897.01 examples/s]
Tokenizing train dataset (num_proc=1):  63%|██████▎   | 96949/153903 [02:11<01:04, 881.27 examples/s]
Tokenizing train dataset (num_proc=1):  63%|██████▎   | 97040/153903 [02:12<01:08, 832.07 examples/s]
Tokenizing train dataset (num_proc=1):  63%|██████▎   | 97134/153903 [02:12<01:06, 851.11 examples/s]
Tokenizing train dataset (num_proc=1):  63%|██████▎   | 97234/153903 [02:12<01:04, 881.79 examples/s]
Tokenizing train dataset (num_proc=1):  63%|██████▎   | 97365/153903 [02:12<01:04, 874.67 examples/s]
Tokenizing train dataset (num_proc=1):  63%|██████▎   | 97462/153903 [02:12<01:02, 896.79 examples/s]
Tokenizing train dataset (num_proc=1):  63%|██████▎   | 97594/153903 [02:12<01:03, 889.45 examples/s]
Tokenizing train dataset (num_proc=1):  63%|██████▎   | 97722/153903 [02:12<01:04, 870.95 examples/s]
Tokenizing train dataset (num_proc=1):  64%|██████▎   | 97830/153903 [02:13<01:09, 812.32 examples/s]
Tokenizing train dataset (num_proc=1):  64%|██████▎   | 97926/153903 [02:13<01:14, 754.37 examples/s]
Tokenizing train dataset (num_proc=1):  64%|██████▎   | 98032/153903 [02:13<01:20, 691.02 examples/s]
Tokenizing train dataset (num_proc=1):  64%|██████▍   | 98117/153903 [02:13<01:25, 649.04 examples/s]
Tokenizing train dataset (num_proc=1):  64%|██████▍   | 98217/153903 [02:13<01:25, 651.03 examples/s]
Tokenizing train dataset (num_proc=1):  64%|██████▍   | 98287/153903 [02:13<01:24, 661.42 examples/s]
Tokenizing train dataset (num_proc=1):  64%|██████▍   | 98362/153903 [02:13<01:22, 675.51 examples/s]
Tokenizing train dataset (num_proc=1):  64%|██████▍   | 98438/153903 [02:13<01:19, 694.32 examples/s]
Tokenizing train dataset (num_proc=1):  64%|██████▍   | 98539/153903 [02:14<01:21, 682.46 examples/s]
Tokenizing train dataset (num_proc=1):  64%|██████▍   | 98615/153903 [02:14<01:19, 695.81 examples/s]
Tokenizing train dataset (num_proc=1):  64%|██████▍   | 98721/153903 [02:14<01:10, 786.38 examples/s]
Tokenizing train dataset (num_proc=1):  64%|██████▍   | 98807/153903 [02:14<01:08, 799.88 examples/s]
Tokenizing train dataset (num_proc=1):  64%|██████▍   | 98927/153903 [02:14<01:09, 794.36 examples/s]
Tokenizing train dataset (num_proc=1):  64%|██████▍   | 99035/153903 [02:14<01:17, 707.40 examples/s]
Tokenizing train dataset (num_proc=1):  64%|██████▍   | 99152/153903 [02:14<01:15, 727.91 examples/s]
Tokenizing train dataset (num_proc=1):  64%|██████▍   | 99231/153903 [02:15<01:14, 737.22 examples/s]
Tokenizing train dataset (num_proc=1):  65%|██████▍   | 99307/153903 [02:15<01:13, 742.57 examples/s]
Tokenizing train dataset (num_proc=1):  65%|██████▍   | 99400/153903 [02:15<01:18, 694.49 examples/s]
Tokenizing train dataset (num_proc=1):  65%|██████▍   | 99498/153903 [02:15<01:20, 673.60 examples/s]
Tokenizing train dataset (num_proc=1):  65%|██████▍   | 99567/153903 [02:15<01:20, 671.05 examples/s]
Tokenizing train dataset (num_proc=1):  65%|██████▍   | 99658/153903 [02:15<01:14, 725.44 examples/s]
Tokenizing train dataset (num_proc=1):  65%|██████▍   | 99744/153903 [02:15<01:11, 758.28 examples/s]
Tokenizing train dataset (num_proc=1):  65%|██████▍   | 99832/153903 [02:15<01:18, 688.29 examples/s]
Tokenizing train dataset (num_proc=1):  65%|██████▍   | 99933/153903 [02:16<01:19, 676.26 examples/s]
Tokenizing train dataset (num_proc=1):  65%|██████▍   | 100010/153903 [02:16<01:26, 622.86 examples/s]
Tokenizing train dataset (num_proc=1):  65%|██████▌   | 100075/153903 [02:16<01:25, 627.28 examples/s]
Tokenizing train dataset (num_proc=1):  65%|██████▌   | 100144/153903 [02:16<01:24, 636.99 examples/s]
Tokenizing train dataset (num_proc=1):  65%|██████▌   | 100222/153903 [02:16<01:19, 672.54 examples/s]
Tokenizing train dataset (num_proc=1):  65%|██████▌   | 100293/153903 [02:16<01:19, 678.45 examples/s]
Tokenizing train dataset (num_proc=1):  65%|██████▌   | 100392/153903 [02:16<01:20, 666.53 examples/s]
Tokenizing train dataset (num_proc=1):  65%|██████▌   | 100488/153903 [02:16<01:21, 652.68 examples/s]
Tokenizing train dataset (num_proc=1):  65%|██████▌   | 100591/153903 [02:17<01:20, 660.08 examples/s]
Tokenizing train dataset (num_proc=1):  65%|██████▌   | 100665/153903 [02:17<01:18, 677.63 examples/s]
Tokenizing train dataset (num_proc=1):  65%|██████▌   | 100749/153903 [02:17<01:14, 715.21 examples/s]
Tokenizing train dataset (num_proc=1):  66%|██████▌   | 100853/153903 [02:17<01:15, 702.79 examples/s]
Tokenizing train dataset (num_proc=1):  66%|██████▌   | 100957/153903 [02:17<01:16, 694.32 examples/s]
Tokenizing train dataset (num_proc=1):  66%|██████▌   | 101044/153903 [02:17<01:20, 655.17 examples/s]
Tokenizing train dataset (num_proc=1):  66%|██████▌   | 101112/153903 [02:17<01:20, 657.82 examples/s]
Tokenizing train dataset (num_proc=1):  66%|██████▌   | 101180/153903 [02:17<01:19, 661.49 examples/s]
Tokenizing train dataset (num_proc=1):  66%|██████▌   | 101255/153903 [02:18<01:17, 681.19 examples/s]
Tokenizing train dataset (num_proc=1):  66%|██████▌   | 101352/153903 [02:18<01:19, 661.38 examples/s]
Tokenizing train dataset (num_proc=1):  66%|██████▌   | 101428/153903 [02:18<01:16, 685.73 examples/s]
Tokenizing train dataset (num_proc=1):  66%|██████▌   | 101498/153903 [02:18<01:16, 689.21 examples/s]
Tokenizing train dataset (num_proc=1):  66%|██████▌   | 101577/153903 [02:18<01:13, 714.03 examples/s]
Tokenizing train dataset (num_proc=1):  66%|██████▌   | 101653/153903 [02:18<01:12, 723.44 examples/s]
Tokenizing train dataset (num_proc=1):  66%|██████▌   | 101733/153903 [02:18<01:10, 743.52 examples/s]
Tokenizing train dataset (num_proc=1):  66%|██████▌   | 101847/153903 [02:18<01:10, 741.63 examples/s]
Tokenizing train dataset (num_proc=1):  66%|██████▌   | 101930/153903 [02:18<01:08, 763.29 examples/s]
Tokenizing train dataset (num_proc=1):  66%|██████▋   | 102046/153903 [02:19<01:07, 762.64 examples/s]
Tokenizing train dataset (num_proc=1):  66%|██████▋   | 102130/153903 [02:19<01:06, 777.12 examples/s]
Tokenizing train dataset (num_proc=1):  66%|██████▋   | 102217/153903 [02:19<01:04, 799.19 examples/s]
Tokenizing train dataset (num_proc=1):  66%|██████▋   | 102316/153903 [02:19<01:09, 742.59 examples/s]
Tokenizing train dataset (num_proc=1):  67%|██████▋   | 102394/153903 [02:19<01:08, 748.20 examples/s]
Tokenizing train dataset (num_proc=1):  67%|██████▋   | 102514/153903 [02:19<01:07, 764.17 examples/s]
Tokenizing train dataset (num_proc=1):  67%|██████▋   | 102599/153903 [02:19<01:05, 784.65 examples/s]
Tokenizing train dataset (num_proc=1):  67%|██████▋   | 102706/153903 [02:19<01:08, 751.92 examples/s]
Tokenizing train dataset (num_proc=1):  67%|██████▋   | 102793/153903 [02:20<01:05, 775.77 examples/s]
Tokenizing train dataset (num_proc=1):  67%|██████▋   | 102879/153903 [02:20<01:04, 791.36 examples/s]
Tokenizing train dataset (num_proc=1):  67%|██████▋   | 102971/153903 [02:20<01:01, 822.92 examples/s]
Tokenizing train dataset (num_proc=1):  67%|██████▋   | 103076/153903 [02:20<01:08, 744.35 examples/s]
Tokenizing train dataset (num_proc=1):  67%|██████▋   | 103186/153903 [02:20<01:09, 729.49 examples/s]
Tokenizing train dataset (num_proc=1):  67%|██████▋   | 103263/153903 [02:20<01:09, 731.28 examples/s]
Tokenizing train dataset (num_proc=1):  67%|██████▋   | 103375/153903 [02:20<01:08, 738.30 examples/s]
Tokenizing train dataset (num_proc=1):  67%|██████▋   | 103458/153903 [02:20<01:06, 759.09 examples/s]
Tokenizing train dataset (num_proc=1):  67%|██████▋   | 103554/153903 [02:21<01:10, 713.78 examples/s]
Tokenizing train dataset (num_proc=1):  67%|██████▋   | 103653/153903 [02:21<01:12, 689.95 examples/s]
Tokenizing train dataset (num_proc=1):  67%|██████▋   | 103755/153903 [02:21<01:13, 680.15 examples/s]
Tokenizing train dataset (num_proc=1):  67%|██████▋   | 103861/153903 [02:21<01:12, 685.99 examples/s]
Tokenizing train dataset (num_proc=1):  68%|██████▊   | 103944/153903 [02:21<01:09, 713.74 examples/s]
Tokenizing train dataset (num_proc=1):  68%|██████▊   | 104041/153903 [02:21<01:16, 651.67 examples/s]
Tokenizing train dataset (num_proc=1):  68%|██████▊   | 104121/153903 [02:21<01:12, 684.63 examples/s]
Tokenizing train dataset (num_proc=1):  68%|██████▊   | 104219/153903 [02:22<01:05, 754.25 examples/s]
Tokenizing train dataset (num_proc=1):  68%|██████▊   | 104321/153903 [02:22<01:00, 819.35 examples/s]
Tokenizing train dataset (num_proc=1):  68%|██████▊   | 104416/153903 [02:22<00:58, 852.76 examples/s]
Tokenizing train dataset (num_proc=1):  68%|██████▊   | 104520/153903 [02:22<00:55, 897.17 examples/s]
Tokenizing train dataset (num_proc=1):  68%|██████▊   | 104633/153903 [02:22<00:51, 951.90 examples/s]
Tokenizing train dataset (num_proc=1):  68%|██████▊   | 104743/153903 [02:22<00:49, 987.22 examples/s]
Tokenizing train dataset (num_proc=1):  68%|██████▊   | 104884/153903 [02:22<00:50, 964.06 examples/s]
Tokenizing train dataset (num_proc=1):  68%|██████▊   | 104999/153903 [02:22<00:54, 892.37 examples/s]
Tokenizing train dataset (num_proc=1):  68%|██████▊   | 105112/153903 [02:23<00:57, 843.04 examples/s]
Tokenizing train dataset (num_proc=1):  68%|██████▊   | 105216/153903 [02:23<00:54, 885.79 examples/s]
Tokenizing train dataset (num_proc=1):  68%|██████▊   | 105355/153903 [02:23<00:54, 896.87 examples/s]
Tokenizing train dataset (num_proc=1):  69%|██████▊   | 105475/153903 [02:23<00:56, 862.60 examples/s]
Tokenizing train dataset (num_proc=1):  69%|██████▊   | 105596/153903 [02:23<00:57, 839.19 examples/s]
Tokenizing train dataset (num_proc=1):  69%|██████▊   | 105699/153903 [02:23<01:01, 786.07 examples/s]
Tokenizing train dataset (num_proc=1):  69%|██████▊   | 105781/153903 [02:23<01:00, 790.60 examples/s]
Tokenizing train dataset (num_proc=1):  69%|██████▉   | 105898/153903 [02:23<01:01, 782.74 examples/s]
Tokenizing train dataset (num_proc=1):  69%|██████▉   | 106000/153903 [02:24<01:07, 707.48 examples/s]
Tokenizing train dataset (num_proc=1):  69%|██████▉   | 106097/153903 [02:24<01:02, 765.15 examples/s]
Tokenizing train dataset (num_proc=1):  69%|██████▉   | 106184/153903 [02:24<01:00, 788.32 examples/s]
Tokenizing train dataset (num_proc=1):  69%|██████▉   | 106307/153903 [02:24<00:59, 793.42 examples/s]
Tokenizing train dataset (num_proc=1):  69%|██████▉   | 106438/153903 [02:24<00:58, 814.84 examples/s]
Tokenizing train dataset (num_proc=1):  69%|██████▉   | 106552/153903 [02:24<00:59, 792.21 examples/s]
Tokenizing train dataset (num_proc=1):  69%|██████▉   | 106633/153903 [02:24<00:59, 793.86 examples/s]
Tokenizing train dataset (num_proc=1):  69%|██████▉   | 106717/153903 [02:25<00:59, 799.24 examples/s]
Tokenizing train dataset (num_proc=1):  69%|██████▉   | 106804/153903 [02:25<00:57, 814.87 examples/s]
Tokenizing train dataset (num_proc=1):  69%|██████▉   | 106905/153903 [02:25<00:54, 864.32 examples/s]
Tokenizing train dataset (num_proc=1):  70%|██████▉   | 106994/153903 [02:25<00:54, 865.19 examples/s]
Tokenizing train dataset (num_proc=1):  70%|██████▉   | 107082/153903 [02:25<01:01, 758.96 examples/s]
Tokenizing train dataset (num_proc=1):  70%|██████▉   | 107175/153903 [02:25<01:06, 702.18 examples/s]
Tokenizing train dataset (num_proc=1):  70%|██████▉   | 107249/153903 [02:25<01:05, 710.72 examples/s]
Tokenizing train dataset (num_proc=1):  70%|██████▉   | 107327/153903 [02:25<01:04, 726.87 examples/s]
Tokenizing train dataset (num_proc=1):  70%|██████▉   | 107442/153903 [02:25<01:03, 731.80 examples/s]
Tokenizing train dataset (num_proc=1):  70%|██████▉   | 107530/153903 [02:26<01:00, 762.37 examples/s]
Tokenizing train dataset (num_proc=1):  70%|██████▉   | 107612/153903 [02:26<00:59, 776.31 examples/s]
Tokenizing train dataset (num_proc=1):  70%|██████▉   | 107695/153903 [02:26<00:58, 790.57 examples/s]
Tokenizing train dataset (num_proc=1):  70%|███████   | 107803/153903 [02:26<01:01, 745.23 examples/s]
Tokenizing train dataset (num_proc=1):  70%|███████   | 107895/153903 [02:26<00:58, 785.56 examples/s]
Tokenizing train dataset (num_proc=1):  70%|███████   | 107992/153903 [02:26<01:02, 730.71 examples/s]
Tokenizing train dataset (num_proc=1):  70%|███████   | 108096/153903 [02:26<01:12, 628.28 examples/s]
Tokenizing train dataset (num_proc=1):  70%|███████   | 108173/153903 [02:27<01:09, 654.32 examples/s]
Tokenizing train dataset (num_proc=1):  70%|███████   | 108297/153903 [02:27<01:04, 710.52 examples/s]
Tokenizing train dataset (num_proc=1):  70%|███████   | 108378/153903 [02:27<01:02, 732.38 examples/s]
Tokenizing train dataset (num_proc=1):  70%|███████   | 108487/153903 [02:27<01:02, 724.41 examples/s]
Tokenizing train dataset (num_proc=1):  71%|███████   | 108591/153903 [02:27<01:03, 709.37 examples/s]
Tokenizing train dataset (num_proc=1):  71%|███████   | 108673/153903 [02:27<01:01, 734.75 examples/s]
Tokenizing train dataset (num_proc=1):  71%|███████   | 108756/153903 [02:27<01:00, 749.86 examples/s]
Tokenizing train dataset (num_proc=1):  71%|███████   | 108841/153903 [02:27<00:58, 770.70 examples/s]
Tokenizing train dataset (num_proc=1):  71%|███████   | 108926/153903 [02:27<00:57, 781.58 examples/s]
Tokenizing train dataset (num_proc=1):  71%|███████   | 109041/153903 [02:28<01:02, 712.42 examples/s]
Tokenizing train dataset (num_proc=1):  71%|███████   | 109133/153903 [02:28<01:06, 678.01 examples/s]
Tokenizing train dataset (num_proc=1):  71%|███████   | 109221/153903 [02:28<01:09, 643.01 examples/s]
Tokenizing train dataset (num_proc=1):  71%|███████   | 109315/153903 [02:28<01:10, 628.47 examples/s]
Tokenizing train dataset (num_proc=1):  71%|███████   | 109411/153903 [02:28<01:11, 625.45 examples/s]
Tokenizing train dataset (num_proc=1):  71%|███████   | 109477/153903 [02:28<01:10, 632.51 examples/s]
Tokenizing train dataset (num_proc=1):  71%|███████   | 109543/153903 [02:28<01:09, 635.20 examples/s]
Tokenizing train dataset (num_proc=1):  71%|███████   | 109619/153903 [02:29<02:01, 365.57 examples/s]
Tokenizing train dataset (num_proc=1):  71%|███████▏  | 109699/153903 [02:29<01:41, 436.84 examples/s]
Tokenizing train dataset (num_proc=1):  71%|███████▏  | 109767/153903 [02:29<01:31, 481.57 examples/s]
Tokenizing train dataset (num_proc=1):  71%|███████▏  | 109842/153903 [02:29<01:21, 538.57 examples/s]
Tokenizing train dataset (num_proc=1):  71%|███████▏  | 109920/153903 [02:29<01:14, 593.30 examples/s]
Tokenizing train dataset (num_proc=1):  71%|███████▏  | 109991/153903 [02:29<01:11, 617.19 examples/s]
Tokenizing train dataset (num_proc=1):  72%|███████▏  | 110070/153903 [02:30<01:16, 576.69 examples/s]
Tokenizing train dataset (num_proc=1):  72%|███████▏  | 110146/153903 [02:30<01:10, 617.96 examples/s]
Tokenizing train dataset (num_proc=1):  72%|███████▏  | 110223/153903 [02:30<01:06, 654.51 examples/s]
Tokenizing train dataset (num_proc=1):  72%|███████▏  | 110316/153903 [02:30<00:59, 726.60 examples/s]
Tokenizing train dataset (num_proc=1):  72%|███████▏  | 110429/153903 [02:30<00:59, 733.56 examples/s]
Tokenizing train dataset (num_proc=1):  72%|███████▏  | 110505/153903 [02:30<00:58, 738.21 examples/s]
Tokenizing train dataset (num_proc=1):  72%|███████▏  | 110595/153903 [02:30<00:55, 780.30 examples/s]
Tokenizing train dataset (num_proc=1):  72%|███████▏  | 110685/153903 [02:30<00:53, 808.05 examples/s]
Tokenizing train dataset (num_proc=1):  72%|███████▏  | 110793/153903 [02:31<00:56, 763.95 examples/s]
Tokenizing train dataset (num_proc=1):  72%|███████▏  | 110876/153903 [02:31<00:55, 778.26 examples/s]
Tokenizing train dataset (num_proc=1):  72%|███████▏  | 110961/153903 [02:31<00:53, 796.38 examples/s]
Tokenizing train dataset (num_proc=1):  72%|███████▏  | 111045/153903 [02:31<00:56, 753.95 examples/s]
Tokenizing train dataset (num_proc=1):  72%|███████▏  | 111157/153903 [02:31<00:57, 748.79 examples/s]
Tokenizing train dataset (num_proc=1):  72%|███████▏  | 111234/153903 [02:31<00:56, 750.55 examples/s]
Tokenizing train dataset (num_proc=1):  72%|███████▏  | 111315/153903 [02:31<00:55, 765.81 examples/s]
Tokenizing train dataset (num_proc=1):  72%|███████▏  | 111398/153903 [02:31<00:54, 778.28 examples/s]
Tokenizing train dataset (num_proc=1):  72%|███████▏  | 111532/153903 [02:31<00:51, 819.38 examples/s]
Tokenizing train dataset (num_proc=1):  73%|███████▎  | 111621/153903 [02:32<00:50, 837.18 examples/s]
Tokenizing train dataset (num_proc=1):  73%|███████▎  | 111712/153903 [02:32<00:49, 853.37 examples/s]
Tokenizing train dataset (num_proc=1):  73%|███████▎  | 111845/153903 [02:32<00:48, 858.98 examples/s]
Tokenizing train dataset (num_proc=1):  73%|███████▎  | 111932/153903 [02:32<00:48, 857.14 examples/s]
Tokenizing train dataset (num_proc=1):  73%|███████▎  | 112050/153903 [02:32<00:51, 807.65 examples/s]
Tokenizing train dataset (num_proc=1):  73%|███████▎  | 112152/153903 [02:32<00:55, 758.07 examples/s]
Tokenizing train dataset (num_proc=1):  73%|███████▎  | 112261/153903 [02:32<00:55, 744.89 examples/s]
Tokenizing train dataset (num_proc=1):  73%|███████▎  | 112338/153903 [02:32<00:55, 747.05 examples/s]
Tokenizing train dataset (num_proc=1):  73%|███████▎  | 112429/153903 [02:33<00:53, 780.78 examples/s]
Tokenizing train dataset (num_proc=1):  73%|███████▎  | 112544/153903 [02:33<00:53, 771.07 examples/s]
Tokenizing train dataset (num_proc=1):  73%|███████▎  | 112650/153903 [02:33<00:55, 743.56 examples/s]
Tokenizing train dataset (num_proc=1):  73%|███████▎  | 112730/153903 [02:33<00:54, 752.79 examples/s]
Tokenizing train dataset (num_proc=1):  73%|███████▎  | 112837/153903 [02:33<00:55, 734.33 examples/s]
Tokenizing train dataset (num_proc=1):  73%|███████▎  | 112919/153903 [02:33<00:54, 750.27 examples/s]
Tokenizing train dataset (num_proc=1):  73%|███████▎  | 113000/153903 [02:33<00:56, 720.12 examples/s]
Tokenizing train dataset (num_proc=1):  73%|███████▎  | 113091/153903 [02:33<00:53, 766.10 examples/s]
Tokenizing train dataset (num_proc=1):  74%|███████▎  | 113195/153903 [02:34<00:48, 838.44 examples/s]
Tokenizing train dataset (num_proc=1):  74%|███████▎  | 113294/153903 [02:34<00:46, 874.61 examples/s]
Tokenizing train dataset (num_proc=1):  74%|███████▎  | 113430/153903 [02:34<00:46, 874.51 examples/s]
Tokenizing train dataset (num_proc=1):  74%|███████▍  | 113522/153903 [02:34<00:45, 880.76 examples/s]
Tokenizing train dataset (num_proc=1):  74%|███████▍  | 113641/153903 [02:34<00:47, 846.80 examples/s]
Tokenizing train dataset (num_proc=1):  74%|███████▍  | 113755/153903 [02:34<00:49, 811.65 examples/s]
Tokenizing train dataset (num_proc=1):  74%|███████▍  | 113873/153903 [02:34<00:50, 795.99 examples/s]
Tokenizing train dataset (num_proc=1):  74%|███████▍  | 113965/153903 [02:35<00:54, 732.94 examples/s]
Tokenizing train dataset (num_proc=1):  74%|███████▍  | 114040/153903 [02:35<00:57, 689.12 examples/s]
Tokenizing train dataset (num_proc=1):  74%|███████▍  | 114122/153903 [02:35<00:55, 718.71 examples/s]
Tokenizing train dataset (num_proc=1):  74%|███████▍  | 114214/153903 [02:35<00:51, 766.48 examples/s]
Tokenizing train dataset (num_proc=1):  74%|███████▍  | 114305/153903 [02:35<00:49, 798.40 examples/s]
Tokenizing train dataset (num_proc=1):  74%|███████▍  | 114396/153903 [02:35<00:48, 822.58 examples/s]
Tokenizing train dataset (num_proc=1):  74%|███████▍  | 114486/153903 [02:35<00:47, 837.97 examples/s]
Tokenizing train dataset (num_proc=1):  74%|███████▍  | 114615/153903 [02:35<00:46, 840.73 examples/s]
Tokenizing train dataset (num_proc=1):  75%|███████▍  | 114736/153903 [02:35<00:47, 827.59 examples/s]
Tokenizing train dataset (num_proc=1):  75%|███████▍  | 114871/153903 [02:36<00:46, 844.35 examples/s]
Tokenizing train dataset (num_proc=1):  75%|███████▍  | 114964/153903 [02:36<00:45, 861.12 examples/s]
Tokenizing train dataset (num_proc=1):  75%|███████▍  | 115086/153903 [02:36<00:49, 790.33 examples/s]
Tokenizing train dataset (num_proc=1):  75%|███████▍  | 115178/153903 [02:36<00:47, 813.98 examples/s]
Tokenizing train dataset (num_proc=1):  75%|███████▍  | 115273/153903 [02:36<00:45, 842.00 examples/s]
Tokenizing train dataset (num_proc=1):  75%|███████▍  | 115406/153903 [02:36<00:44, 855.62 examples/s]
Tokenizing train dataset (num_proc=1):  75%|███████▌  | 115508/153903 [02:36<00:42, 894.21 examples/s]
Tokenizing train dataset (num_proc=1):  75%|███████▌  | 115645/153903 [02:37<00:42, 894.40 examples/s]
Tokenizing train dataset (num_proc=1):  75%|███████▌  | 115772/153903 [02:37<00:43, 868.59 examples/s]
Tokenizing train dataset (num_proc=1):  75%|███████▌  | 115895/153903 [02:37<00:44, 847.66 examples/s]
Tokenizing train dataset (num_proc=1):  75%|███████▌  | 116000/153903 [02:37<00:45, 838.78 examples/s]
Tokenizing train dataset (num_proc=1):  75%|███████▌  | 116090/153903 [02:37<00:44, 848.15 examples/s]
Tokenizing train dataset (num_proc=1):  76%|███████▌  | 116229/153903 [02:37<00:43, 874.47 examples/s]
Tokenizing train dataset (num_proc=1):  76%|███████▌  | 116351/153903 [02:37<00:44, 849.21 examples/s]
Tokenizing train dataset (num_proc=1):  76%|███████▌  | 116469/153903 [02:38<00:45, 825.44 examples/s]
Tokenizing train dataset (num_proc=1):  76%|███████▌  | 116564/153903 [02:38<00:43, 849.18 examples/s]
Tokenizing train dataset (num_proc=1):  76%|███████▌  | 116683/153903 [02:38<00:44, 830.48 examples/s]
Tokenizing train dataset (num_proc=1):  76%|███████▌  | 116776/153903 [02:38<00:43, 845.29 examples/s]
Tokenizing train dataset (num_proc=1):  76%|███████▌  | 116862/153903 [02:38<00:43, 844.75 examples/s]
Tokenizing train dataset (num_proc=1):  76%|███████▌  | 116951/153903 [02:38<00:43, 852.97 examples/s]
Tokenizing train dataset (num_proc=1):  76%|███████▌  | 117066/153903 [02:38<00:45, 815.80 examples/s]
Tokenizing train dataset (num_proc=1):  76%|███████▌  | 117151/153903 [02:38<00:44, 820.18 examples/s]
Tokenizing train dataset (num_proc=1):  76%|███████▌  | 117243/153903 [02:38<00:43, 845.62 examples/s]
Tokenizing train dataset (num_proc=1):  76%|███████▌  | 117344/153903 [02:39<00:41, 888.17 examples/s]
Tokenizing train dataset (num_proc=1):  76%|███████▋  | 117480/153903 [02:39<00:40, 888.61 examples/s]
Tokenizing train dataset (num_proc=1):  76%|███████▋  | 117613/153903 [02:39<00:41, 884.38 examples/s]
Tokenizing train dataset (num_proc=1):  77%|███████▋  | 117737/153903 [02:39<00:42, 858.89 examples/s]
Tokenizing train dataset (num_proc=1):  77%|███████▋  | 117832/153903 [02:39<00:41, 877.01 examples/s]
Tokenizing train dataset (num_proc=1):  77%|███████▋  | 117956/153903 [02:39<00:41, 856.03 examples/s]
Tokenizing train dataset (num_proc=1):  77%|███████▋  | 118063/153903 [02:39<00:44, 806.13 examples/s]
Tokenizing train dataset (num_proc=1):  77%|███████▋  | 118158/153903 [02:40<00:42, 835.22 examples/s]
Tokenizing train dataset (num_proc=1):  77%|███████▋  | 118250/153903 [02:40<00:41, 854.14 examples/s]
Tokenizing train dataset (num_proc=1):  77%|███████▋  | 118343/153903 [02:40<00:40, 873.24 examples/s]
Tokenizing train dataset (num_proc=1):  77%|███████▋  | 118448/153903 [02:40<00:38, 919.79 examples/s]
Tokenizing train dataset (num_proc=1):  77%|███████▋  | 118562/153903 [02:40<00:36, 977.08 examples/s]
Tokenizing train dataset (num_proc=1):  77%|███████▋  | 118694/153903 [02:40<00:37, 935.05 examples/s]
Tokenizing train dataset (num_proc=1):  77%|███████▋  | 118805/153903 [02:40<00:40, 859.02 examples/s]
Tokenizing train dataset (num_proc=1):  77%|███████▋  | 118904/153903 [02:40<00:44, 790.21 examples/s]
Tokenizing train dataset (num_proc=1):  77%|███████▋  | 119002/153903 [02:41<00:47, 737.54 examples/s]
Tokenizing train dataset (num_proc=1):  77%|███████▋  | 119124/153903 [02:41<00:45, 758.50 examples/s]
Tokenizing train dataset (num_proc=1):  77%|███████▋  | 119217/153903 [02:41<00:43, 795.71 examples/s]
Tokenizing train dataset (num_proc=1):  78%|███████▊  | 119343/153903 [02:41<00:42, 804.84 examples/s]
Tokenizing train dataset (num_proc=1):  78%|███████▊  | 119476/153903 [02:41<00:41, 828.28 examples/s]
Tokenizing train dataset (num_proc=1):  78%|███████▊  | 119577/153903 [02:41<00:39, 865.56 examples/s]
Tokenizing train dataset (num_proc=1):  78%|███████▊  | 119671/153903 [02:41<00:38, 880.07 examples/s]
Tokenizing train dataset (num_proc=1):  78%|███████▊  | 119764/153903 [02:41<00:38, 890.39 examples/s]
Tokenizing train dataset (num_proc=1):  78%|███████▊  | 119858/153903 [02:41<00:37, 899.96 examples/s]
Tokenizing train dataset (num_proc=1):  78%|███████▊  | 119986/153903 [02:42<00:38, 874.77 examples/s]
Tokenizing train dataset (num_proc=1):  78%|███████▊  | 120096/153903 [02:42<00:41, 812.13 examples/s]
Tokenizing train dataset (num_proc=1):  78%|███████▊  | 120188/153903 [02:42<00:40, 834.73 examples/s]
Tokenizing train dataset (num_proc=1):  78%|███████▊  | 120276/153903 [02:42<00:39, 843.63 examples/s]
Tokenizing train dataset (num_proc=1):  78%|███████▊  | 120369/153903 [02:42<00:38, 865.49 examples/s]
Tokenizing train dataset (num_proc=1):  78%|███████▊  | 120507/153903 [02:42<00:38, 876.24 examples/s]
Tokenizing train dataset (num_proc=1):  78%|███████▊  | 120612/153903 [02:42<00:40, 813.19 examples/s]
Tokenizing train dataset (num_proc=1):  78%|███████▊  | 120705/153903 [02:43<00:39, 840.29 examples/s]
Tokenizing train dataset (num_proc=1):  79%|███████▊  | 120833/153903 [02:43<00:39, 838.94 examples/s]
Tokenizing train dataset (num_proc=1):  79%|███████▊  | 120953/153903 [02:43<00:40, 822.59 examples/s]
Tokenizing train dataset (num_proc=1):  79%|███████▊  | 121066/153903 [02:43<00:41, 796.37 examples/s]
Tokenizing train dataset (num_proc=1):  79%|███████▊  | 121155/153903 [02:43<00:40, 812.14 examples/s]
Tokenizing train dataset (num_proc=1):  79%|███████▉  | 121246/153903 [02:43<00:39, 832.25 examples/s]
Tokenizing train dataset (num_proc=1):  79%|███████▉  | 121333/153903 [02:43<00:38, 838.21 examples/s]
Tokenizing train dataset (num_proc=1):  79%|███████▉  | 121421/153903 [02:43<00:38, 843.81 examples/s]
Tokenizing train dataset (num_proc=1):  79%|███████▉  | 121524/153903 [02:43<00:36, 892.28 examples/s]
Tokenizing train dataset (num_proc=1):  79%|███████▉  | 121648/153903 [02:44<00:37, 860.74 examples/s]
Tokenizing train dataset (num_proc=1):  79%|███████▉  | 121771/153903 [02:44<00:38, 837.81 examples/s]
Tokenizing train dataset (num_proc=1):  79%|███████▉  | 121861/153903 [02:44<00:37, 849.44 examples/s]
Tokenizing train dataset (num_proc=1):  79%|███████▉  | 121984/153903 [02:44<00:38, 830.12 examples/s]
Tokenizing train dataset (num_proc=1):  79%|███████▉  | 122093/153903 [02:44<00:40, 785.37 examples/s]
Tokenizing train dataset (num_proc=1):  79%|███████▉  | 122176/153903 [02:44<00:39, 793.31 examples/s]
Tokenizing train dataset (num_proc=1):  79%|███████▉  | 122267/153903 [02:44<00:38, 818.45 examples/s]
Tokenizing train dataset (num_proc=1):  80%|███████▉  | 122354/153903 [02:45<00:38, 829.94 examples/s]
Tokenizing train dataset (num_proc=1):  80%|███████▉  | 122444/153903 [02:45<00:37, 837.64 examples/s]
Tokenizing train dataset (num_proc=1):  80%|███████▉  | 122533/153903 [02:45<00:36, 851.64 examples/s]
Tokenizing train dataset (num_proc=1):  80%|███████▉  | 122658/153903 [02:45<00:37, 838.64 examples/s]
Tokenizing train dataset (num_proc=1):  80%|███████▉  | 122777/153903 [02:45<00:38, 816.65 examples/s]
Tokenizing train dataset (num_proc=1):  80%|███████▉  | 122902/153903 [02:45<00:37, 820.50 examples/s]
Tokenizing train dataset (num_proc=1):  80%|███████▉  | 122990/153903 [02:45<00:37, 834.13 examples/s]
Tokenizing train dataset (num_proc=1):  80%|███████▉  | 123103/153903 [02:45<00:38, 803.04 examples/s]
Tokenizing train dataset (num_proc=1):  80%|████████  | 123199/153903 [02:46<00:36, 838.35 examples/s]
Tokenizing train dataset (num_proc=1):  80%|████████  | 123286/153903 [02:46<00:36, 840.25 examples/s]
Tokenizing train dataset (num_proc=1):  80%|████████  | 123372/153903 [02:46<00:36, 841.20 examples/s]
Tokenizing train dataset (num_proc=1):  80%|████████  | 123470/153903 [02:46<00:34, 874.82 examples/s]
Tokenizing train dataset (num_proc=1):  80%|████████  | 123559/153903 [02:46<00:34, 877.50 examples/s]
Tokenizing train dataset (num_proc=1):  80%|████████  | 123652/153903 [02:46<00:34, 887.34 examples/s]
Tokenizing train dataset (num_proc=1):  80%|████████  | 123743/153903 [02:46<00:33, 889.15 examples/s]
Tokenizing train dataset (num_proc=1):  80%|████████  | 123873/153903 [02:46<00:34, 873.30 examples/s]
Tokenizing train dataset (num_proc=1):  81%|████████  | 123996/153903 [02:46<00:35, 851.21 examples/s]
Tokenizing train dataset (num_proc=1):  81%|████████  | 124100/153903 [02:47<00:37, 796.77 examples/s]
Tokenizing train dataset (num_proc=1):  81%|████████  | 124189/153903 [02:47<00:36, 817.13 examples/s]
Tokenizing train dataset (num_proc=1):  81%|████████  | 124275/153903 [02:47<00:35, 826.44 examples/s]
Tokenizing train dataset (num_proc=1):  81%|████████  | 124390/153903 [02:47<00:36, 800.45 examples/s]
Tokenizing train dataset (num_proc=1):  81%|████████  | 124493/153903 [02:47<00:34, 852.65 examples/s]
Tokenizing train dataset (num_proc=1):  81%|████████  | 124618/153903 [02:47<00:34, 841.38 examples/s]
Tokenizing train dataset (num_proc=1):  81%|████████  | 124737/153903 [02:47<00:35, 817.48 examples/s]
Tokenizing train dataset (num_proc=1):  81%|████████  | 124825/153903 [02:47<00:35, 829.11 examples/s]
Tokenizing train dataset (num_proc=1):  81%|████████  | 124946/153903 [02:48<00:35, 817.80 examples/s]
Tokenizing train dataset (num_proc=1):  81%|████████▏ | 125050/153903 [02:48<00:37, 772.76 examples/s]
Tokenizing train dataset (num_proc=1):  81%|████████▏ | 125167/153903 [02:48<00:37, 768.25 examples/s]
Tokenizing train dataset (num_proc=1):  81%|████████▏ | 125245/153903 [02:48<00:37, 767.08 examples/s]
Tokenizing train dataset (num_proc=1):  81%|████████▏ | 125337/153903 [02:48<00:35, 799.21 examples/s]
Tokenizing train dataset (num_proc=1):  82%|████████▏ | 125452/153903 [02:48<00:36, 784.44 examples/s]
Tokenizing train dataset (num_proc=1):  82%|████████▏ | 125567/153903 [02:48<00:36, 772.88 examples/s]
Tokenizing train dataset (num_proc=1):  82%|████████▏ | 125687/153903 [02:49<00:36, 773.74 examples/s]
Tokenizing train dataset (num_proc=1):  82%|████████▏ | 125768/153903 [02:49<00:36, 781.32 examples/s]
Tokenizing train dataset (num_proc=1):  82%|████████▏ | 125888/153903 [02:49<00:35, 782.34 examples/s]
Tokenizing train dataset (num_proc=1):  82%|████████▏ | 125970/153903 [02:49<00:35, 786.19 examples/s]
Tokenizing train dataset (num_proc=1):  82%|████████▏ | 126079/153903 [02:49<00:38, 721.42 examples/s]
Tokenizing train dataset (num_proc=1):  82%|████████▏ | 126204/153903 [02:49<00:36, 755.78 examples/s]
Tokenizing train dataset (num_proc=1):  82%|████████▏ | 126285/153903 [02:49<00:36, 764.11 examples/s]
Tokenizing train dataset (num_proc=1):  82%|████████▏ | 126407/153903 [02:50<00:35, 769.75 examples/s]
Tokenizing train dataset (num_proc=1):  82%|████████▏ | 126508/153903 [02:50<00:46, 585.05 examples/s]
Tokenizing train dataset (num_proc=1):  82%|████████▏ | 126588/153903 [02:50<00:43, 625.09 examples/s]
Tokenizing train dataset (num_proc=1):  82%|████████▏ | 126670/153903 [02:50<00:40, 665.15 examples/s]
Tokenizing train dataset (num_proc=1):  82%|████████▏ | 126763/153903 [02:50<00:37, 721.79 examples/s]
Tokenizing train dataset (num_proc=1):  82%|████████▏ | 126859/153903 [02:50<00:34, 779.18 examples/s]
Tokenizing train dataset (num_proc=1):  82%|████████▏ | 126958/153903 [02:50<00:32, 828.60 examples/s]
Tokenizing train dataset (num_proc=1):  83%|████████▎ | 127092/153903 [02:50<00:33, 807.30 examples/s]
Tokenizing train dataset (num_proc=1):  83%|████████▎ | 127187/153903 [02:51<00:31, 839.10 examples/s]
Tokenizing train dataset (num_proc=1):  83%|████████▎ | 127281/153903 [02:51<00:30, 861.21 examples/s]
Tokenizing train dataset (num_proc=1):  83%|████████▎ | 127410/153903 [02:51<00:30, 856.06 examples/s]
Tokenizing train dataset (num_proc=1):  83%|████████▎ | 127502/153903 [02:51<00:30, 869.09 examples/s]
Tokenizing train dataset (num_proc=1):  83%|████████▎ | 127604/153903 [02:51<00:29, 903.40 examples/s]
Tokenizing train dataset (num_proc=1):  83%|████████▎ | 127700/153903 [02:51<00:28, 916.73 examples/s]
Tokenizing train dataset (num_proc=1):  83%|████████▎ | 127846/153903 [02:51<00:28, 929.78 examples/s]
Tokenizing train dataset (num_proc=1):  83%|████████▎ | 127946/153903 [02:51<00:27, 942.36 examples/s]
Tokenizing train dataset (num_proc=1):  83%|████████▎ | 128084/153903 [02:52<00:27, 928.66 examples/s]
Tokenizing train dataset (num_proc=1):  83%|████████▎ | 128183/153903 [02:52<00:27, 941.75 examples/s]
Tokenizing train dataset (num_proc=1):  83%|████████▎ | 128312/153903 [02:52<00:28, 910.29 examples/s]
Tokenizing train dataset (num_proc=1):  83%|████████▎ | 128441/153903 [02:52<00:28, 888.65 examples/s]
Tokenizing train dataset (num_proc=1):  84%|████████▎ | 128559/153903 [02:52<00:30, 843.67 examples/s]
Tokenizing train dataset (num_proc=1):  84%|████████▎ | 128679/153903 [02:52<00:30, 825.16 examples/s]
Tokenizing train dataset (num_proc=1):  84%|████████▎ | 128770/153903 [02:52<00:29, 841.38 examples/s]
Tokenizing train dataset (num_proc=1):  84%|████████▎ | 128893/153903 [02:53<00:30, 828.81 examples/s]
Tokenizing train dataset (num_proc=1):  84%|████████▍ | 128982/153903 [02:53<00:29, 839.40 examples/s]
Tokenizing train dataset (num_proc=1):  84%|████████▍ | 129077/153903 [02:53<00:32, 767.34 examples/s]
Tokenizing train dataset (num_proc=1):  84%|████████▍ | 129159/153903 [02:53<00:31, 776.94 examples/s]
Tokenizing train dataset (num_proc=1):  84%|████████▍ | 129268/153903 [02:53<00:32, 756.99 examples/s]
Tokenizing train dataset (num_proc=1):  84%|████████▍ | 129370/153903 [02:53<00:33, 728.22 examples/s]
Tokenizing train dataset (num_proc=1):  84%|████████▍ | 129451/153903 [02:53<00:32, 746.88 examples/s]
Tokenizing train dataset (num_proc=1):  84%|████████▍ | 129532/153903 [02:53<00:32, 757.24 examples/s]
Tokenizing train dataset (num_proc=1):  84%|████████▍ | 129610/153903 [02:53<00:31, 760.44 examples/s]
Tokenizing train dataset (num_proc=1):  84%|████████▍ | 129694/153903 [02:54<00:31, 779.21 examples/s]
Tokenizing train dataset (num_proc=1):  84%|████████▍ | 129812/153903 [02:54<00:30, 779.04 examples/s]
Tokenizing train dataset (num_proc=1):  84%|████████▍ | 129891/153903 [02:54<00:30, 779.39 examples/s]
Tokenizing train dataset (num_proc=1):  84%|████████▍ | 129977/153903 [02:54<00:29, 797.79 examples/s]
Tokenizing train dataset (num_proc=1):  85%|████████▍ | 130081/153903 [02:54<00:31, 749.69 examples/s]
Tokenizing train dataset (num_proc=1):  85%|████████▍ | 130192/153903 [02:54<00:31, 744.52 examples/s]
Tokenizing train dataset (num_proc=1):  85%|████████▍ | 130277/153903 [02:54<00:30, 769.36 examples/s]
Tokenizing train dataset (num_proc=1):  85%|████████▍ | 130360/153903 [02:54<00:30, 782.11 examples/s]
Tokenizing train dataset (num_proc=1):  85%|████████▍ | 130477/153903 [02:55<00:30, 778.55 examples/s]
Tokenizing train dataset (num_proc=1):  85%|████████▍ | 130565/153903 [02:55<00:29, 799.12 examples/s]
Tokenizing train dataset (num_proc=1):  85%|████████▍ | 130649/153903 [02:55<00:28, 806.13 examples/s]
Tokenizing train dataset (num_proc=1):  85%|████████▍ | 130755/153903 [02:55<00:26, 868.70 examples/s]
Tokenizing train dataset (num_proc=1):  85%|████████▌ | 130852/153903 [02:55<00:25, 892.81 examples/s]
Tokenizing train dataset (num_proc=1):  85%|████████▌ | 130970/153903 [02:55<00:27, 849.12 examples/s]
Tokenizing train dataset (num_proc=1):  85%|████████▌ | 131085/153903 [02:55<00:29, 783.93 examples/s]
Tokenizing train dataset (num_proc=1):  85%|████████▌ | 131180/153903 [02:55<00:27, 820.76 examples/s]
Tokenizing train dataset (num_proc=1):  85%|████████▌ | 131269/153903 [02:56<00:27, 835.52 examples/s]
Tokenizing train dataset (num_proc=1):  85%|████████▌ | 131357/153903 [02:56<00:26, 846.80 examples/s]
Tokenizing train dataset (num_proc=1):  85%|████████▌ | 131493/153903 [02:56<00:26, 859.25 examples/s]
Tokenizing train dataset (num_proc=1):  85%|████████▌ | 131580/153903 [02:56<00:26, 856.78 examples/s]
Tokenizing train dataset (num_proc=1):  86%|████████▌ | 131675/153903 [02:56<00:25, 877.39 examples/s]
Tokenizing train dataset (num_proc=1):  86%|████████▌ | 131799/153903 [02:56<00:25, 856.01 examples/s]
Tokenizing train dataset (num_proc=1):  86%|████████▌ | 131930/153903 [02:56<00:25, 856.10 examples/s]
Tokenizing train dataset (num_proc=1):  86%|████████▌ | 132044/153903 [02:56<00:26, 811.06 examples/s]
Tokenizing train dataset (num_proc=1):  86%|████████▌ | 132127/153903 [02:57<00:26, 812.34 examples/s]
Tokenizing train dataset (num_proc=1):  86%|████████▌ | 132214/153903 [02:57<00:26, 820.08 examples/s]
Tokenizing train dataset (num_proc=1):  86%|████████▌ | 132300/153903 [02:57<00:26, 824.40 examples/s]
Tokenizing train dataset (num_proc=1):  86%|████████▌ | 132388/153903 [02:57<00:25, 835.69 examples/s]
Tokenizing train dataset (num_proc=1):  86%|████████▌ | 132480/153903 [02:57<00:25, 856.01 examples/s]
Tokenizing train dataset (num_proc=1):  86%|████████▌ | 132619/153903 [02:57<00:24, 873.73 examples/s]
Tokenizing train dataset (num_proc=1):  86%|████████▋ | 132751/153903 [02:57<00:24, 872.60 examples/s]
Tokenizing train dataset (num_proc=1):  86%|████████▋ | 132839/153903 [02:57<00:24, 868.08 examples/s]
Tokenizing train dataset (num_proc=1):  86%|████████▋ | 132931/153903 [02:57<00:23, 876.72 examples/s]
Tokenizing train dataset (num_proc=1):  86%|████████▋ | 133052/153903 [02:58<00:24, 839.48 examples/s]
Tokenizing train dataset (num_proc=1):  87%|████████▋ | 133140/153903 [02:58<00:24, 846.60 examples/s]
Tokenizing train dataset (num_proc=1):  87%|████████▋ | 133237/153903 [02:58<00:23, 878.76 examples/s]
Tokenizing train dataset (num_proc=1):  87%|████████▋ | 133366/153903 [02:58<00:23, 865.99 examples/s]
Tokenizing train dataset (num_proc=1):  87%|████████▋ | 133460/153903 [02:58<00:23, 881.23 examples/s]
Tokenizing train dataset (num_proc=1):  87%|████████▋ | 133550/153903 [02:58<00:23, 882.03 examples/s]
Tokenizing train dataset (num_proc=1):  87%|████████▋ | 133678/153903 [02:58<00:23, 868.35 examples/s]
Tokenizing train dataset (num_proc=1):  87%|████████▋ | 133770/153903 [02:58<00:22, 877.61 examples/s]
Tokenizing train dataset (num_proc=1):  87%|████████▋ | 133868/153903 [02:59<00:22, 898.57 examples/s]
Tokenizing train dataset (num_proc=1):  87%|████████▋ | 133959/153903 [02:59<00:22, 900.40 examples/s]
Tokenizing train dataset (num_proc=1):  87%|████████▋ | 134090/153903 [02:59<00:23, 831.00 examples/s]
Tokenizing train dataset (num_proc=1):  87%|████████▋ | 134216/153903 [02:59<00:23, 831.51 examples/s]
Tokenizing train dataset (num_proc=1):  87%|████████▋ | 134336/153903 [02:59<00:23, 816.65 examples/s]
Tokenizing train dataset (num_proc=1):  87%|████████▋ | 134419/153903 [02:59<00:23, 818.23 examples/s]
Tokenizing train dataset (num_proc=1):  87%|████████▋ | 134507/153903 [02:59<00:23, 828.83 examples/s]
Tokenizing train dataset (num_proc=1):  87%|████████▋ | 134612/153903 [02:59<00:21, 884.44 examples/s]
Tokenizing train dataset (num_proc=1):  88%|████████▊ | 134743/153903 [03:00<00:21, 876.73 examples/s]
Tokenizing train dataset (num_proc=1):  88%|████████▊ | 134840/153903 [03:00<00:21, 895.12 examples/s]
Tokenizing train dataset (num_proc=1):  88%|████████▊ | 134934/153903 [03:00<00:20, 905.13 examples/s]
Tokenizing train dataset (num_proc=1):  88%|████████▊ | 135043/153903 [03:00<00:22, 821.92 examples/s]
Tokenizing train dataset (num_proc=1):  88%|████████▊ | 135128/153903 [03:00<00:22, 820.95 examples/s]
Tokenizing train dataset (num_proc=1):  88%|████████▊ | 135254/153903 [03:00<00:22, 823.89 examples/s]
Tokenizing train dataset (num_proc=1):  88%|████████▊ | 135343/153903 [03:00<00:22, 832.61 examples/s]
Tokenizing train dataset (num_proc=1):  88%|████████▊ | 135455/153903 [03:00<00:23, 798.85 examples/s]
Tokenizing train dataset (num_proc=1):  88%|████████▊ | 135581/153903 [03:01<00:22, 804.84 examples/s]
Tokenizing train dataset (num_proc=1):  88%|████████▊ | 135665/153903 [03:01<00:22, 811.16 examples/s]
Tokenizing train dataset (num_proc=1):  88%|████████▊ | 135784/153903 [03:01<00:22, 797.70 examples/s]
Tokenizing train dataset (num_proc=1):  88%|████████▊ | 135871/153903 [03:01<00:22, 809.31 examples/s]
Tokenizing train dataset (num_proc=1):  88%|████████▊ | 135960/153903 [03:01<00:21, 821.28 examples/s]
Tokenizing train dataset (num_proc=1):  88%|████████▊ | 136044/153903 [03:01<00:23, 764.57 examples/s]
Tokenizing train dataset (num_proc=1):  88%|████████▊ | 136169/153903 [03:01<00:22, 786.55 examples/s]
Tokenizing train dataset (num_proc=1):  89%|████████▊ | 136263/153903 [03:01<00:21, 821.58 examples/s]
Tokenizing train dataset (num_proc=1):  89%|████████▊ | 136352/153903 [03:02<00:20, 837.52 examples/s]
Tokenizing train dataset (num_proc=1):  89%|████████▊ | 136482/153903 [03:02<00:20, 844.13 examples/s]
Tokenizing train dataset (num_proc=1):  89%|████████▉ | 136592/153903 [03:02<00:21, 803.64 examples/s]
Tokenizing train dataset (num_proc=1):  89%|████████▉ | 136674/153903 [03:02<00:21, 802.88 examples/s]
Tokenizing train dataset (num_proc=1):  89%|████████▉ | 136797/153903 [03:02<00:21, 810.08 examples/s]
Tokenizing train dataset (num_proc=1):  89%|████████▉ | 136879/153903 [03:02<00:21, 809.70 examples/s]
Tokenizing train dataset (num_proc=1):  89%|████████▉ | 136972/153903 [03:02<00:20, 831.21 examples/s]
Tokenizing train dataset (num_proc=1):  89%|████████▉ | 137096/153903 [03:02<00:20, 808.70 examples/s]
Tokenizing train dataset (num_proc=1):  89%|████████▉ | 137197/153903 [03:03<00:19, 849.19 examples/s]
Tokenizing train dataset (num_proc=1):  89%|████████▉ | 137325/153903 [03:03<00:19, 843.38 examples/s]
Tokenizing train dataset (num_proc=1):  89%|████████▉ | 137423/153903 [03:03<00:18, 870.31 examples/s]
Tokenizing train dataset (num_proc=1):  89%|████████▉ | 137548/153903 [03:03<00:19, 851.37 examples/s]
Tokenizing train dataset (num_proc=1):  89%|████████▉ | 137674/153903 [03:03<00:19, 839.18 examples/s]
Tokenizing train dataset (num_proc=1):  90%|████████▉ | 137769/153903 [03:03<00:18, 861.86 examples/s]
Tokenizing train dataset (num_proc=1):  90%|████████▉ | 137892/153903 [03:03<00:18, 843.66 examples/s]
Tokenizing train dataset (num_proc=1):  90%|████████▉ | 138000/153903 [03:04<00:20, 792.09 examples/s]
Tokenizing train dataset (num_proc=1):  90%|████████▉ | 138097/153903 [03:04<00:19, 829.70 examples/s]
Tokenizing train dataset (num_proc=1):  90%|████████▉ | 138221/153903 [03:04<00:18, 826.47 examples/s]
Tokenizing train dataset (num_proc=1):  90%|████████▉ | 138314/153903 [03:04<00:18, 850.40 examples/s]
Tokenizing train dataset (num_proc=1):  90%|████████▉ | 138413/153903 [03:04<00:17, 883.97 examples/s]
Tokenizing train dataset (num_proc=1):  90%|████████▉ | 138512/153903 [03:04<00:16, 908.01 examples/s]
Tokenizing train dataset (num_proc=1):  90%|█████████ | 138654/153903 [03:04<00:16, 914.12 examples/s]
Tokenizing train dataset (num_proc=1):  90%|█████████ | 138782/153903 [03:04<00:17, 887.70 examples/s]
Tokenizing train dataset (num_proc=1):  90%|█████████ | 138892/153903 [03:05<00:18, 824.65 examples/s]
Tokenizing train dataset (num_proc=1):  90%|█████████ | 139000/153903 [03:05<00:19, 753.11 examples/s]
Tokenizing train dataset (num_proc=1):  90%|█████████ | 139083/153903 [03:05<00:19, 766.66 examples/s]
Tokenizing train dataset (num_proc=1):  90%|█████████ | 139184/153903 [03:05<00:17, 819.03 examples/s]
Tokenizing train dataset (num_proc=1):  90%|█████████ | 139271/153903 [03:05<00:17, 831.03 examples/s]
Tokenizing train dataset (num_proc=1):  91%|█████████ | 139400/153903 [03:05<00:17, 836.42 examples/s]
Tokenizing train dataset (num_proc=1):  91%|█████████ | 139499/153903 [03:05<00:16, 872.47 examples/s]
Tokenizing train dataset (num_proc=1):  91%|█████████ | 139622/153903 [03:05<00:16, 848.38 examples/s]
Tokenizing train dataset (num_proc=1):  91%|█████████ | 139714/153903 [03:06<00:16, 859.61 examples/s]
Tokenizing train dataset (num_proc=1):  91%|█████████ | 139813/153903 [03:06<00:15, 893.45 examples/s]
Tokenizing train dataset (num_proc=1):  91%|█████████ | 139947/153903 [03:06<00:15, 886.81 examples/s]
Tokenizing train dataset (num_proc=1):  91%|█████████ | 140058/153903 [03:06<00:16, 833.22 examples/s]
Tokenizing train dataset (num_proc=1):  91%|█████████ | 140146/153903 [03:06<00:16, 839.64 examples/s]
Tokenizing train dataset (num_proc=1):  91%|█████████ | 140255/153903 [03:06<00:17, 798.61 examples/s]
Tokenizing train dataset (num_proc=1):  91%|█████████ | 140376/153903 [03:06<00:16, 796.87 examples/s]
Tokenizing train dataset (num_proc=1):  91%|█████████▏| 140458/153903 [03:06<00:16, 794.53 examples/s]
Tokenizing train dataset (num_proc=1):  91%|█████████▏| 140543/153903 [03:07<00:16, 805.92 examples/s]
Tokenizing train dataset (num_proc=1):  91%|█████████▏| 140625/153903 [03:07<00:16, 803.56 examples/s]
Tokenizing train dataset (num_proc=1):  91%|█████████▏| 140708/153903 [03:07<00:16, 809.16 examples/s]
Tokenizing train dataset (num_proc=1):  91%|█████████▏| 140809/153903 [03:07<00:15, 862.47 examples/s]
Tokenizing train dataset (num_proc=1):  92%|█████████▏| 140942/153903 [03:07<00:15, 862.14 examples/s]
Tokenizing train dataset (num_proc=1):  92%|█████████▏| 141050/153903 [03:07<00:15, 808.95 examples/s]
Tokenizing train dataset (num_proc=1):  92%|█████████▏| 141139/153903 [03:07<00:15, 823.96 examples/s]
Tokenizing train dataset (num_proc=1):  92%|█████████▏| 141244/153903 [03:07<00:16, 774.58 examples/s]
Tokenizing train dataset (num_proc=1):  92%|█████████▏| 141336/153903 [03:08<00:17, 717.88 examples/s]
Tokenizing train dataset (num_proc=1):  92%|█████████▏| 141423/153903 [03:08<00:16, 753.05 examples/s]
Tokenizing train dataset (num_proc=1):  92%|█████████▏| 141508/153903 [03:08<00:16, 771.83 examples/s]
Tokenizing train dataset (num_proc=1):  92%|█████████▏| 141596/153903 [03:08<00:15, 796.44 examples/s]
Tokenizing train dataset (num_proc=1):  92%|█████████▏| 141678/153903 [03:08<00:15, 794.67 examples/s]
Tokenizing train dataset (num_proc=1):  92%|█████████▏| 141771/153903 [03:08<00:14, 829.31 examples/s]
Tokenizing train dataset (num_proc=1):  92%|█████████▏| 141905/153903 [03:08<00:14, 846.63 examples/s]
Tokenizing train dataset (num_proc=1):  92%|█████████▏| 141990/153903 [03:08<00:14, 844.24 examples/s]
Tokenizing train dataset (num_proc=1):  92%|█████████▏| 142086/153903 [03:09<00:15, 766.26 examples/s]
Tokenizing train dataset (num_proc=1):  92%|█████████▏| 142167/153903 [03:09<00:15, 766.76 examples/s]
Tokenizing train dataset (num_proc=1):  92%|█████████▏| 142252/153903 [03:09<00:14, 784.11 examples/s]
Tokenizing train dataset (num_proc=1):  93%|█████████▎| 142378/153903 [03:09<00:14, 802.23 examples/s]
Tokenizing train dataset (num_proc=1):  93%|█████████▎| 142465/153903 [03:09<00:13, 817.30 examples/s]
Tokenizing train dataset (num_proc=1):  93%|█████████▎| 142564/153903 [03:09<00:13, 861.87 examples/s]
Tokenizing train dataset (num_proc=1):  93%|█████████▎| 142657/153903 [03:09<00:12, 868.90 examples/s]
Tokenizing train dataset (num_proc=1):  93%|█████████▎| 142779/153903 [03:09<00:13, 843.44 examples/s]
Tokenizing train dataset (num_proc=1):  93%|█████████▎| 142906/153903 [03:09<00:13, 833.85 examples/s]
Tokenizing train dataset (num_proc=1):  93%|█████████▎| 142991/153903 [03:10<00:13, 834.61 examples/s]
Tokenizing train dataset (num_proc=1):  93%|█████████▎| 143089/153903 [03:10<00:14, 767.90 examples/s]
Tokenizing train dataset (num_proc=1):  93%|█████████▎| 143173/153903 [03:10<00:13, 780.75 examples/s]
Tokenizing train dataset (num_proc=1):  93%|█████████▎| 143286/153903 [03:10<00:17, 603.33 examples/s]
Tokenizing train dataset (num_proc=1):  93%|█████████▎| 143384/153903 [03:10<00:15, 677.49 examples/s]
Tokenizing train dataset (num_proc=1):  93%|█████████▎| 143469/153903 [03:10<00:14, 714.26 examples/s]
Tokenizing train dataset (num_proc=1):  93%|█████████▎| 143561/153903 [03:10<00:13, 762.45 examples/s]
Tokenizing train dataset (num_proc=1):  93%|█████████▎| 143681/153903 [03:11<00:13, 766.83 examples/s]
Tokenizing train dataset (num_proc=1):  93%|█████████▎| 143762/153903 [03:11<00:13, 769.87 examples/s]
Tokenizing train dataset (num_proc=1):  93%|█████████▎| 143848/153903 [03:11<00:12, 792.06 examples/s]
Tokenizing train dataset (num_proc=1):  94%|█████████▎| 143930/153903 [03:11<00:12, 797.31 examples/s]
Tokenizing train dataset (num_proc=1):  94%|█████████▎| 144040/153903 [03:11<00:13, 736.09 examples/s]
Tokenizing train dataset (num_proc=1):  94%|█████████▎| 144129/153903 [03:11<00:12, 773.99 examples/s]
Tokenizing train dataset (num_proc=1):  94%|█████████▎| 144220/153903 [03:11<00:12, 803.43 examples/s]
Tokenizing train dataset (num_proc=1):  94%|█████████▍| 144315/153903 [03:11<00:11, 830.51 examples/s]
Tokenizing train dataset (num_proc=1):  94%|█████████▍| 144407/153903 [03:11<00:11, 850.89 examples/s]
Tokenizing train dataset (num_proc=1):  94%|█████████▍| 144509/153903 [03:12<00:10, 894.02 examples/s]
Tokenizing train dataset (num_proc=1):  94%|█████████▍| 144603/153903 [03:12<00:10, 901.99 examples/s]
Tokenizing train dataset (num_proc=1):  94%|█████████▍| 144741/153903 [03:12<00:10, 898.62 examples/s]
Tokenizing train dataset (num_proc=1):  94%|█████████▍| 144867/153903 [03:12<00:10, 872.43 examples/s]
Tokenizing train dataset (num_proc=1):  94%|█████████▍| 144959/153903 [03:12<00:10, 881.53 examples/s]
Tokenizing train dataset (num_proc=1):  94%|█████████▍| 145092/153903 [03:12<00:10, 831.00 examples/s]
Tokenizing train dataset (num_proc=1):  94%|█████████▍| 145215/153903 [03:12<00:10, 821.95 examples/s]
Tokenizing train dataset (num_proc=1):  94%|█████████▍| 145303/153903 [03:13<00:10, 833.73 examples/s]
Tokenizing train dataset (num_proc=1):  94%|█████████▍| 145388/153903 [03:13<00:10, 835.46 examples/s]
Tokenizing train dataset (num_proc=1):  95%|█████████▍| 145510/153903 [03:13<00:10, 823.21 examples/s]
Tokenizing train dataset (num_proc=1):  95%|█████████▍| 145609/153903 [03:13<00:09, 855.92 examples/s]
Tokenizing train dataset (num_proc=1):  95%|█████████▍| 145697/153903 [03:13<00:09, 859.38 examples/s]
Tokenizing train dataset (num_proc=1):  95%|█████████▍| 145792/153903 [03:13<00:09, 881.41 examples/s]
Tokenizing train dataset (num_proc=1):  95%|█████████▍| 145904/153903 [03:13<00:08, 941.74 examples/s]
Tokenizing train dataset (num_proc=1):  95%|█████████▍| 146000/153903 [03:13<00:09, 857.97 examples/s]
Tokenizing train dataset (num_proc=1):  95%|█████████▍| 146088/153903 [03:13<00:09, 858.44 examples/s]
Tokenizing train dataset (num_proc=1):  95%|█████████▍| 146185/153903 [03:14<00:08, 887.37 examples/s]
Tokenizing train dataset (num_proc=1):  95%|█████████▌| 146277/153903 [03:14<00:08, 887.52 examples/s]
Tokenizing train dataset (num_proc=1):  95%|█████████▌| 146369/153903 [03:14<00:08, 893.43 examples/s]
Tokenizing train dataset (num_proc=1):  95%|█████████▌| 146464/153903 [03:14<00:08, 905.63 examples/s]
Tokenizing train dataset (num_proc=1):  95%|█████████▌| 146599/153903 [03:14<00:08, 899.24 examples/s]
Tokenizing train dataset (num_proc=1):  95%|█████████▌| 146703/153903 [03:14<00:07, 933.47 examples/s]
Tokenizing train dataset (num_proc=1):  95%|█████████▌| 146839/153903 [03:14<00:07, 919.88 examples/s]
Tokenizing train dataset (num_proc=1):  95%|█████████▌| 146935/153903 [03:14<00:07, 928.91 examples/s]
Tokenizing train dataset (num_proc=1):  96%|█████████▌| 147047/153903 [03:14<00:07, 862.83 examples/s]
Tokenizing train dataset (num_proc=1):  96%|█████████▌| 147142/153903 [03:15<00:07, 881.33 examples/s]
Tokenizing train dataset (num_proc=1):  96%|█████████▌| 147233/153903 [03:15<00:07, 885.43 examples/s]
Tokenizing train dataset (num_proc=1):  96%|█████████▌| 147357/153903 [03:15<00:07, 862.08 examples/s]
Tokenizing train dataset (num_proc=1):  96%|█████████▌| 147454/153903 [03:15<00:07, 877.70 examples/s]
Tokenizing train dataset (num_proc=1):  96%|█████████▌| 147554/153903 [03:15<00:06, 909.34 examples/s]
Tokenizing train dataset (num_proc=1):  96%|█████████▌| 147650/153903 [03:15<00:06, 918.52 examples/s]
Tokenizing train dataset (num_proc=1):  96%|█████████▌| 147753/153903 [03:15<00:06, 947.88 examples/s]
Tokenizing train dataset (num_proc=1):  96%|█████████▌| 147888/153903 [03:15<00:06, 923.03 examples/s]
Tokenizing train dataset (num_proc=1):  96%|█████████▌| 148000/153903 [03:16<00:07, 841.40 examples/s]
Tokenizing train dataset (num_proc=1):  96%|█████████▌| 148087/153903 [03:16<00:06, 845.00 examples/s]
Tokenizing train dataset (num_proc=1):  96%|█████████▋| 148210/153903 [03:16<00:06, 830.97 examples/s]
Tokenizing train dataset (num_proc=1):  96%|█████████▋| 148298/153903 [03:16<00:06, 841.03 examples/s]
Tokenizing train dataset (num_proc=1):  96%|█████████▋| 148391/153903 [03:16<00:06, 860.21 examples/s]
Tokenizing train dataset (num_proc=1):  96%|█████████▋| 148483/153903 [03:16<00:06, 869.39 examples/s]
Tokenizing train dataset (num_proc=1):  97%|█████████▋| 148590/153903 [03:16<00:05, 916.23 examples/s]
Tokenizing train dataset (num_proc=1):  97%|█████████▋| 148696/153903 [03:16<00:05, 954.42 examples/s]
Tokenizing train dataset (num_proc=1):  97%|█████████▋| 148847/153903 [03:16<00:05, 974.47 examples/s]
Tokenizing train dataset (num_proc=1):  97%|█████████▋| 148946/153903 [03:17<00:05, 974.59 examples/s]
Tokenizing train dataset (num_proc=1):  97%|█████████▋| 149053/153903 [03:17<00:05, 929.79 examples/s]
Tokenizing train dataset (num_proc=1):  97%|█████████▋| 149186/153903 [03:17<00:05, 909.10 examples/s]
Tokenizing train dataset (num_proc=1):  97%|█████████▋| 149280/153903 [03:17<00:05, 910.72 examples/s]
Tokenizing train dataset (num_proc=1):  97%|█████████▋| 149389/153903 [03:17<00:04, 952.98 examples/s]
Tokenizing train dataset (num_proc=1):  97%|█████████▋| 149490/153903 [03:17<00:04, 957.96 examples/s]
Tokenizing train dataset (num_proc=1):  97%|█████████▋| 149588/153903 [03:17<00:04, 961.55 examples/s]
Tokenizing train dataset (num_proc=1):  97%|█████████▋| 149735/153903 [03:17<00:04, 961.66 examples/s]
Tokenizing train dataset (num_proc=1):  97%|█████████▋| 149877/153903 [03:18<00:04, 944.23 examples/s]
Tokenizing train dataset (num_proc=1):  97%|█████████▋| 149985/153903 [03:18<00:04, 974.19 examples/s]
Tokenizing train dataset (num_proc=1):  98%|█████████▊| 150097/153903 [03:18<00:04, 892.90 examples/s]
Tokenizing train dataset (num_proc=1):  98%|█████████▊| 150200/153903 [03:18<00:04, 920.67 examples/s]
Tokenizing train dataset (num_proc=1):  98%|█████████▊| 150308/153903 [03:18<00:03, 960.48 examples/s]
Tokenizing train dataset (num_proc=1):  98%|█████████▊| 150454/153903 [03:18<00:03, 957.43 examples/s]
Tokenizing train dataset (num_proc=1):  98%|█████████▊| 150553/153903 [03:18<00:03, 958.17 examples/s]
Tokenizing train dataset (num_proc=1):  98%|█████████▊| 150696/153903 [03:18<00:03, 955.66 examples/s]
Tokenizing train dataset (num_proc=1):  98%|█████████▊| 150796/153903 [03:19<00:03, 964.73 examples/s]
Tokenizing train dataset (num_proc=1):  98%|█████████▊| 150900/153903 [03:19<00:03, 982.91 examples/s]
Tokenizing train dataset (num_proc=1):  98%|█████████▊| 151003/153903 [03:19<00:03, 870.99 examples/s]
Tokenizing train dataset (num_proc=1):  98%|█████████▊| 151143/153903 [03:19<00:03, 887.64 examples/s]
Tokenizing train dataset (num_proc=1):  98%|█████████▊| 151280/153903 [03:19<00:02, 888.27 examples/s]
Tokenizing train dataset (num_proc=1):  98%|█████████▊| 151376/153903 [03:19<00:02, 902.53 examples/s]
Tokenizing train dataset (num_proc=1):  98%|█████████▊| 151517/153903 [03:19<00:02, 910.42 examples/s]
Tokenizing train dataset (num_proc=1):  99%|█████████▊| 151617/153903 [03:19<00:02, 930.42 examples/s]
Tokenizing train dataset (num_proc=1):  99%|█████████▊| 151715/153903 [03:20<00:02, 942.59 examples/s]
Tokenizing train dataset (num_proc=1):  99%|█████████▊| 151817/153903 [03:20<00:02, 957.03 examples/s]
Tokenizing train dataset (num_proc=1):  99%|█████████▊| 151916/153903 [03:20<00:02, 958.58 examples/s]
Tokenizing train dataset (num_proc=1):  99%|█████████▉| 152038/153903 [03:20<00:02, 834.96 examples/s]
Tokenizing train dataset (num_proc=1):  99%|█████████▉| 152129/153903 [03:20<00:02, 848.72 examples/s]
Tokenizing train dataset (num_proc=1):  99%|█████████▉| 152249/153903 [03:20<00:01, 830.77 examples/s]
Tokenizing train dataset (num_proc=1):  99%|█████████▉| 152375/153903 [03:20<00:01, 829.30 examples/s]
Tokenizing train dataset (num_proc=1):  99%|█████████▉| 152461/153903 [03:20<00:01, 827.54 examples/s]
Tokenizing train dataset (num_proc=1):  99%|█████████▉| 152585/153903 [03:21<00:01, 822.85 examples/s]
Tokenizing train dataset (num_proc=1):  99%|█████████▉| 152710/153903 [03:21<00:01, 823.28 examples/s]
Tokenizing train dataset (num_proc=1):  99%|█████████▉| 152829/153903 [03:21<00:01, 808.54 examples/s]
Tokenizing train dataset (num_proc=1):  99%|█████████▉| 152915/153903 [03:21<00:01, 818.37 examples/s]
Tokenizing train dataset (num_proc=1):  99%|█████████▉| 153000/153903 [03:21<00:01, 769.39 examples/s]
Tokenizing train dataset (num_proc=1):  99%|█████████▉| 153120/153903 [03:21<00:01, 777.84 examples/s]
Tokenizing train dataset (num_proc=1): 100%|█████████▉| 153212/153903 [03:21<00:00, 809.82 examples/s]
Tokenizing train dataset (num_proc=1): 100%|█████████▉| 153295/153903 [03:21<00:00, 811.45 examples/s]
Tokenizing train dataset (num_proc=1): 100%|█████████▉| 153385/153903 [03:22<00:00, 830.72 examples/s]
Tokenizing train dataset (num_proc=1): 100%|█████████▉| 153478/153903 [03:22<00:00, 855.62 examples/s]
Tokenizing train dataset (num_proc=1): 100%|█████████▉| 153605/153903 [03:22<00:00, 844.39 examples/s]
Tokenizing train dataset (num_proc=1): 100%|█████████▉| 153692/153903 [03:22<00:00, 846.45 examples/s]
Tokenizing train dataset (num_proc=1): 100%|█████████▉| 153780/153903 [03:22<00:00, 851.35 examples/s]
Tokenizing train dataset (num_proc=1): 100%|██████████| 153903/153903 [03:22<00:00, 797.65 examples/s]
Tokenizing train dataset (num_proc=1): 100%|██████████| 153903/153903 [03:24<00:00, 751.90 examples/s]

Building labels for train dataset (num_proc=1):   0%|          | 0/153903 [00:00<?, ? examples/s]
Building labels for train dataset (num_proc=1):   0%|          | 170/153903 [00:09<2:29:46, 17.11 examples/s]
Building labels for train dataset (num_proc=1):   0%|          | 563/153903 [00:10<35:13, 72.55 examples/s]  
Building labels for train dataset (num_proc=1):   1%|          | 953/153903 [00:10<17:10, 148.45 examples/s]
Building labels for train dataset (num_proc=1):   1%|          | 1507/153903 [00:10<08:41, 292.00 examples/s]
Building labels for train dataset (num_proc=1):   1%|▏         | 1996/153903 [00:10<05:28, 463.13 examples/s]
Building labels for train dataset (num_proc=1):   2%|▏         | 2427/153903 [00:10<03:50, 656.48 examples/s]
Building labels for train dataset (num_proc=1):   2%|▏         | 2928/153903 [00:10<02:39, 949.00 examples/s]
Building labels for train dataset (num_proc=1):   2%|▏         | 3507/153903 [00:10<01:54, 1312.64 examples/s]
Building labels for train dataset (num_proc=1):   3%|▎         | 3985/153903 [00:10<01:29, 1681.38 examples/s]
Building labels for train dataset (num_proc=1):   3%|▎         | 4520/153903 [00:11<01:13, 2023.32 examples/s]
Building labels for train dataset (num_proc=1):   3%|▎         | 4989/153903 [00:11<01:01, 2418.91 examples/s]
Building labels for train dataset (num_proc=1):   4%|▎         | 5565/153903 [00:11<00:53, 2759.72 examples/s]
Building labels for train dataset (num_proc=1):   4%|▍         | 6000/153903 [00:11<00:50, 2914.89 examples/s]
Building labels for train dataset (num_proc=1):   4%|▍         | 6447/153903 [00:11<00:45, 3230.28 examples/s]
Building labels for train dataset (num_proc=1):   5%|▍         | 6935/153903 [00:11<00:40, 3587.72 examples/s]
Building labels for train dataset (num_proc=1):   5%|▍         | 7551/153903 [00:11<00:39, 3747.52 examples/s]
Building labels for train dataset (num_proc=1):   5%|▌         | 8000/153903 [00:11<00:38, 3785.73 examples/s]
Building labels for train dataset (num_proc=1):   6%|▌         | 8496/153903 [00:11<00:35, 4063.78 examples/s]
Building labels for train dataset (num_proc=1):   6%|▌         | 9000/153903 [00:12<00:34, 4148.62 examples/s]
Building labels for train dataset (num_proc=1):   6%|▌         | 9481/153903 [00:12<00:33, 4319.90 examples/s]
Building labels for train dataset (num_proc=1):   6%|▋         | 9996/153903 [00:12<00:31, 4520.75 examples/s]
Building labels for train dataset (num_proc=1):   7%|▋         | 10594/153903 [00:12<00:33, 4295.59 examples/s]
Building labels for train dataset (num_proc=1):   7%|▋         | 11235/153903 [00:12<00:34, 4192.61 examples/s]
Building labels for train dataset (num_proc=1):   8%|▊         | 11755/153903 [00:12<00:32, 4421.66 examples/s]
Building labels for train dataset (num_proc=1):   8%|▊         | 12298/153903 [00:12<00:34, 4146.01 examples/s]
Building labels for train dataset (num_proc=1):   8%|▊         | 12836/153903 [00:12<00:31, 4441.28 examples/s]
Building labels for train dataset (num_proc=1):   9%|▉         | 13487/153903 [00:13<00:32, 4315.65 examples/s]
Building labels for train dataset (num_proc=1):   9%|▉         | 13993/153903 [00:13<00:31, 4479.91 examples/s]
Building labels for train dataset (num_proc=1):  10%|▉         | 14647/153903 [00:13<00:31, 4438.85 examples/s]
Building labels for train dataset (num_proc=1):  10%|▉         | 15102/153903 [00:13<00:31, 4458.97 examples/s]
Building labels for train dataset (num_proc=1):  10%|█         | 15623/153903 [00:13<00:29, 4625.84 examples/s]
Building labels for train dataset (num_proc=1):  11%|█         | 16274/153903 [00:13<00:30, 4478.37 examples/s]
Building labels for train dataset (num_proc=1):  11%|█         | 16774/153903 [00:13<00:29, 4605.93 examples/s]
Building labels for train dataset (num_proc=1):  11%|█         | 17255/153903 [00:14<00:41, 3319.49 examples/s]
Building labels for train dataset (num_proc=1):  12%|█▏        | 17754/153903 [00:14<00:37, 3663.65 examples/s]
Building labels for train dataset (num_proc=1):  12%|█▏        | 18260/153903 [00:14<00:36, 3765.86 examples/s]
Building labels for train dataset (num_proc=1):  12%|█▏        | 18742/153903 [00:14<00:33, 3998.60 examples/s]
Building labels for train dataset (num_proc=1):  13%|█▎        | 19353/153903 [00:14<00:33, 4010.28 examples/s]
Building labels for train dataset (num_proc=1):  13%|█▎        | 19805/153903 [00:14<00:32, 4132.69 examples/s]
Building labels for train dataset (num_proc=1):  13%|█▎        | 20268/153903 [00:14<00:32, 4062.38 examples/s]
Building labels for train dataset (num_proc=1):  13%|█▎        | 20747/153903 [00:14<00:31, 4248.13 examples/s]
Building labels for train dataset (num_proc=1):  14%|█▍        | 21306/153903 [00:15<00:32, 4058.42 examples/s]
Building labels for train dataset (num_proc=1):  14%|█▍        | 21808/153903 [00:15<00:30, 4285.39 examples/s]
Building labels for train dataset (num_proc=1):  14%|█▍        | 22252/153903 [00:15<00:31, 4121.10 examples/s]
Building labels for train dataset (num_proc=1):  15%|█▍        | 22743/153903 [00:15<00:30, 4311.34 examples/s]
Building labels for train dataset (num_proc=1):  15%|█▌        | 23357/153903 [00:15<00:30, 4231.07 examples/s]
Building labels for train dataset (num_proc=1):  15%|█▌        | 23827/153903 [00:15<00:29, 4340.08 examples/s]
Building labels for train dataset (num_proc=1):  16%|█▌        | 24481/153903 [00:15<00:30, 4191.45 examples/s]
Building labels for train dataset (num_proc=1):  16%|█▌        | 24997/153903 [00:15<00:29, 4410.02 examples/s]
Building labels for train dataset (num_proc=1):  17%|█▋        | 25634/153903 [00:16<00:29, 4333.19 examples/s]
Building labels for train dataset (num_proc=1):  17%|█▋        | 26317/153903 [00:16<00:29, 4384.76 examples/s]
Building labels for train dataset (num_proc=1):  17%|█▋        | 26817/153903 [00:16<00:28, 4515.26 examples/s]
Building labels for train dataset (num_proc=1):  18%|█▊        | 27485/153903 [00:16<00:28, 4402.31 examples/s]
Building labels for train dataset (num_proc=1):  18%|█▊        | 27973/153903 [00:16<00:27, 4508.45 examples/s]
Building labels for train dataset (num_proc=1):  19%|█▊        | 28609/153903 [00:16<00:28, 4381.81 examples/s]
Building labels for train dataset (num_proc=1):  19%|█▉        | 29331/153903 [00:16<00:27, 4518.62 examples/s]
Building labels for train dataset (num_proc=1):  19%|█▉        | 29917/153903 [00:16<00:25, 4821.52 examples/s]
Building labels for train dataset (num_proc=1):  20%|█▉        | 30576/153903 [00:17<00:26, 4660.42 examples/s]
Building labels for train dataset (num_proc=1):  20%|██        | 31226/153903 [00:17<00:26, 4552.49 examples/s]
Building labels for train dataset (num_proc=1):  21%|██        | 31725/153903 [00:17<00:26, 4624.49 examples/s]
Building labels for train dataset (num_proc=1):  21%|██        | 32333/153903 [00:17<00:27, 4398.62 examples/s]
Building labels for train dataset (num_proc=1):  21%|██▏       | 32843/153903 [00:17<00:26, 4551.09 examples/s]
Building labels for train dataset (num_proc=1):  22%|██▏       | 33455/153903 [00:17<00:27, 4354.03 examples/s]
Building labels for train dataset (num_proc=1):  22%|██▏       | 33912/153903 [00:17<00:27, 4390.85 examples/s]
Building labels for train dataset (num_proc=1):  22%|██▏       | 34409/153903 [00:18<00:30, 3922.31 examples/s]
Building labels for train dataset (num_proc=1):  23%|██▎       | 34825/153903 [00:18<00:30, 3960.79 examples/s]
Building labels for train dataset (num_proc=1):  23%|██▎       | 35252/153903 [00:18<00:30, 3862.78 examples/s]
Building labels for train dataset (num_proc=1):  23%|██▎       | 35739/153903 [00:18<00:28, 4101.26 examples/s]
Building labels for train dataset (num_proc=1):  24%|██▎       | 36231/153903 [00:18<00:29, 3994.30 examples/s]
Building labels for train dataset (num_proc=1):  24%|██▍       | 37000/153903 [00:18<00:28, 4165.74 examples/s]
Building labels for train dataset (num_proc=1):  24%|██▍       | 37580/153903 [00:18<00:25, 4540.24 examples/s]
Building labels for train dataset (num_proc=1):  25%|██▍       | 38355/153903 [00:18<00:24, 4731.89 examples/s]
Building labels for train dataset (num_proc=1):  25%|██▌       | 38937/153903 [00:18<00:23, 4973.27 examples/s]
Building labels for train dataset (num_proc=1):  26%|██▌       | 39650/153903 [00:19<00:23, 4854.83 examples/s]
Building labels for train dataset (num_proc=1):  26%|██▌       | 40309/153903 [00:19<00:24, 4688.31 examples/s]
Building labels for train dataset (num_proc=1):  27%|██▋       | 40890/153903 [00:19<00:22, 4932.81 examples/s]
Building labels for train dataset (num_proc=1):  27%|██▋       | 41607/153903 [00:19<00:23, 4858.88 examples/s]
Building labels for train dataset (num_proc=1):  27%|██▋       | 42317/153903 [00:19<00:23, 4792.81 examples/s]
Building labels for train dataset (num_proc=1):  28%|██▊       | 42917/153903 [00:19<00:22, 5040.49 examples/s]
Building labels for train dataset (num_proc=1):  28%|██▊       | 43557/153903 [00:19<00:23, 4759.52 examples/s]
Building labels for train dataset (num_proc=1):  29%|██▊       | 44095/153903 [00:20<00:22, 4888.96 examples/s]
Building labels for train dataset (num_proc=1):  29%|██▉       | 44675/153903 [00:20<00:21, 5116.12 examples/s]
Building labels for train dataset (num_proc=1):  30%|██▉       | 45469/153903 [00:20<00:21, 5154.56 examples/s]
Building labels for train dataset (num_proc=1):  30%|██▉       | 46000/153903 [00:20<00:21, 5021.26 examples/s]
Building labels for train dataset (num_proc=1):  30%|███       | 46666/153903 [00:20<00:27, 3861.53 examples/s]
Building labels for train dataset (num_proc=1):  31%|███       | 47104/153903 [00:20<00:27, 3948.94 examples/s]
Building labels for train dataset (num_proc=1):  31%|███       | 47625/153903 [00:20<00:25, 4224.43 examples/s]
Building labels for train dataset (num_proc=1):  31%|███▏      | 48350/153903 [00:21<00:24, 4398.02 examples/s]
Building labels for train dataset (num_proc=1):  32%|███▏      | 48853/153903 [00:21<00:23, 4520.33 examples/s]
Building labels for train dataset (num_proc=1):  32%|███▏      | 49469/153903 [00:21<00:24, 4240.74 examples/s]
Building labels for train dataset (num_proc=1):  32%|███▏      | 49946/153903 [00:21<00:23, 4344.60 examples/s]
Building labels for train dataset (num_proc=1):  33%|███▎      | 50505/153903 [00:21<00:25, 4110.91 examples/s]
Building labels for train dataset (num_proc=1):  33%|███▎      | 50956/153903 [00:21<00:24, 4185.88 examples/s]
Building labels for train dataset (num_proc=1):  33%|███▎      | 51464/153903 [00:21<00:26, 3891.42 examples/s]
Building labels for train dataset (num_proc=1):  34%|███▎      | 51873/153903 [00:21<00:26, 3913.49 examples/s]
Building labels for train dataset (num_proc=1):  34%|███▍      | 52389/153903 [00:22<00:27, 3635.44 examples/s]
Building labels for train dataset (num_proc=1):  34%|███▍      | 52827/153903 [00:22<00:26, 3798.45 examples/s]
Building labels for train dataset (num_proc=1):  35%|███▍      | 53401/153903 [00:22<00:28, 3529.03 examples/s]
Building labels for train dataset (num_proc=1):  35%|███▍      | 53819/153903 [00:22<00:27, 3662.84 examples/s]
Building labels for train dataset (num_proc=1):  35%|███▌      | 54263/153903 [00:22<00:29, 3416.82 examples/s]
Building labels for train dataset (num_proc=1):  36%|███▌      | 54748/153903 [00:22<00:26, 3749.66 examples/s]
Building labels for train dataset (num_proc=1):  36%|███▌      | 55274/153903 [00:22<00:26, 3653.30 examples/s]
Building labels for train dataset (num_proc=1):  36%|███▌      | 55729/153903 [00:22<00:25, 3859.92 examples/s]
Building labels for train dataset (num_proc=1):  37%|███▋      | 56212/153903 [00:23<00:26, 3628.79 examples/s]
Building labels for train dataset (num_proc=1):  37%|███▋      | 56655/153903 [00:23<00:25, 3812.57 examples/s]
Building labels for train dataset (num_proc=1):  37%|███▋      | 57049/153903 [00:23<00:28, 3391.29 examples/s]
Building labels for train dataset (num_proc=1):  37%|███▋      | 57434/153903 [00:23<00:27, 3494.15 examples/s]
Building labels for train dataset (num_proc=1):  38%|███▊      | 57823/153903 [00:23<00:26, 3582.69 examples/s]
Building labels for train dataset (num_proc=1):  38%|███▊      | 58243/153903 [00:23<00:28, 3404.35 examples/s]
Building labels for train dataset (num_proc=1):  38%|███▊      | 58684/153903 [00:23<00:26, 3650.25 examples/s]
Building labels for train dataset (num_proc=1):  38%|███▊      | 59228/153903 [00:23<00:26, 3516.79 examples/s]
Building labels for train dataset (num_proc=1):  39%|███▉      | 59673/153903 [00:24<00:25, 3734.00 examples/s]
Building labels for train dataset (num_proc=1):  39%|███▉      | 60211/153903 [00:24<00:25, 3676.37 examples/s]
Building labels for train dataset (num_proc=1):  39%|███▉      | 60684/153903 [00:24<00:23, 3915.49 examples/s]
Building labels for train dataset (num_proc=1):  40%|███▉      | 61263/153903 [00:24<00:23, 3868.23 examples/s]
Building labels for train dataset (num_proc=1):  40%|████      | 61713/153903 [00:24<00:22, 4022.16 examples/s]
Building labels for train dataset (num_proc=1):  40%|████      | 62305/153903 [00:24<00:23, 3980.66 examples/s]
Building labels for train dataset (num_proc=1):  41%|████      | 62741/153903 [00:24<00:22, 4060.23 examples/s]
Building labels for train dataset (num_proc=1):  41%|████      | 63265/153903 [00:24<00:23, 3863.54 examples/s]
Building labels for train dataset (num_proc=1):  41%|████▏     | 63784/153903 [00:25<00:21, 4175.71 examples/s]
Building labels for train dataset (num_proc=1):  42%|████▏     | 64288/153903 [00:25<00:21, 4136.95 examples/s]
Building labels for train dataset (num_proc=1):  42%|████▏     | 64786/153903 [00:25<00:20, 4328.13 examples/s]
Building labels for train dataset (num_proc=1):  42%|████▏     | 65241/153903 [00:25<00:21, 4157.76 examples/s]
Building labels for train dataset (num_proc=1):  43%|████▎     | 65784/153903 [00:25<00:19, 4475.11 examples/s]
Building labels for train dataset (num_proc=1):  43%|████▎     | 66539/153903 [00:25<00:20, 4368.07 examples/s]
Building labels for train dataset (num_proc=1):  44%|████▎     | 67005/153903 [00:25<00:19, 4419.55 examples/s]
Building labels for train dataset (num_proc=1):  44%|████▍     | 67520/153903 [00:25<00:18, 4586.85 examples/s]
Building labels for train dataset (num_proc=1):  44%|████▍     | 68000/153903 [00:26<00:19, 4394.22 examples/s]
Building labels for train dataset (num_proc=1):  45%|████▍     | 68546/153903 [00:26<00:18, 4655.62 examples/s]
Building labels for train dataset (num_proc=1):  45%|████▌     | 69263/153903 [00:26<00:18, 4470.91 examples/s]
Building labels for train dataset (num_proc=1):  45%|████▌     | 69790/153903 [00:26<00:18, 4655.25 examples/s]
Building labels for train dataset (num_proc=1):  46%|████▌     | 70522/153903 [00:26<00:18, 4454.37 examples/s]
Building labels for train dataset (num_proc=1):  46%|████▌     | 70999/153903 [00:26<00:18, 4515.26 examples/s]
Building labels for train dataset (num_proc=1):  47%|████▋     | 71693/153903 [00:26<00:18, 4532.84 examples/s]
Building labels for train dataset (num_proc=1):  47%|████▋     | 72382/153903 [00:27<00:17, 4529.86 examples/s]
Building labels for train dataset (num_proc=1):  47%|████▋     | 72981/153903 [00:27<00:16, 4850.32 examples/s]
Building labels for train dataset (num_proc=1):  48%|████▊     | 73618/153903 [00:27<00:17, 4614.39 examples/s]
Building labels for train dataset (num_proc=1):  48%|████▊     | 74339/153903 [00:27<00:17, 4653.32 examples/s]
Building labels for train dataset (num_proc=1):  49%|████▊     | 74920/153903 [00:27<00:16, 4900.70 examples/s]
Building labels for train dataset (num_proc=1):  49%|████▉     | 75574/153903 [00:27<00:21, 3700.23 examples/s]
Building labels for train dataset (num_proc=1):  49%|████▉     | 76000/153903 [00:27<00:21, 3701.37 examples/s]
Building labels for train dataset (num_proc=1):  50%|████▉     | 76506/153903 [00:28<00:19, 3986.55 examples/s]
Building labels for train dataset (num_proc=1):  50%|█████     | 77000/153903 [00:28<00:19, 3930.61 examples/s]
Building labels for train dataset (num_proc=1):  50%|█████     | 77489/153903 [00:28<00:18, 4144.75 examples/s]
Building labels for train dataset (num_proc=1):  51%|█████     | 78011/153903 [00:28<00:19, 3887.79 examples/s]
Building labels for train dataset (num_proc=1):  51%|█████     | 78603/153903 [00:28<00:17, 4364.52 examples/s]
Building labels for train dataset (num_proc=1):  52%|█████▏    | 79262/153903 [00:28<00:17, 4186.32 examples/s]
Building labels for train dataset (num_proc=1):  52%|█████▏    | 79740/153903 [00:28<00:17, 4313.64 examples/s]
Building labels for train dataset (num_proc=1):  52%|█████▏    | 80337/153903 [00:28<00:17, 4170.95 examples/s]
Building labels for train dataset (num_proc=1):  52%|█████▏    | 80779/153903 [00:29<00:17, 4220.19 examples/s]
Building labels for train dataset (num_proc=1):  53%|█████▎    | 81238/153903 [00:29<00:19, 3803.64 examples/s]
Building labels for train dataset (num_proc=1):  53%|█████▎    | 81658/153903 [00:29<00:18, 3879.64 examples/s]
Building labels for train dataset (num_proc=1):  53%|█████▎    | 82233/153903 [00:29<00:19, 3727.17 examples/s]
Building labels for train dataset (num_proc=1):  54%|█████▎    | 82640/153903 [00:29<00:18, 3790.30 examples/s]
Building labels for train dataset (num_proc=1):  54%|█████▍    | 83205/153903 [00:29<00:19, 3610.14 examples/s]
Building labels for train dataset (num_proc=1):  54%|█████▍    | 83660/153903 [00:29<00:18, 3823.99 examples/s]
Building labels for train dataset (num_proc=1):  55%|█████▍    | 84210/153903 [00:29<00:18, 3725.98 examples/s]
Building labels for train dataset (num_proc=1):  55%|█████▍    | 84644/153903 [00:30<00:17, 3850.28 examples/s]
Building labels for train dataset (num_proc=1):  55%|█████▌    | 85185/153903 [00:30<00:18, 3694.47 examples/s]
Building labels for train dataset (num_proc=1):  56%|█████▌    | 85625/153903 [00:30<00:17, 3846.34 examples/s]
Building labels for train dataset (num_proc=1):  56%|█████▌    | 86228/153903 [00:30<00:17, 3896.78 examples/s]
Building labels for train dataset (num_proc=1):  56%|█████▋    | 86683/153903 [00:30<00:16, 4039.89 examples/s]
Building labels for train dataset (num_proc=1):  57%|█████▋    | 87217/153903 [00:30<00:17, 3839.26 examples/s]
Building labels for train dataset (num_proc=1):  57%|█████▋    | 87623/153903 [00:30<00:17, 3866.93 examples/s]
Building labels for train dataset (num_proc=1):  57%|█████▋    | 88271/153903 [00:30<00:16, 3963.94 examples/s]
Building labels for train dataset (num_proc=1):  58%|█████▊    | 88703/153903 [00:31<00:16, 4028.16 examples/s]
Building labels for train dataset (num_proc=1):  58%|█████▊    | 89265/153903 [00:31<00:16, 3911.30 examples/s]
Building labels for train dataset (num_proc=1):  58%|█████▊    | 89735/153903 [00:31<00:15, 4086.42 examples/s]
Building labels for train dataset (num_proc=1):  59%|█████▊    | 90231/153903 [00:31<00:16, 3786.30 examples/s]
Building labels for train dataset (num_proc=1):  59%|█████▉    | 90672/153903 [00:31<00:16, 3932.43 examples/s]
Building labels for train dataset (num_proc=1):  59%|█████▉    | 91243/153903 [00:31<00:16, 3883.57 examples/s]
Building labels for train dataset (num_proc=1):  60%|█████▉    | 91659/153903 [00:31<00:15, 3940.02 examples/s]
Building labels for train dataset (num_proc=1):  60%|█████▉    | 92205/153903 [00:32<00:16, 3716.20 examples/s]
Building labels for train dataset (num_proc=1):  60%|██████    | 92594/153903 [00:32<00:16, 3741.79 examples/s]
Building labels for train dataset (num_proc=1):  60%|██████    | 93013/153903 [00:32<00:17, 3415.23 examples/s]
Building labels for train dataset (num_proc=1):  61%|██████    | 93449/153903 [00:32<00:16, 3626.31 examples/s]
Building labels for train dataset (num_proc=1):  61%|██████    | 93916/153903 [00:32<00:15, 3870.10 examples/s]
Building labels for train dataset (num_proc=1):  61%|██████▏   | 94467/153903 [00:32<00:15, 3759.43 examples/s]
Building labels for train dataset (num_proc=1):  62%|██████▏   | 95000/153903 [00:32<00:15, 3911.94 examples/s]
Building labels for train dataset (num_proc=1):  62%|██████▏   | 95456/153903 [00:32<00:14, 4062.05 examples/s]
Building labels for train dataset (num_proc=1):  62%|██████▏   | 96000/153903 [00:32<00:14, 4130.11 examples/s]
Building labels for train dataset (num_proc=1):  63%|██████▎   | 96566/153903 [00:33<00:12, 4510.59 examples/s]
Building labels for train dataset (num_proc=1):  63%|██████▎   | 97274/153903 [00:33<00:12, 4494.64 examples/s]
Building labels for train dataset (num_proc=1):  64%|██████▎   | 97851/153903 [00:33<00:11, 4797.57 examples/s]
Building labels for train dataset (num_proc=1):  64%|██████▍   | 98533/153903 [00:33<00:12, 4605.08 examples/s]
Building labels for train dataset (num_proc=1):  64%|██████▍   | 99227/153903 [00:33<00:12, 4314.95 examples/s]
Building labels for train dataset (num_proc=1):  65%|██████▍   | 99774/153903 [00:33<00:11, 4565.52 examples/s]
Building labels for train dataset (num_proc=1):  65%|██████▌   | 100301/153903 [00:33<00:11, 4509.17 examples/s]
Building labels for train dataset (num_proc=1):  66%|██████▌   | 100874/153903 [00:34<00:11, 4811.08 examples/s]
Building labels for train dataset (num_proc=1):  66%|██████▌   | 101568/153903 [00:34<00:11, 4739.14 examples/s]
Building labels for train dataset (num_proc=1):  66%|██████▋   | 102230/153903 [00:34<00:11, 4431.45 examples/s]
Building labels for train dataset (num_proc=1):  67%|██████▋   | 102932/153903 [00:34<00:11, 4485.90 examples/s]
Building labels for train dataset (num_proc=1):  67%|██████▋   | 103565/153903 [00:34<00:11, 4378.44 examples/s]
Building labels for train dataset (num_proc=1):  68%|██████▊   | 104245/153903 [00:34<00:11, 4324.31 examples/s]
Building labels for train dataset (num_proc=1):  68%|██████▊   | 104771/153903 [00:34<00:10, 4517.09 examples/s]
Building labels for train dataset (num_proc=1):  68%|██████▊   | 105325/153903 [00:35<00:14, 3336.44 examples/s]
Building labels for train dataset (num_proc=1):  69%|██████▉   | 105838/153903 [00:35<00:13, 3668.37 examples/s]
Building labels for train dataset (num_proc=1):  69%|██████▉   | 106261/153903 [00:35<00:13, 3661.62 examples/s]
Building labels for train dataset (num_proc=1):  69%|██████▉   | 106724/153903 [00:35<00:12, 3875.04 examples/s]
Building labels for train dataset (num_proc=1):  70%|██████▉   | 107377/153903 [00:35<00:11, 4008.54 examples/s]
Building labels for train dataset (num_proc=1):  70%|███████   | 107871/153903 [00:35<00:10, 4221.42 examples/s]
Building labels for train dataset (num_proc=1):  71%|███████   | 108541/153903 [00:35<00:10, 4278.83 examples/s]
Building labels for train dataset (num_proc=1):  71%|███████   | 109000/153903 [00:36<00:10, 4207.00 examples/s]
Building labels for train dataset (num_proc=1):  71%|███████   | 109548/153903 [00:36<00:09, 4524.88 examples/s]
Building labels for train dataset (num_proc=1):  72%|███████▏  | 110269/153903 [00:36<00:09, 4552.25 examples/s]
Building labels for train dataset (num_proc=1):  72%|███████▏  | 110854/153903 [00:36<00:08, 4850.24 examples/s]
Building labels for train dataset (num_proc=1):  72%|███████▏  | 111563/153903 [00:36<00:08, 4777.15 examples/s]
Building labels for train dataset (num_proc=1):  73%|███████▎  | 112255/153903 [00:36<00:08, 4697.92 examples/s]
Building labels for train dataset (num_proc=1):  73%|███████▎  | 112766/153903 [00:36<00:08, 4783.92 examples/s]
Building labels for train dataset (num_proc=1):  74%|███████▎  | 113268/153903 [00:36<00:08, 4582.88 examples/s]
Building labels for train dataset (num_proc=1):  74%|███████▍  | 113792/153903 [00:37<00:08, 4732.94 examples/s]
Building labels for train dataset (num_proc=1):  74%|███████▍  | 114279/153903 [00:37<00:08, 4491.27 examples/s]
Building labels for train dataset (num_proc=1):  75%|███████▍  | 114778/153903 [00:37<00:08, 4618.81 examples/s]
Building labels for train dataset (num_proc=1):  75%|███████▍  | 115257/153903 [00:37<00:08, 4426.66 examples/s]
Building labels for train dataset (num_proc=1):  75%|███████▌  | 115731/153903 [00:37<00:08, 4506.51 examples/s]
Building labels for train dataset (num_proc=1):  76%|███████▌  | 116349/153903 [00:37<00:08, 4345.40 examples/s]
Building labels for train dataset (num_proc=1):  76%|███████▌  | 116857/153903 [00:37<00:08, 4502.29 examples/s]
Building labels for train dataset (num_proc=1):  76%|███████▋  | 117525/153903 [00:37<00:08, 4431.69 examples/s]
Building labels for train dataset (num_proc=1):  77%|███████▋  | 118007/153903 [00:37<00:07, 4510.84 examples/s]
Building labels for train dataset (num_proc=1):  77%|███████▋  | 118583/153903 [00:38<00:07, 4819.07 examples/s]
Building labels for train dataset (num_proc=1):  77%|███████▋  | 119252/153903 [00:38<00:07, 4533.35 examples/s]
Building labels for train dataset (num_proc=1):  78%|███████▊  | 119730/153903 [00:38<00:07, 4581.95 examples/s]
Building labels for train dataset (num_proc=1):  78%|███████▊  | 120261/153903 [00:38<00:07, 4209.32 examples/s]
Building labels for train dataset (num_proc=1):  78%|███████▊  | 120758/153903 [00:38<00:07, 4396.53 examples/s]
Building labels for train dataset (num_proc=1):  79%|███████▉  | 121272/153903 [00:38<00:07, 4269.41 examples/s]
Building labels for train dataset (num_proc=1):  79%|███████▉  | 121762/153903 [00:38<00:07, 4415.05 examples/s]
Building labels for train dataset (num_proc=1):  79%|███████▉  | 122252/153903 [00:38<00:07, 4300.66 examples/s]
Building labels for train dataset (num_proc=1):  80%|███████▉  | 122776/153903 [00:39<00:06, 4533.48 examples/s]
Building labels for train dataset (num_proc=1):  80%|████████  | 123294/153903 [00:39<00:06, 4458.32 examples/s]
Building labels for train dataset (num_proc=1):  80%|████████  | 123865/153903 [00:39<00:06, 4782.30 examples/s]
Building labels for train dataset (num_proc=1):  81%|████████  | 124359/153903 [00:39<00:06, 4817.53 examples/s]
Building labels for train dataset (num_proc=1):  81%|████████  | 124876/153903 [00:39<00:05, 4902.25 examples/s]
Building labels for train dataset (num_proc=1):  82%|████████▏ | 125538/153903 [00:39<00:06, 4688.14 examples/s]
Building labels for train dataset (num_proc=1):  82%|████████▏ | 126284/153903 [00:39<00:05, 4655.44 examples/s]
Building labels for train dataset (num_proc=1):  82%|████████▏ | 126778/153903 [00:39<00:05, 4702.37 examples/s]
Building labels for train dataset (num_proc=1):  83%|████████▎ | 127491/153903 [00:40<00:05, 4462.82 examples/s]
Building labels for train dataset (num_proc=1):  83%|████████▎ | 128000/153903 [00:40<00:05, 4341.54 examples/s]
Building labels for train dataset (num_proc=1):  84%|████████▎ | 128511/153903 [00:40<00:05, 4514.48 examples/s]
Building labels for train dataset (num_proc=1):  84%|████████▍ | 129000/153903 [00:40<00:05, 4306.40 examples/s]
Building labels for train dataset (num_proc=1):  84%|████████▍ | 129475/153903 [00:40<00:05, 4395.00 examples/s]
Building labels for train dataset (num_proc=1):  84%|████████▍ | 129984/153903 [00:40<00:05, 4567.34 examples/s]
Building labels for train dataset (num_proc=1):  85%|████████▍ | 130572/153903 [00:40<00:05, 4299.83 examples/s]
Building labels for train dataset (num_proc=1):  85%|████████▌ | 131277/153903 [00:40<00:05, 4299.88 examples/s]
Building labels for train dataset (num_proc=1):  86%|████████▌ | 131762/153903 [00:41<00:05, 4423.37 examples/s]
Building labels for train dataset (num_proc=1):  86%|████████▌ | 132320/153903 [00:41<00:05, 4182.52 examples/s]
Building labels for train dataset (num_proc=1):  86%|████████▋ | 132818/153903 [00:41<00:04, 4361.15 examples/s]
Building labels for train dataset (num_proc=1):  87%|████████▋ | 133294/153903 [00:41<00:04, 4217.92 examples/s]
Building labels for train dataset (num_proc=1):  87%|████████▋ | 133811/153903 [00:41<00:04, 4451.35 examples/s]
Building labels for train dataset (num_proc=1):  87%|████████▋ | 134497/153903 [00:41<00:04, 4316.48 examples/s]
Building labels for train dataset (num_proc=1):  88%|████████▊ | 135000/153903 [00:41<00:04, 4252.18 examples/s]
Building labels for train dataset (num_proc=1):  88%|████████▊ | 135500/153903 [00:41<00:04, 4417.25 examples/s]
Building labels for train dataset (num_proc=1):  88%|████████▊ | 136000/153903 [00:42<00:04, 4363.89 examples/s]
Building labels for train dataset (num_proc=1):  89%|████████▉ | 136607/153903 [00:42<00:03, 4802.57 examples/s]
Building labels for train dataset (num_proc=1):  89%|████████▉ | 137243/153903 [00:42<00:03, 4505.29 examples/s]
Building labels for train dataset (num_proc=1):  90%|████████▉ | 137767/153903 [00:42<00:03, 4685.34 examples/s]
Building labels for train dataset (num_proc=1):  90%|████████▉ | 138263/153903 [00:42<00:03, 4468.30 examples/s]
Building labels for train dataset (num_proc=1):  90%|█████████ | 138778/153903 [00:42<00:03, 4632.09 examples/s]
Building labels for train dataset (num_proc=1):  91%|█████████ | 139379/153903 [00:42<00:03, 4387.11 examples/s]
Building labels for train dataset (num_proc=1):  91%|█████████ | 139897/153903 [00:42<00:03, 4573.33 examples/s]
Building labels for train dataset (num_proc=1):  91%|█████████▏| 140494/153903 [00:43<00:03, 4351.07 examples/s]
Building labels for train dataset (num_proc=1):  92%|█████████▏| 140993/153903 [00:43<00:02, 4472.74 examples/s]
Building labels for train dataset (num_proc=1):  92%|█████████▏| 141654/153903 [00:43<00:02, 4416.99 examples/s]
Building labels for train dataset (num_proc=1):  93%|█████████▎| 142361/153903 [00:43<00:02, 4492.26 examples/s]
Building labels for train dataset (num_proc=1):  93%|█████████▎| 142911/153903 [00:43<00:02, 4711.17 examples/s]
Building labels for train dataset (num_proc=1):  93%|█████████▎| 143534/153903 [00:43<00:02, 4499.19 examples/s]
Building labels for train dataset (num_proc=1):  94%|█████████▎| 144085/153903 [00:43<00:02, 4209.76 examples/s]
Building labels for train dataset (num_proc=1):  94%|█████████▍| 144629/153903 [00:43<00:02, 4482.64 examples/s]
Building labels for train dataset (num_proc=1):  94%|█████████▍| 145215/153903 [00:44<00:02, 3270.96 examples/s]
Building labels for train dataset (num_proc=1):  95%|█████████▍| 145708/153903 [00:44<00:02, 3578.62 examples/s]
Building labels for train dataset (num_proc=1):  95%|█████████▌| 146295/153903 [00:44<00:02, 3647.41 examples/s]
Building labels for train dataset (num_proc=1):  95%|█████████▌| 146809/153903 [00:44<00:01, 3952.97 examples/s]
Building labels for train dataset (num_proc=1):  96%|█████████▌| 147435/153903 [00:44<00:01, 3870.30 examples/s]
Building labels for train dataset (num_proc=1):  96%|█████████▌| 148000/153903 [00:44<00:01, 4017.07 examples/s]
Building labels for train dataset (num_proc=1):  97%|█████████▋| 148544/153903 [00:44<00:01, 4335.62 examples/s]
Building labels for train dataset (num_proc=1):  97%|█████████▋| 149302/153903 [00:45<00:01, 4387.16 examples/s]
Building labels for train dataset (num_proc=1):  97%|█████████▋| 149839/153903 [00:45<00:00, 4601.85 examples/s]
Building labels for train dataset (num_proc=1):  98%|█████████▊| 150567/153903 [00:45<00:00, 4658.16 examples/s]
Building labels for train dataset (num_proc=1):  98%|█████████▊| 151293/153903 [00:45<00:00, 4674.47 examples/s]
Building labels for train dataset (num_proc=1):  99%|█████████▊| 151893/153903 [00:45<00:00, 4959.63 examples/s]
Building labels for train dataset (num_proc=1):  99%|█████████▉| 152558/153903 [00:45<00:00, 4758.63 examples/s]
Building labels for train dataset (num_proc=1): 100%|█████████▉| 153295/153903 [00:45<00:00, 4700.26 examples/s]
Building labels for train dataset (num_proc=1): 100%|█████████▉| 153892/153903 [00:46<00:00, 4971.27 examples/s]
Building labels for train dataset (num_proc=1): 100%|██████████| 153903/153903 [00:47<00:00, 3211.32 examples/s]

Truncating train dataset (num_proc=1):   0%|          | 0/153903 [00:00<?, ? examples/s]
Truncating train dataset (num_proc=1):   0%|          | 275/153903 [00:09<1:30:06, 28.42 examples/s]
Truncating train dataset (num_proc=1):   1%|          | 1000/153903 [00:09<19:17, 132.15 examples/s]
Truncating train dataset (num_proc=1):   1%|          | 1629/153903 [00:09<09:54, 256.29 examples/s]
Truncating train dataset (num_proc=1):   1%|▏         | 2099/153903 [00:10<06:38, 380.52 examples/s]
Truncating train dataset (num_proc=1):   2%|▏         | 2714/153903 [00:10<04:11, 602.10 examples/s]
Truncating train dataset (num_proc=1):   2%|▏         | 3309/153903 [00:10<02:53, 868.86 examples/s]
Truncating train dataset (num_proc=1):   3%|▎         | 3867/153903 [00:10<02:06, 1188.97 examples/s]
Truncating train dataset (num_proc=1):   3%|▎         | 4713/153903 [00:10<01:25, 1754.25 examples/s]
Truncating train dataset (num_proc=1):   3%|▎         | 5260/153903 [00:10<01:10, 2095.29 examples/s]
Truncating train dataset (num_proc=1):   4%|▍         | 5796/153903 [00:10<00:58, 2520.06 examples/s]
Truncating train dataset (num_proc=1):   4%|▍         | 6610/153903 [00:10<00:47, 3074.25 examples/s]
Truncating train dataset (num_proc=1):   5%|▍         | 7314/153903 [00:11<00:42, 3437.81 examples/s]
Truncating train dataset (num_proc=1):   5%|▌         | 8000/153903 [00:11<00:37, 3914.59 examples/s]
Truncating train dataset (num_proc=1):   6%|▌         | 8632/153903 [00:11<00:33, 4391.20 examples/s]
Truncating train dataset (num_proc=1):   6%|▌         | 9410/153903 [00:11<00:31, 4607.34 examples/s]
Truncating train dataset (num_proc=1):   6%|▋         | 10000/153903 [00:11<00:31, 4558.02 examples/s]
Truncating train dataset (num_proc=1):   7%|▋         | 10876/153903 [00:11<00:28, 4943.18 examples/s]
Truncating train dataset (num_proc=1):   8%|▊         | 11713/153903 [00:11<00:28, 5046.22 examples/s]
Truncating train dataset (num_proc=1):   8%|▊         | 12283/153903 [00:12<00:29, 4845.53 examples/s]
Truncating train dataset (num_proc=1):   8%|▊         | 12803/153903 [00:12<00:28, 4914.99 examples/s]
Truncating train dataset (num_proc=1):   9%|▉         | 13542/153903 [00:12<00:29, 4784.14 examples/s]
Truncating train dataset (num_proc=1):   9%|▉         | 14313/153903 [00:12<00:29, 4728.89 examples/s]
Truncating train dataset (num_proc=1):  10%|▉         | 14880/153903 [00:12<00:28, 4914.36 examples/s]
Truncating train dataset (num_proc=1):  10%|█         | 15623/153903 [00:12<00:28, 4915.03 examples/s]
Truncating train dataset (num_proc=1):  11%|█         | 16295/153903 [00:12<00:28, 4751.14 examples/s]
Truncating train dataset (num_proc=1):  11%|█         | 16852/153903 [00:13<00:36, 3747.72 examples/s]
Truncating train dataset (num_proc=1):  11%|█▏        | 17371/153903 [00:13<00:34, 3939.69 examples/s]
Truncating train dataset (num_proc=1):  12%|█▏        | 17908/153903 [00:13<00:32, 4226.06 examples/s]
Truncating train dataset (num_proc=1):  12%|█▏        | 18585/153903 [00:13<00:31, 4286.39 examples/s]
Truncating train dataset (num_proc=1):  13%|█▎        | 19346/153903 [00:13<00:30, 4475.03 examples/s]
Truncating train dataset (num_proc=1):  13%|█▎        | 19921/153903 [00:13<00:28, 4757.84 examples/s]
Truncating train dataset (num_proc=1):  13%|█▎        | 20647/153903 [00:13<00:28, 4751.34 examples/s]
Truncating train dataset (num_proc=1):  14%|█▍        | 21333/153903 [00:14<00:28, 4686.29 examples/s]
Truncating train dataset (num_proc=1):  14%|█▍        | 21896/153903 [00:14<00:27, 4886.87 examples/s]
Truncating train dataset (num_proc=1):  15%|█▍        | 22578/153903 [00:14<00:27, 4748.80 examples/s]
Truncating train dataset (num_proc=1):  15%|█▍        | 23084/153903 [00:14<00:27, 4818.78 examples/s]
Truncating train dataset (num_proc=1):  15%|█▌        | 23691/153903 [00:14<00:25, 5133.00 examples/s]
Truncating train dataset (num_proc=1):  16%|█▌        | 24300/153903 [00:14<00:25, 5052.25 examples/s]
Truncating train dataset (num_proc=1):  16%|█▌        | 24981/153903 [00:14<00:23, 5492.57 examples/s]
Truncating train dataset (num_proc=1):  17%|█▋        | 25696/153903 [00:14<00:24, 5223.15 examples/s]
Truncating train dataset (num_proc=1):  17%|█▋        | 26357/153903 [00:15<00:25, 4914.14 examples/s]
Truncating train dataset (num_proc=1):  17%|█▋        | 26923/153903 [00:15<00:24, 5079.80 examples/s]
Truncating train dataset (num_proc=1):  18%|█▊        | 27533/153903 [00:15<00:26, 4718.05 examples/s]
Truncating train dataset (num_proc=1):  18%|█▊        | 28023/153903 [00:15<00:29, 4218.84 examples/s]
Truncating train dataset (num_proc=1):  19%|█▊        | 28501/153903 [00:15<00:28, 4337.56 examples/s]
Truncating train dataset (num_proc=1):  19%|█▉        | 29000/153903 [00:15<00:29, 4242.22 examples/s]
Truncating train dataset (num_proc=1):  19%|█▉        | 29488/153903 [00:15<00:28, 4393.19 examples/s]
Truncating train dataset (num_proc=1):  19%|█▉        | 30000/153903 [00:15<00:29, 4246.44 examples/s]
Truncating train dataset (num_proc=1):  20%|█▉        | 30728/153903 [00:15<00:24, 5029.54 examples/s]
Truncating train dataset (num_proc=1):  20%|██        | 31334/153903 [00:16<00:24, 4968.77 examples/s]
Truncating train dataset (num_proc=1):  21%|██        | 31927/153903 [00:16<00:23, 5191.51 examples/s]
Truncating train dataset (num_proc=1):  21%|██        | 32491/153903 [00:16<00:22, 5287.13 examples/s]
Truncating train dataset (num_proc=1):  22%|██▏       | 33329/153903 [00:16<00:22, 5361.11 examples/s]
Truncating train dataset (num_proc=1):  22%|██▏       | 33958/153903 [00:16<00:21, 5600.74 examples/s]
Truncating train dataset (num_proc=1):  23%|██▎       | 34680/153903 [00:16<00:22, 5315.21 examples/s]
Truncating train dataset (num_proc=1):  23%|██▎       | 35434/153903 [00:16<00:22, 5196.46 examples/s]
Truncating train dataset (num_proc=1):  23%|██▎       | 36000/153903 [00:16<00:23, 4993.31 examples/s]
Truncating train dataset (num_proc=1):  24%|██▍       | 36883/153903 [00:17<00:22, 5267.77 examples/s]
Truncating train dataset (num_proc=1):  24%|██▍       | 37571/153903 [00:17<00:23, 5042.04 examples/s]
Truncating train dataset (num_proc=1):  25%|██▍       | 38274/153903 [00:17<00:24, 4630.31 examples/s]
Truncating train dataset (num_proc=1):  25%|██▌       | 38943/153903 [00:17<00:22, 5067.54 examples/s]
Truncating train dataset (num_proc=1):  26%|██▌       | 39750/153903 [00:17<00:22, 5153.04 examples/s]
Truncating train dataset (num_proc=1):  26%|██▌       | 40343/153903 [00:17<00:22, 5014.04 examples/s]
Truncating train dataset (num_proc=1):  27%|██▋       | 40919/153903 [00:17<00:21, 5165.70 examples/s]
Truncating train dataset (num_proc=1):  27%|██▋       | 41596/153903 [00:18<00:22, 4928.30 examples/s]
Truncating train dataset (num_proc=1):  28%|██▊       | 42362/153903 [00:18<00:22, 4972.20 examples/s]
Truncating train dataset (num_proc=1):  28%|██▊       | 42952/153903 [00:18<00:21, 5167.99 examples/s]
Truncating train dataset (num_proc=1):  28%|██▊       | 43719/153903 [00:18<00:21, 5134.38 examples/s]
Truncating train dataset (num_proc=1):  29%|██▉       | 44351/153903 [00:18<00:21, 5178.03 examples/s]
Truncating train dataset (num_proc=1):  29%|██▉       | 45000/153903 [00:18<00:21, 5111.12 examples/s]
Truncating train dataset (num_proc=1):  30%|██▉       | 45643/153903 [00:18<00:20, 5412.77 examples/s]
Truncating train dataset (num_proc=1):  30%|███       | 46435/153903 [00:19<00:27, 3936.08 examples/s]
Truncating train dataset (num_proc=1):  31%|███       | 47000/153903 [00:19<00:26, 4071.69 examples/s]
Truncating train dataset (num_proc=1):  31%|███       | 47887/153903 [00:19<00:23, 4594.55 examples/s]
Truncating train dataset (num_proc=1):  32%|███▏      | 48551/153903 [00:19<00:23, 4535.82 examples/s]
Truncating train dataset (num_proc=1):  32%|███▏      | 49325/153903 [00:19<00:22, 4597.16 examples/s]
Truncating train dataset (num_proc=1):  32%|███▏      | 49896/153903 [00:19<00:21, 4829.45 examples/s]
Truncating train dataset (num_proc=1):  33%|███▎      | 50643/153903 [00:20<00:21, 4834.53 examples/s]
Truncating train dataset (num_proc=1):  33%|███▎      | 51319/153903 [00:20<00:20, 4968.47 examples/s]
Truncating train dataset (num_proc=1):  34%|███▎      | 51908/153903 [00:20<00:19, 5174.41 examples/s]
Truncating train dataset (num_proc=1):  34%|███▍      | 52560/153903 [00:20<00:20, 4871.80 examples/s]
Truncating train dataset (num_proc=1):  35%|███▍      | 53304/153903 [00:20<00:21, 4684.44 examples/s]
Truncating train dataset (num_proc=1):  35%|███▌      | 53887/153903 [00:20<00:20, 4924.83 examples/s]
Truncating train dataset (num_proc=1):  35%|███▌      | 54586/153903 [00:20<00:20, 4767.73 examples/s]
Truncating train dataset (num_proc=1):  36%|███▌      | 55298/153903 [00:20<00:20, 4700.74 examples/s]
Truncating train dataset (num_proc=1):  36%|███▋      | 55817/153903 [00:21<00:20, 4810.31 examples/s]
Truncating train dataset (num_proc=1):  37%|███▋      | 56596/153903 [00:21<00:20, 4804.13 examples/s]
Truncating train dataset (num_proc=1):  37%|███▋      | 57308/153903 [00:21<00:20, 4767.45 examples/s]
Truncating train dataset (num_proc=1):  38%|███▊      | 58000/153903 [00:21<00:18, 5065.21 examples/s]
Truncating train dataset (num_proc=1):  38%|███▊      | 58786/153903 [00:21<00:16, 5724.60 examples/s]
Truncating train dataset (num_proc=1):  39%|███▊      | 59591/153903 [00:21<00:17, 5536.79 examples/s]
Truncating train dataset (num_proc=1):  39%|███▉      | 60330/153903 [00:21<00:17, 5313.78 examples/s]
Truncating train dataset (num_proc=1):  40%|███▉      | 60920/153903 [00:22<00:17, 5436.31 examples/s]
Truncating train dataset (num_proc=1):  40%|████      | 61676/153903 [00:22<00:17, 5275.17 examples/s]
Truncating train dataset (num_proc=1):  40%|████      | 62328/153903 [00:22<00:17, 5193.76 examples/s]
Truncating train dataset (num_proc=1):  41%|████      | 63000/153903 [00:22<00:18, 4872.73 examples/s]
Truncating train dataset (num_proc=1):  41%|████▏     | 63572/153903 [00:22<00:17, 5063.88 examples/s]
Truncating train dataset (num_proc=1):  42%|████▏     | 64347/153903 [00:22<00:17, 5057.41 examples/s]
Truncating train dataset (num_proc=1):  42%|████▏     | 65000/153903 [00:22<00:19, 4503.67 examples/s]
Truncating train dataset (num_proc=1):  43%|████▎     | 65520/153903 [00:23<00:19, 4649.66 examples/s]
Truncating train dataset (num_proc=1):  43%|████▎     | 66009/153903 [00:23<00:20, 4191.26 examples/s]
Truncating train dataset (num_proc=1):  43%|████▎     | 66515/153903 [00:23<00:19, 4384.43 examples/s]
Truncating train dataset (num_proc=1):  44%|████▎     | 66992/153903 [00:23<00:19, 4454.12 examples/s]
Truncating train dataset (num_proc=1):  44%|████▍     | 67599/153903 [00:23<00:20, 4287.32 examples/s]
Truncating train dataset (num_proc=1):  44%|████▍     | 68296/153903 [00:23<00:19, 4324.19 examples/s]
Truncating train dataset (num_proc=1):  45%|████▍     | 69000/153903 [00:23<00:18, 4665.79 examples/s]
Truncating train dataset (num_proc=1):  45%|████▌     | 69722/153903 [00:23<00:16, 5244.38 examples/s]
Truncating train dataset (num_proc=1):  46%|████▌     | 70372/153903 [00:24<00:17, 4906.51 examples/s]
Truncating train dataset (num_proc=1):  46%|████▌     | 70995/153903 [00:24<00:15, 5220.09 examples/s]
Truncating train dataset (num_proc=1):  47%|████▋     | 71726/153903 [00:24<00:16, 5082.99 examples/s]
Truncating train dataset (num_proc=1):  47%|████▋     | 72351/153903 [00:24<00:15, 5170.54 examples/s]
Truncating train dataset (num_proc=1):  47%|████▋     | 72973/153903 [00:24<00:14, 5414.21 examples/s]
Truncating train dataset (num_proc=1):  48%|████▊     | 73724/153903 [00:24<00:15, 5250.62 examples/s]
Truncating train dataset (num_proc=1):  48%|████▊     | 74307/153903 [00:24<00:15, 4988.21 examples/s]
Truncating train dataset (num_proc=1):  49%|████▊     | 74870/153903 [00:24<00:15, 5129.27 examples/s]
Truncating train dataset (num_proc=1):  49%|████▉     | 75573/153903 [00:25<00:19, 3968.67 examples/s]
Truncating train dataset (num_proc=1):  50%|████▉     | 76284/153903 [00:25<00:18, 4119.53 examples/s]
Truncating train dataset (num_proc=1):  50%|████▉     | 76851/153903 [00:25<00:17, 4395.57 examples/s]
Truncating train dataset (num_proc=1):  51%|█████     | 77778/153903 [00:25<00:15, 4945.56 examples/s]
Truncating train dataset (num_proc=1):  51%|█████     | 78606/153903 [00:25<00:15, 4881.96 examples/s]
Truncating train dataset (num_proc=1):  52%|█████▏    | 79314/153903 [00:25<00:15, 4794.64 examples/s]
Truncating train dataset (num_proc=1):  52%|█████▏    | 79923/153903 [00:26<00:14, 5058.94 examples/s]
Truncating train dataset (num_proc=1):  52%|█████▏    | 80714/153903 [00:26<00:14, 5109.51 examples/s]
Truncating train dataset (num_proc=1):  53%|█████▎    | 81283/153903 [00:26<00:14, 4867.48 examples/s]
Truncating train dataset (num_proc=1):  53%|█████▎    | 81919/153903 [00:26<00:13, 5199.50 examples/s]
Truncating train dataset (num_proc=1):  54%|█████▎    | 82634/153903 [00:26<00:14, 5009.05 examples/s]
Truncating train dataset (num_proc=1):  54%|█████▍    | 83434/153903 [00:26<00:13, 5092.28 examples/s]
Truncating train dataset (num_proc=1):  55%|█████▍    | 84000/153903 [00:26<00:13, 5099.33 examples/s]
Truncating train dataset (num_proc=1):  55%|█████▌    | 84705/153903 [00:26<00:12, 5548.31 examples/s]
Truncating train dataset (num_proc=1):  55%|█████▌    | 85319/153903 [00:27<00:13, 5028.61 examples/s]
Truncating train dataset (num_proc=1):  56%|█████▌    | 85899/153903 [00:27<00:13, 5183.48 examples/s]
Truncating train dataset (num_proc=1):  56%|█████▋    | 86716/153903 [00:27<00:12, 5216.14 examples/s]
Truncating train dataset (num_proc=1):  57%|█████▋    | 87355/153903 [00:27<00:12, 5305.22 examples/s]
Truncating train dataset (num_proc=1):  57%|█████▋    | 88000/153903 [00:27<00:12, 5405.14 examples/s]
Truncating train dataset (num_proc=1):  58%|█████▊    | 88601/153903 [00:27<00:11, 5557.70 examples/s]
Truncating train dataset (num_proc=1):  58%|█████▊    | 89315/153903 [00:27<00:12, 5112.19 examples/s]
Truncating train dataset (num_proc=1):  58%|█████▊    | 90000/153903 [00:27<00:12, 5207.33 examples/s]
Truncating train dataset (num_proc=1):  59%|█████▉    | 90759/153903 [00:28<00:10, 5791.53 examples/s]
Truncating train dataset (num_proc=1):  59%|█████▉    | 91390/153903 [00:28<00:10, 5752.40 examples/s]
Truncating train dataset (num_proc=1):  60%|█████▉    | 92000/153903 [00:28<00:11, 5529.04 examples/s]
Truncating train dataset (num_proc=1):  60%|██████    | 92726/153903 [00:28<00:10, 5962.37 examples/s]
Truncating train dataset (num_proc=1):  61%|██████    | 93364/153903 [00:28<00:10, 5828.67 examples/s]
Truncating train dataset (num_proc=1):  61%|██████    | 94000/153903 [00:28<00:10, 5648.67 examples/s]
Truncating train dataset (num_proc=1):  62%|██████▏   | 94786/153903 [00:28<00:09, 6210.63 examples/s]
Truncating train dataset (num_proc=1):  62%|██████▏   | 95656/153903 [00:28<00:10, 5790.85 examples/s]
Truncating train dataset (num_proc=1):  63%|██████▎   | 96476/153903 [00:29<00:10, 5665.92 examples/s]
Truncating train dataset (num_proc=1):  63%|██████▎   | 97324/153903 [00:29<00:10, 5504.55 examples/s]
Truncating train dataset (num_proc=1):  64%|██████▎   | 98000/153903 [00:29<00:10, 5418.19 examples/s]
Truncating train dataset (num_proc=1):  64%|██████▍   | 98756/153903 [00:29<00:09, 5901.03 examples/s]
Truncating train dataset (num_proc=1):  65%|██████▍   | 99393/153903 [00:29<00:09, 5877.73 examples/s]
Truncating train dataset (num_proc=1):  65%|██████▍   | 100000/153903 [00:29<00:09, 5822.93 examples/s]
Truncating train dataset (num_proc=1):  65%|██████▌   | 100670/153903 [00:29<00:08, 6046.69 examples/s]
Truncating train dataset (num_proc=1):  66%|██████▌   | 101495/153903 [00:29<00:09, 5808.52 examples/s]
Truncating train dataset (num_proc=1):  67%|██████▋   | 102400/153903 [00:30<00:08, 5857.33 examples/s]
Truncating train dataset (num_proc=1):  67%|██████▋   | 103000/153903 [00:30<00:08, 5691.46 examples/s]
Truncating train dataset (num_proc=1):  67%|██████▋   | 103723/153903 [00:30<00:09, 5376.31 examples/s]
Truncating train dataset (num_proc=1):  68%|██████▊   | 104344/153903 [00:30<00:09, 5289.20 examples/s]
Truncating train dataset (num_proc=1):  68%|██████▊   | 104992/153903 [00:30<00:11, 4280.16 examples/s]
Truncating train dataset (num_proc=1):  69%|██████▊   | 105668/153903 [00:30<00:11, 4348.65 examples/s]
Truncating train dataset (num_proc=1):  69%|██████▉   | 106328/153903 [00:30<00:10, 4548.39 examples/s]
Truncating train dataset (num_proc=1):  70%|██████▉   | 107000/153903 [00:31<00:09, 4749.85 examples/s]
Truncating train dataset (num_proc=1):  70%|███████   | 107741/153903 [00:31<00:08, 5355.01 examples/s]
Truncating train dataset (num_proc=1):  70%|███████   | 108417/153903 [00:31<00:08, 5630.24 examples/s]
Truncating train dataset (num_proc=1):  71%|███████   | 109391/153903 [00:31<00:07, 5743.06 examples/s]
Truncating train dataset (num_proc=1):  71%|███████▏  | 110030/153903 [00:31<00:07, 5865.62 examples/s]
Truncating train dataset (num_proc=1):  72%|███████▏  | 110714/153903 [00:31<00:07, 6107.21 examples/s]
Truncating train dataset (num_proc=1):  73%|███████▎  | 111603/153903 [00:31<00:07, 5795.77 examples/s]
Truncating train dataset (num_proc=1):  73%|███████▎  | 112539/153903 [00:31<00:06, 5914.58 examples/s]
Truncating train dataset (num_proc=1):  74%|███████▎  | 113304/153903 [00:32<00:07, 5612.95 examples/s]
Truncating train dataset (num_proc=1):  74%|███████▍  | 113965/153903 [00:32<00:06, 5840.35 examples/s]
Truncating train dataset (num_proc=1):  74%|███████▍  | 114600/153903 [00:32<00:07, 5274.35 examples/s]
Truncating train dataset (num_proc=1):  75%|███████▍  | 115321/153903 [00:32<00:07, 4852.09 examples/s]
Truncating train dataset (num_proc=1):  75%|███████▌  | 116000/153903 [00:32<00:07, 4970.30 examples/s]
Truncating train dataset (num_proc=1):  76%|███████▌  | 116666/153903 [00:32<00:06, 5340.50 examples/s]
Truncating train dataset (num_proc=1):  76%|███████▋  | 117415/153903 [00:32<00:06, 5551.98 examples/s]
Truncating train dataset (num_proc=1):  77%|███████▋  | 118000/153903 [00:33<00:06, 5539.37 examples/s]
Truncating train dataset (num_proc=1):  77%|███████▋  | 118795/153903 [00:33<00:05, 6166.40 examples/s]
Truncating train dataset (num_proc=1):  78%|███████▊  | 119560/153903 [00:33<00:06, 5645.47 examples/s]
Truncating train dataset (num_proc=1):  78%|███████▊  | 120272/153903 [00:33<00:06, 5226.41 examples/s]
Truncating train dataset (num_proc=1):  79%|███████▊  | 121000/153903 [00:33<00:06, 4887.34 examples/s]
Truncating train dataset (num_proc=1):  79%|███████▉  | 121657/153903 [00:33<00:06, 5242.29 examples/s]
Truncating train dataset (num_proc=1):  79%|███████▉  | 122322/153903 [00:33<00:06, 4960.06 examples/s]
Truncating train dataset (num_proc=1):  80%|███████▉  | 122901/153903 [00:33<00:06, 5142.60 examples/s]
Truncating train dataset (num_proc=1):  80%|████████  | 123596/153903 [00:34<00:06, 4951.77 examples/s]
Truncating train dataset (num_proc=1):  81%|████████  | 124387/153903 [00:34<00:05, 5039.32 examples/s]
Truncating train dataset (num_proc=1):  81%|████████  | 124926/153903 [00:34<00:05, 5086.69 examples/s]
Truncating train dataset (num_proc=1):  82%|████████▏ | 125497/153903 [00:34<00:06, 4640.88 examples/s]
Truncating train dataset (num_proc=1):  82%|████████▏ | 126000/153903 [00:34<00:06, 4516.92 examples/s]
Truncating train dataset (num_proc=1):  82%|████████▏ | 126614/153903 [00:34<00:05, 4894.14 examples/s]
Truncating train dataset (num_proc=1):  83%|████████▎ | 127394/153903 [00:34<00:05, 4981.34 examples/s]
Truncating train dataset (num_proc=1):  83%|████████▎ | 128000/153903 [00:35<00:05, 4960.57 examples/s]
Truncating train dataset (num_proc=1):  84%|████████▍ | 128970/153903 [00:35<00:04, 5455.64 examples/s]
Truncating train dataset (num_proc=1):  84%|████████▍ | 129562/153903 [00:35<00:04, 4956.14 examples/s]
Truncating train dataset (num_proc=1):  85%|████████▍ | 130311/153903 [00:35<00:05, 4675.79 examples/s]
Truncating train dataset (num_proc=1):  85%|████████▌ | 131000/153903 [00:35<00:04, 5049.52 examples/s]
Truncating train dataset (num_proc=1):  86%|████████▌ | 132000/153903 [00:35<00:03, 5503.66 examples/s]
Truncating train dataset (num_proc=1):  86%|████████▋ | 133000/153903 [00:35<00:03, 5707.04 examples/s]
Truncating train dataset (num_proc=1):  87%|████████▋ | 133781/153903 [00:36<00:03, 6147.26 examples/s]
Truncating train dataset (num_proc=1):  88%|████████▊ | 134716/153903 [00:36<00:03, 6099.59 examples/s]
Truncating train dataset (num_proc=1):  88%|████████▊ | 135341/153903 [00:36<00:03, 5960.66 examples/s]
Truncating train dataset (num_proc=1):  88%|████████▊ | 135944/153903 [00:36<00:03, 5972.06 examples/s]
Truncating train dataset (num_proc=1):  89%|████████▉ | 136718/153903 [00:36<00:03, 5657.51 examples/s]
Truncating train dataset (num_proc=1):  89%|████████▉ | 137410/153903 [00:36<00:02, 5754.95 examples/s]
Truncating train dataset (num_proc=1):  90%|████████▉ | 138000/153903 [00:36<00:02, 5642.73 examples/s]
Truncating train dataset (num_proc=1):  90%|█████████ | 138660/153903 [00:36<00:02, 5855.53 examples/s]
Truncating train dataset (num_proc=1):  91%|█████████ | 139410/153903 [00:36<00:02, 5921.44 examples/s]
Truncating train dataset (num_proc=1):  91%|█████████ | 140294/153903 [00:37<00:02, 5795.37 examples/s]
Truncating train dataset (num_proc=1):  92%|█████████▏| 141147/153903 [00:37<00:02, 5757.62 examples/s]
Truncating train dataset (num_proc=1):  92%|█████████▏| 141922/153903 [00:37<00:01, 6212.51 examples/s]
Truncating train dataset (num_proc=1):  93%|█████████▎| 142830/153903 [00:37<00:01, 6126.85 examples/s]
Truncating train dataset (num_proc=1):  93%|█████████▎| 143760/153903 [00:37<00:01, 6138.88 examples/s]
Truncating train dataset (num_proc=1):  94%|█████████▍| 144642/153903 [00:37<00:01, 5821.58 examples/s]
Truncating train dataset (num_proc=1):  94%|█████████▍| 145367/153903 [00:38<00:01, 4559.87 examples/s]
Truncating train dataset (num_proc=1):  95%|█████████▍| 146000/153903 [00:38<00:01, 4758.59 examples/s]
Truncating train dataset (num_proc=1):  95%|█████████▌| 146938/153903 [00:38<00:01, 5181.55 examples/s]
Truncating train dataset (num_proc=1):  96%|█████████▌| 147853/153903 [00:38<00:01, 5413.01 examples/s]
Truncating train dataset (num_proc=1):  96%|█████████▋| 148442/153903 [00:38<00:00, 5487.94 examples/s]
Truncating train dataset (num_proc=1):  97%|█████████▋| 149368/153903 [00:38<00:00, 5672.16 examples/s]
Truncating train dataset (num_proc=1):  97%|█████████▋| 150000/153903 [00:38<00:00, 5706.63 examples/s]
Truncating train dataset (num_proc=1):  98%|█████████▊| 150757/153903 [00:39<00:00, 6148.81 examples/s]
Truncating train dataset (num_proc=1):  99%|█████████▊| 151749/153903 [00:39<00:00, 6137.83 examples/s]
Truncating train dataset (num_proc=1):  99%|█████████▉| 152391/153903 [00:39<00:00, 6019.84 examples/s]
Truncating train dataset (num_proc=1): 100%|█████████▉| 153181/153903 [00:39<00:00, 5719.06 examples/s]
Truncating train dataset (num_proc=1): 100%|██████████| 153903/153903 [00:39<00:00, 5874.83 examples/s]
Truncating train dataset (num_proc=1): 100%|██████████| 153903/153903 [00:41<00:00, 3738.42 examples/s]

Tokenizing eval dataset (num_proc=1):   0%|          | 0/1200 [00:00<?, ? examples/s]
Tokenizing eval dataset (num_proc=1):   2%|▏         | 23/1200 [00:12<10:28,  1.87 examples/s]
Tokenizing eval dataset (num_proc=1):  14%|█▎        | 164/1200 [00:12<00:57, 17.96 examples/s]
Tokenizing eval dataset (num_proc=1):  26%|██▌       | 314/1200 [00:12<00:21, 41.43 examples/s]
Tokenizing eval dataset (num_proc=1):  38%|███▊      | 454/1200 [00:12<00:10, 71.63 examples/s]
Tokenizing eval dataset (num_proc=1):  52%|█████▏    | 627/1200 [00:12<00:04, 120.80 examples/s]
Tokenizing eval dataset (num_proc=1):  63%|██████▎   | 752/1200 [00:12<00:02, 167.57 examples/s]
Tokenizing eval dataset (num_proc=1):  73%|███████▎  | 873/1200 [00:13<00:01, 225.78 examples/s]
Tokenizing eval dataset (num_proc=1):  83%|████████▎ | 999/1200 [00:13<00:00, 301.96 examples/s]
Tokenizing eval dataset (num_proc=1):  95%|█████████▍| 1137/1200 [00:13<00:00, 385.55 examples/s]
Tokenizing eval dataset (num_proc=1): 100%|██████████| 1200/1200 [00:14<00:00, 80.03 examples/s] 

Building labels for eval dataset (num_proc=1):   0%|          | 0/1200 [00:00<?, ? examples/s]
Building labels for eval dataset (num_proc=1):  30%|██▉       | 356/1200 [00:09<00:21, 38.82 examples/s]
Building labels for eval dataset (num_proc=1):  83%|████████▎ | 1000/1200 [00:09<00:01, 136.69 examples/s]
Building labels for eval dataset (num_proc=1): 100%|██████████| 1200/1200 [00:10<00:00, 109.27 examples/s]

Truncating eval dataset (num_proc=1):   0%|          | 0/1200 [00:00<?, ? examples/s]
Truncating eval dataset (num_proc=1):  28%|██▊       | 332/1200 [00:09<00:23, 36.24 examples/s]
Truncating eval dataset (num_proc=1):  83%|████████▎ | 1000/1200 [00:09<00:01, 138.01 examples/s]
Truncating eval dataset (num_proc=1): 100%|██████████| 1200/1200 [00:10<00:00, 109.82 examples/s]
[transformers] The tokenizer has new PAD/BOS/EOS tokens that differ from the model config and generation config. The model config and generation config were aligned accordingly, being updated with the tokenizer's values. Updated tokens: {'eos_token_id': 248046, 'pad_token_id': 248044}.
  token-budget batches: 17,531 micro-batch/epoch (平均 8.8 筆/批)

  0%|          | 0/4384 [00:00<?, ?it/s]D:\Workspace\AI_training\LinguaForge-Qwen3.5-0.8B-zhTW-en-ja\.venv\Lib\site-packages\triton\language\core.py:2284: UserWarning: tl.make_block_ptr is deprecated. Use TensorDescriptor or tl.make_tensor_descriptor instead.
  warn("tl.make_block_ptr is deprecated. Use TensorDescriptor or tl.make_tensor_descriptor instead.")

  0%|          | 1/4384 [01:43<125:54:15, 103.41s/it]
  0%|          | 2/4384 [02:05<67:42:48, 55.63s/it]  
  0%|          | 3/4384 [02:21<45:30:22, 37.39s/it]
  0%|          | 4/4384 [02:35<34:17:57, 28.19s/it]
  0%|          | 5/4384 [02:41<24:45:35, 20.36s/it]
  0%|          | 6/4384 [02:53<21:03:40, 17.32s/it]
  0%|          | 7/4384 [02:59<16:29:58, 13.57s/it]
  0%|          | 8/4384 [03:07<14:33:22, 11.97s/it]
  0%|          | 9/4384 [03:19<14:40:15, 12.07s/it]
  0%|          | 10/4384 [03:29<13:41:39, 11.27s/it]
  0%|          | 11/4384 [03:36<11:57:09,  9.84s/it]
  0%|          | 12/4384 [03:48<12:45:45, 10.51s/it]
  0%|          | 13/4384 [03:55<11:32:21,  9.50s/it]
  0%|          | 14/4384 [04:01<10:17:03,  8.47s/it]
  0%|          | 15/4384 [04:17<13:13:44, 10.90s/it]
  0%|          | 16/4384 [04:24<11:35:16,  9.55s/it]
  0%|          | 17/4384 [04:32<11:13:22,  9.25s/it]
  0%|          | 18/4384 [04:38<10:01:53,  8.27s/it]
  0%|          | 19/4384 [04:47<10:12:01,  8.41s/it]
  0%|          | 20/4384 [04:53<9:18:51,  7.68s/it] 
                                                   

  0%|          | 20/4384 [04:53<9:18:51,  7.68s/it]
  0%|          | 21/4384 [05:02<9:37:25,  7.94s/it]
  1%|          | 22/4384 [05:07<8:50:05,  7.29s/it]
  1%|          | 23/4384 [05:14<8:26:45,  6.97s/it]
  1%|          | 24/4384 [05:20<8:12:24,  6.78s/it]
  1%|          | 25/4384 [05:26<7:52:05,  6.50s/it]
  1%|          | 26/4384 [05:32<7:41:34,  6.35s/it]
  1%|          | 27/4384 [05:41<8:37:11,  7.12s/it]
  1%|          | 28/4384 [05:47<8:11:58,  6.78s/it]
  1%|          | 29/4384 [05:53<7:52:40,  6.51s/it]
  1%|          | 30/4384 [05:59<7:41:59,  6.37s/it]
  1%|          | 31/4384 [06:07<8:29:35,  7.02s/it]
  1%|          | 32/4384 [06:14<8:17:12,  6.85s/it]
  1%|          | 33/4384 [06:20<8:06:44,  6.71s/it]
  1%|          | 34/4384 [06:26<7:46:19,  6.43s/it]
  1%|          | 35/4384 [06:32<7:37:07,  6.31s/it]
  1%|          | 36/4384 [06:38<7:34:04,  6.27s/it]
  1%|          | 37/4384 [06:44<7:32:18,  6.24s/it]
  1%|          | 38/4384 [06:50<7:28:19,  6.19s/it]
  1%|          | 39/4384 [06:56<7:20:56,  6.09s/it]
  1%|          | 40/4384 [07:02<7:22:50,  6.12s/it]
                                                   

  1%|          | 40/4384 [07:02<7:22:50,  6.12s/it]
  1%|          | 41/4384 [07:08<7:25:35,  6.16s/it]
  1%|          | 42/4384 [07:15<7:31:31,  6.24s/it]
  1%|          | 43/4384 [07:21<7:29:04,  6.21s/it]
  1%|          | 44/4384 [07:27<7:30:28,  6.23s/it]
  1%|          | 45/4384 [07:33<7:26:52,  6.18s/it]
  1%|          | 46/4384 [07:39<7:23:38,  6.14s/it]
  1%|          | 47/4384 [07:47<7:44:50,  6.43s/it]
  1%|          | 48/4384 [07:54<7:58:01,  6.61s/it]
  1%|          | 49/4384 [08:00<7:56:49,  6.60s/it]
  1%|          | 50/4384 [08:07<7:52:45,  6.54s/it]
  1%|          | 51/4384 [08:13<7:53:00,  6.55s/it]
  1%|          | 52/4384 [08:20<7:58:06,  6.62s/it]
  1%|          | 53/4384 [08:27<7:58:37,  6.63s/it]
  1%|          | 54/4384 [08:36<8:52:55,  7.38s/it]
  1%|▏         | 55/4384 [08:43<8:40:12,  7.21s/it]
  1%|▏         | 56/4384 [08:49<8:24:37,  7.00s/it]
  1%|▏         | 57/4384 [08:55<8:11:49,  6.82s/it]
  1%|▏         | 58/4384 [09:02<7:56:34,  6.61s/it]
  1%|▏         | 59/4384 [09:08<7:48:45,  6.50s/it]
  1%|▏         | 60/4384 [09:14<7:40:03,  6.38s/it]
                                                   

  1%|▏         | 60/4384 [09:14<7:40:03,  6.38s/it]
  1%|▏         | 61/4384 [09:20<7:43:12,  6.43s/it]
  1%|▏         | 62/4384 [09:27<7:47:03,  6.48s/it]
  1%|▏         | 63/4384 [09:34<7:47:28,  6.49s/it]
  1%|▏         | 64/4384 [09:40<7:52:37,  6.56s/it]
  1%|▏         | 65/4384 [09:47<7:51:03,  6.54s/it]
  2%|▏         | 66/4384 [09:54<7:55:17,  6.60s/it]
  2%|▏         | 67/4384 [10:02<8:42:44,  7.27s/it]
  2%|▏         | 68/4384 [10:09<8:24:26,  7.01s/it]
  2%|▏         | 69/4384 [10:15<8:10:30,  6.82s/it]
  2%|▏         | 70/4384 [10:22<8:03:36,  6.73s/it]
  2%|▏         | 71/4384 [10:29<8:10:24,  6.82s/it]
  2%|▏         | 72/4384 [10:36<8:23:34,  7.01s/it]
  2%|▏         | 73/4384 [10:43<8:17:59,  6.93s/it]
  2%|▏         | 74/4384 [10:49<7:53:34,  6.59s/it]
  2%|▏         | 75/4384 [10:58<8:52:07,  7.41s/it]
  2%|▏         | 76/4384 [11:05<8:38:53,  7.23s/it]
  2%|▏         | 77/4384 [11:11<8:15:16,  6.90s/it]
  2%|▏         | 78/4384 [11:17<8:06:41,  6.78s/it]
  2%|▏         | 79/4384 [11:24<8:05:16,  6.76s/it]
  2%|▏         | 80/4384 [11:31<7:55:52,  6.63s/it]
                                                   

  2%|▏         | 80/4384 [11:31<7:55:52,  6.63s/it]
  2%|▏         | 81/4384 [11:37<7:44:09,  6.47s/it]
  2%|▏         | 82/4384 [11:46<8:52:17,  7.42s/it]
  2%|▏         | 83/4384 [11:53<8:30:09,  7.12s/it]
  2%|▏         | 84/4384 [11:59<8:23:32,  7.03s/it]
  2%|▏         | 85/4384 [12:06<8:13:10,  6.88s/it]
  2%|▏         | 86/4384 [12:13<8:19:55,  6.98s/it]
  2%|▏         | 87/4384 [12:20<8:23:31,  7.03s/it]
  2%|▏         | 88/4384 [12:27<8:19:01,  6.97s/it]
  2%|▏         | 89/4384 [12:34<8:13:20,  6.89s/it]
  2%|▏         | 90/4384 [12:41<8:11:40,  6.87s/it]
  2%|▏         | 91/4384 [12:48<8:11:49,  6.87s/it]
  2%|▏         | 92/4384 [12:55<8:21:10,  7.01s/it]
  2%|▏         | 93/4384 [13:02<8:18:36,  6.97s/it]
  2%|▏         | 94/4384 [13:09<8:24:28,  7.06s/it]
  2%|▏         | 95/4384 [13:16<8:21:51,  7.02s/it]
  2%|▏         | 96/4384 [13:23<8:18:40,  6.98s/it]
  2%|▏         | 97/4384 [13:30<8:25:00,  7.07s/it]
  2%|▏         | 98/4384 [13:37<8:21:56,  7.03s/it]
  2%|▏         | 99/4384 [13:44<8:12:58,  6.90s/it]
  2%|▏         | 100/4384 [13:51<8:18:59,  6.99s/it]
                                                    

  2%|▏         | 100/4384 [13:51<8:18:59,  6.99s/it]
  2%|▏         | 101/4384 [13:57<8:08:28,  6.84s/it]
  2%|▏         | 102/4384 [14:04<8:09:40,  6.86s/it]
  2%|▏         | 103/4384 [14:11<8:00:38,  6.74s/it]
  2%|▏         | 104/4384 [14:17<7:55:13,  6.66s/it]
  2%|▏         | 105/4384 [14:24<7:51:22,  6.61s/it]
  2%|▏         | 106/4384 [14:30<7:42:26,  6.49s/it]
  2%|▏         | 107/4384 [14:36<7:26:06,  6.26s/it]
  2%|▏         | 108/4384 [14:42<7:24:51,  6.24s/it]
  2%|▏         | 109/4384 [14:48<7:26:18,  6.26s/it]
  3%|▎         | 110/4384 [14:54<7:17:31,  6.14s/it]
  3%|▎         | 111/4384 [15:00<7:18:52,  6.16s/it]
  3%|▎         | 112/4384 [15:07<7:34:08,  6.38s/it]
  3%|▎         | 113/4384 [15:14<7:41:25,  6.48s/it]
  3%|▎         | 114/4384 [15:21<7:58:35,  6.72s/it]
  3%|▎         | 115/4384 [15:28<7:55:35,  6.68s/it]
  3%|▎         | 116/4384 [15:35<7:59:23,  6.74s/it]
  3%|▎         | 117/4384 [15:41<7:50:26,  6.62s/it]
  3%|▎         | 118/4384 [15:48<7:58:12,  6.73s/it]
  3%|▎         | 119/4384 [15:55<8:09:14,  6.88s/it]
  3%|▎         | 120/4384 [16:02<8:02:10,  6.78s/it]
                                                    

  3%|▎         | 120/4384 [16:02<8:02:10,  6.78s/it]
  3%|▎         | 121/4384 [16:08<8:00:40,  6.77s/it]
  3%|▎         | 122/4384 [16:15<8:03:20,  6.80s/it]
  3%|▎         | 123/4384 [16:23<8:20:32,  7.05s/it]
  3%|▎         | 124/4384 [16:30<8:14:09,  6.96s/it]
  3%|▎         | 125/4384 [16:36<7:59:27,  6.75s/it]
  3%|▎         | 126/4384 [16:42<7:51:05,  6.64s/it]
  3%|▎         | 127/4384 [16:49<7:48:23,  6.60s/it]
  3%|▎         | 128/4384 [16:56<7:53:12,  6.67s/it]
  3%|▎         | 129/4384 [17:02<7:44:58,  6.56s/it]
  3%|▎         | 130/4384 [17:09<7:47:28,  6.59s/it]
  3%|▎         | 131/4384 [17:15<7:47:05,  6.59s/it]
  3%|▎         | 132/4384 [17:22<7:53:07,  6.68s/it]
  3%|▎         | 133/4384 [17:29<7:51:12,  6.65s/it]
  3%|▎         | 134/4384 [17:35<7:41:53,  6.52s/it]
  3%|▎         | 135/4384 [17:41<7:35:35,  6.43s/it]
  3%|▎         | 136/4384 [17:48<7:50:06,  6.64s/it]
  3%|▎         | 137/4384 [17:55<7:59:43,  6.78s/it]
  3%|▎         | 138/4384 [18:02<7:48:49,  6.62s/it]
  3%|▎         | 139/4384 [18:08<7:53:26,  6.69s/it]
  3%|▎         | 140/4384 [18:16<8:17:52,  7.04s/it]
                                                    

  3%|▎         | 140/4384 [18:16<8:17:52,  7.04s/it]
  3%|▎         | 141/4384 [18:27<9:27:53,  8.03s/it]
  3%|▎         | 142/4384 [18:34<9:08:10,  7.75s/it]
  3%|▎         | 143/4384 [18:40<8:42:14,  7.39s/it]
  3%|▎         | 144/4384 [18:47<8:30:27,  7.22s/it]
  3%|▎         | 145/4384 [18:54<8:21:16,  7.10s/it]
  3%|▎         | 146/4384 [19:01<8:10:10,  6.94s/it]
  3%|▎         | 147/4384 [19:07<7:57:15,  6.76s/it]
  3%|▎         | 148/4384 [19:13<7:53:22,  6.71s/it]
  3%|▎         | 149/4384 [19:20<7:51:24,  6.68s/it]
  3%|▎         | 150/4384 [19:26<7:44:06,  6.58s/it]
  3%|▎         | 151/4384 [19:33<7:49:01,  6.65s/it]
  3%|▎         | 152/4384 [19:40<7:44:42,  6.59s/it]
  3%|▎         | 153/4384 [19:46<7:42:59,  6.57s/it]
  4%|▎         | 154/4384 [19:53<7:48:58,  6.65s/it]
  4%|▎         | 155/4384 [20:00<7:53:43,  6.72s/it]
  4%|▎         | 156/4384 [20:06<7:48:06,  6.64s/it]
  4%|▎         | 157/4384 [20:13<7:37:48,  6.50s/it]
  4%|▎         | 158/4384 [20:19<7:43:09,  6.58s/it]
  4%|▎         | 159/4384 [20:26<7:35:51,  6.47s/it]
  4%|▎         | 160/4384 [20:32<7:35:05,  6.46s/it]
                                                    

  4%|▎         | 160/4384 [20:32<7:35:05,  6.46s/it]
  4%|▎         | 161/4384 [20:39<7:37:46,  6.50s/it]
  4%|▎         | 162/4384 [20:45<7:41:14,  6.55s/it]
  4%|▎         | 163/4384 [20:52<7:35:13,  6.47s/it]
  4%|▎         | 164/4384 [21:00<8:08:01,  6.94s/it]
  4%|▍         | 165/4384 [21:06<8:00:29,  6.83s/it]
  4%|▍         | 166/4384 [21:14<8:14:36,  7.04s/it]
  4%|▍         | 167/4384 [21:20<8:10:04,  6.97s/it]
  4%|▍         | 168/4384 [21:28<8:14:01,  7.03s/it]
  4%|▍         | 169/4384 [21:35<8:21:57,  7.15s/it]
  4%|▍         | 170/4384 [21:42<8:15:42,  7.06s/it]
  4%|▍         | 171/4384 [21:49<8:17:56,  7.09s/it]
  4%|▍         | 172/4384 [21:56<8:20:07,  7.12s/it]
  4%|▍         | 173/4384 [22:04<8:22:38,  7.16s/it]
  4%|▍         | 174/4384 [22:11<8:24:25,  7.19s/it]
  4%|▍         | 175/4384 [22:18<8:29:00,  7.26s/it]
  4%|▍         | 176/4384 [22:25<8:28:53,  7.26s/it]
  4%|▍         | 177/4384 [22:32<8:12:38,  7.03s/it]
  4%|▍         | 178/4384 [22:41<9:00:04,  7.70s/it]
  4%|▍         | 179/4384 [22:47<8:28:19,  7.25s/it]
  4%|▍         | 180/4384 [22:55<8:24:31,  7.20s/it]
                                                    

  4%|▍         | 180/4384 [22:55<8:24:31,  7.20s/it]
  4%|▍         | 181/4384 [23:02<8:21:30,  7.16s/it]
  4%|▍         | 182/4384 [23:07<7:55:29,  6.79s/it]
  4%|▍         | 183/4384 [23:14<7:50:24,  6.72s/it]
  4%|▍         | 184/4384 [23:21<7:52:22,  6.75s/it]
  4%|▍         | 185/4384 [23:27<7:49:02,  6.70s/it]
  4%|▍         | 186/4384 [23:34<7:39:11,  6.56s/it]
  4%|▍         | 187/4384 [23:40<7:43:10,  6.62s/it]
  4%|▍         | 188/4384 [23:47<7:39:57,  6.58s/it]
  4%|▍         | 189/4384 [23:53<7:35:50,  6.52s/it]
  4%|▍         | 190/4384 [24:00<7:37:41,  6.55s/it]
  4%|▍         | 191/4384 [24:07<7:39:03,  6.57s/it]
  4%|▍         | 192/4384 [24:13<7:42:08,  6.61s/it]
  4%|▍         | 193/4384 [24:20<7:52:29,  6.76s/it]
  4%|▍         | 194/4384 [24:27<7:58:00,  6.85s/it]
  4%|▍         | 195/4384 [24:34<7:44:06,  6.65s/it]
  4%|▍         | 196/4384 [24:40<7:41:14,  6.61s/it]
  4%|▍         | 197/4384 [24:46<7:26:13,  6.39s/it]
  5%|▍         | 198/4384 [24:53<7:38:24,  6.57s/it]
  5%|▍         | 199/4384 [25:00<7:37:25,  6.56s/it]
  5%|▍         | 200/4384 [25:05<7:22:05,  6.34s/it]
                                                    

  5%|▍         | 200/4384 [25:05<7:22:05,  6.34s/it]
  5%|▍         | 201/4384 [25:12<7:21:58,  6.34s/it]
  5%|▍         | 202/4384 [25:18<7:13:00,  6.21s/it]
  5%|▍         | 203/4384 [25:24<7:08:42,  6.15s/it]
  5%|▍         | 204/4384 [25:30<7:17:31,  6.28s/it]
  5%|▍         | 205/4384 [25:36<7:17:35,  6.28s/it]
  5%|▍         | 206/4384 [25:42<7:08:07,  6.15s/it]
  5%|▍         | 207/4384 [25:48<7:05:37,  6.11s/it]
  5%|▍         | 208/4384 [25:54<7:05:43,  6.12s/it]
  5%|▍         | 209/4384 [26:00<7:03:01,  6.08s/it]
  5%|▍         | 210/4384 [26:06<7:00:06,  6.04s/it]
  5%|▍         | 211/4384 [26:13<7:03:14,  6.09s/it]
  5%|▍         | 212/4384 [26:19<7:05:09,  6.11s/it]
  5%|▍         | 213/4384 [26:25<7:10:48,  6.20s/it]
  5%|▍         | 214/4384 [26:31<7:10:56,  6.20s/it]
  5%|▍         | 215/4384 [26:37<7:01:38,  6.07s/it]
  5%|▍         | 216/4384 [26:42<6:46:29,  5.85s/it]
  5%|▍         | 217/4384 [26:49<6:57:03,  6.01s/it]
  5%|▍         | 218/4384 [26:55<6:57:02,  6.01s/it]
  5%|▍         | 219/4384 [27:01<6:58:04,  6.02s/it]
  5%|▌         | 220/4384 [27:07<6:58:02,  6.02s/it]
                                                    

  5%|▌         | 220/4384 [27:07<6:58:02,  6.02s/it]
  5%|▌         | 221/4384 [27:13<6:52:36,  5.95s/it]
  5%|▌         | 222/4384 [27:19<6:52:25,  5.95s/it]
  5%|▌         | 223/4384 [27:25<7:03:20,  6.10s/it]
  5%|▌         | 224/4384 [27:31<7:07:16,  6.16s/it]
  5%|▌         | 225/4384 [27:38<7:08:45,  6.19s/it]
  5%|▌         | 226/4384 [27:44<7:12:09,  6.24s/it]
  5%|▌         | 227/4384 [27:50<7:05:09,  6.14s/it]
  5%|▌         | 228/4384 [27:56<6:53:38,  5.97s/it]
  5%|▌         | 229/4384 [28:01<6:48:15,  5.90s/it]
  5%|▌         | 230/4384 [28:07<6:52:59,  5.97s/it]
  5%|▌         | 231/4384 [28:13<6:54:24,  5.99s/it]
  5%|▌         | 232/4384 [28:19<6:48:30,  5.90s/it]
  5%|▌         | 233/4384 [28:25<6:58:11,  6.04s/it]
  5%|▌         | 234/4384 [28:31<6:57:21,  6.03s/it]
  5%|▌         | 235/4384 [28:38<7:01:46,  6.10s/it]
  5%|▌         | 236/4384 [28:46<7:50:51,  6.81s/it]
  5%|▌         | 237/4384 [28:52<7:30:29,  6.52s/it]
  5%|▌         | 238/4384 [28:58<7:26:40,  6.46s/it]
  5%|▌         | 239/4384 [29:04<7:14:03,  6.28s/it]
  5%|▌         | 240/4384 [29:10<7:09:09,  6.21s/it]
                                                    

  5%|▌         | 240/4384 [29:10<7:09:09,  6.21s/it]
  5%|▌         | 241/4384 [29:16<7:01:24,  6.10s/it]
  6%|▌         | 242/4384 [29:22<7:05:06,  6.16s/it]
  6%|▌         | 243/4384 [29:29<7:04:38,  6.15s/it]
  6%|▌         | 244/4384 [29:35<7:01:21,  6.11s/it]
  6%|▌         | 245/4384 [29:40<6:55:09,  6.02s/it]
  6%|▌         | 246/4384 [29:46<6:48:15,  5.92s/it]
  6%|▌         | 247/4384 [29:52<6:46:31,  5.90s/it]
  6%|▌         | 248/4384 [29:58<6:53:03,  5.99s/it]
  6%|▌         | 249/4384 [30:04<6:50:47,  5.96s/it]
  6%|▌         | 250/4384 [30:10<6:52:27,  5.99s/it]
  6%|▌         | 251/4384 [30:17<7:05:52,  6.18s/it]
  6%|▌         | 252/4384 [30:23<7:03:43,  6.15s/it]
  6%|▌         | 253/4384 [30:29<6:58:03,  6.07s/it]
  6%|▌         | 254/4384 [30:35<6:57:21,  6.06s/it]
  6%|▌         | 255/4384 [30:41<6:57:00,  6.06s/it]
  6%|▌         | 256/4384 [30:47<6:51:14,  5.98s/it]
  6%|▌         | 257/4384 [30:53<6:51:30,  5.98s/it]
  6%|▌         | 258/4384 [30:59<6:54:49,  6.03s/it]
  6%|▌         | 259/4384 [31:05<6:52:24,  6.00s/it]
  6%|▌         | 260/4384 [31:10<6:47:12,  5.92s/it]
                                                    

  6%|▌         | 260/4384 [31:10<6:47:12,  5.92s/it]
  6%|▌         | 261/4384 [31:16<6:49:16,  5.96s/it]
  6%|▌         | 262/4384 [31:25<7:33:53,  6.61s/it]
  6%|▌         | 263/4384 [31:30<7:14:46,  6.33s/it]
  6%|▌         | 264/4384 [31:36<7:08:39,  6.24s/it]
  6%|▌         | 265/4384 [31:42<7:05:44,  6.20s/it]
  6%|▌         | 266/4384 [31:48<6:58:04,  6.09s/it]
  6%|▌         | 267/4384 [31:54<6:55:41,  6.06s/it]
  6%|▌         | 268/4384 [32:00<6:55:54,  6.06s/it]
  6%|▌         | 269/4384 [32:06<6:50:18,  5.98s/it]
  6%|▌         | 270/4384 [32:12<6:54:51,  6.05s/it]
  6%|▌         | 271/4384 [32:18<6:53:07,  6.03s/it]
  6%|▌         | 272/4384 [32:24<6:47:56,  5.95s/it]
  6%|▌         | 273/4384 [32:30<6:51:25,  6.00s/it]
  6%|▋         | 274/4384 [32:36<6:54:52,  6.06s/it]
  6%|▋         | 275/4384 [32:42<6:55:56,  6.07s/it]
  6%|▋         | 276/4384 [32:49<6:59:17,  6.12s/it]
  6%|▋         | 277/4384 [32:55<6:53:40,  6.04s/it]
  6%|▋         | 278/4384 [33:00<6:51:41,  6.02s/it]
  6%|▋         | 279/4384 [33:06<6:45:16,  5.92s/it]
  6%|▋         | 280/4384 [33:12<6:48:59,  5.98s/it]
                                                    

  6%|▋         | 280/4384 [33:12<6:48:59,  5.98s/it]
  6%|▋         | 281/4384 [33:18<6:47:26,  5.96s/it]
  6%|▋         | 282/4384 [33:24<6:37:46,  5.82s/it]
  6%|▋         | 283/4384 [33:29<6:37:04,  5.81s/it]
  6%|▋         | 284/4384 [33:35<6:40:32,  5.86s/it]
  7%|▋         | 285/4384 [33:41<6:36:35,  5.81s/it]
  7%|▋         | 286/4384 [33:47<6:30:52,  5.72s/it]
  7%|▋         | 287/4384 [33:53<6:33:47,  5.77s/it]
  7%|▋         | 288/4384 [33:58<6:32:09,  5.74s/it]
  7%|▋         | 289/4384 [34:04<6:37:05,  5.82s/it]
  7%|▋         | 290/4384 [34:12<7:21:43,  6.47s/it]
  7%|▋         | 291/4384 [34:18<7:04:50,  6.23s/it]
  7%|▋         | 292/4384 [34:23<6:50:20,  6.02s/it]
  7%|▋         | 293/4384 [34:29<6:51:45,  6.04s/it]
  7%|▋         | 294/4384 [34:36<6:56:30,  6.11s/it]
  7%|▋         | 295/4384 [34:41<6:45:27,  5.95s/it]
  7%|▋         | 296/4384 [34:47<6:44:06,  5.93s/it]
  7%|▋         | 297/4384 [34:53<6:47:14,  5.98s/it]
  7%|▋         | 298/4384 [35:02<7:40:57,  6.77s/it]
  7%|▋         | 299/4384 [35:08<7:36:17,  6.70s/it]
  7%|▋         | 300/4384 [35:14<7:19:27,  6.46s/it]
                                                    

  7%|▋         | 300/4384 [35:14<7:19:27,  6.46s/it]
{'loss': '2.282', 'grad_norm': '2.187', 'learning_rate': '1.439e-05', 'entropy': '2.071', 'num_tokens': '2.042e+05', 'mean_token_accuracy': '0.5339', 'epoch': '0.009127'}
{'loss': '2.104', 'grad_norm': '1.88', 'learning_rate': '2.955e-05', 'entropy': '2.153', 'num_tokens': '4.101e+05', 'mean_token_accuracy': '0.5585', 'epoch': '0.01825'}
{'loss': '2.035', 'grad_norm': '1.91', 'learning_rate': '4.47e-05', 'entropy': '2.081', 'num_tokens': '6.129e+05', 'mean_token_accuracy': '0.5681', 'epoch': '0.02738'}
{'loss': '2.049', 'grad_norm': '1.842', 'learning_rate': '5.985e-05', 'entropy': '2.108', 'num_tokens': '8.152e+05', 'mean_token_accuracy': '0.5636', 'epoch': '0.03651'}
{'loss': '2.061', 'grad_norm': '1.585', 'learning_rate': '7.5e-05', 'entropy': '2.119', 'num_tokens': '1.02e+06', 'mean_token_accuracy': '0.5615', 'epoch': '0.04563'}
{'loss': '2.078', 'grad_norm': '1.531', 'learning_rate': '9.015e-05', 'entropy': '2.123', 'num_tokens': '1.222e+06', 'mean_token_accuracy': '0.5583', 'epoch': '0.05476'}
{'loss': '2.066', 'grad_norm': '4.178', 'learning_rate': '0.0001', 'entropy': '2.123', 'num_tokens': '1.426e+06', 'mean_token_accuracy': '0.5604', 'epoch': '0.06389'}
{'loss': '2.021', 'grad_norm': '1.565', 'learning_rate': '9.999e-05', 'entropy': '2.084', 'num_tokens': '1.631e+06', 'mean_token_accuracy': '0.5679', 'epoch': '0.07301'}
{'loss': '2.011', 'grad_norm': '1.722', 'learning_rate': '9.997e-05', 'entropy': '2.072', 'num_tokens': '1.835e+06', 'mean_token_accuracy': '0.5726', 'epoch': '0.08214'}

{'loss': '2.099', 'grad_norm': '1.795', 'learning_rate': '9.994e-05', 'entropy': '2.153', 'num_tokens': '2.04e+06', 'mean_token_accuracy': '0.5593', 'epoch': '0.09127'}
{'loss': '2.077', 'grad_norm': '1.584', 'learning_rate': '9.99e-05', 'entropy': '2.135', 'num_tokens': '2.241e+06', 'mean_token_accuracy': '0.5627', 'epoch': '0.1004'}
{'loss': '2.065', 'grad_norm': '1.601', 'learning_rate': '9.984e-05', 'entropy': '2.125', 'num_tokens': '2.447e+06', 'mean_token_accuracy': '0.5634', 'epoch': '0.1095'}
{'loss': '2.002', 'grad_norm': '1.615', 'learning_rate': '9.978e-05', 'entropy': '2.061', 'num_tokens': '2.647e+06', 'mean_token_accuracy': '0.5693', 'epoch': '0.1186'}
{'loss': '2.062', 'grad_norm': '1.749', 'learning_rate': '9.971e-05', 'entropy': '2.121', 'num_tokens': '2.851e+06', 'mean_token_accuracy': '0.5588', 'epoch': '0.1278'}
{'loss': '1.979', 'grad_norm': '1.577', 'learning_rate': '9.962e-05', 'entropy': '2.032', 'num_tokens': '3.057e+06', 'mean_token_accuracy': '0.5773', 'epoch': '0.1369'}
  0%|          | 0/600 [00:00<?, ?it/s][A

  0%|          | 2/600 [00:00<00:50, 11.75it/s][A

  1%|          | 4/600 [00:00<01:21,  7.33it/s][A

  1%|          | 5/600 [00:00<01:28,  6.70it/s][A

  1%|          | 6/600 [00:00<01:35,  6.24it/s][A

  1%|          | 7/600 [00:01<01:37,  6.07it/s][A

  1%|▏         | 8/600 [00:01<01:39,  5.94it/s][A

  2%|▏         | 9/600 [00:01<01:36,  6.13it/s][A

  2%|▏         | 10/600 [00:01<01:35,  6.18it/s][A

  2%|▏         | 11/600 [00:01<01:38,  6.01it/s][A

  2%|▏         | 12/600 [00:01<01:42,  5.72it/s][A

  2%|▏         | 13/600 [00:02<01:42,  5.75it/s][A

  2%|▏         | 14/600 [00:02<01:44,  5.58it/s][A

  2%|▎         | 15/600 [00:02<01:44,  5.59it/s][A

  3%|▎         | 16/600 [00:02<01:44,  5.56it/s][A

  3%|▎         | 17/600 [00:02<01:42,  5.69it/s][A

  3%|▎         | 18/600 [00:02<01:43,  5.62it/s][A

  3%|▎         | 19/600 [00:03<01:41,  5.70it/s][A

  3%|▎         | 20/600 [00:03<01:39,  5.82it/s][A

  4%|▎         | 21/600 [00:03<01:37,  5.95it/s][A

  4%|▎         | 22/600 [00:03<01:35,  6.05it/s][A

  4%|▍         | 23/600 [00:03<01:35,  6.04it/s][A

  4%|▍         | 24/600 [00:03<01:35,  6.01it/s][A

  4%|▍         | 25/600 [00:04<01:36,  5.93it/s][A

  4%|▍         | 26/600 [00:04<01:36,  5.97it/s][A

  4%|▍         | 27/600 [00:04<01:36,  5.95it/s][A

  5%|▍         | 28/600 [00:04<01:35,  5.98it/s][A

  5%|▍         | 29/600 [00:04<01:35,  6.00it/s][A

  5%|▌         | 30/600 [00:04<01:36,  5.91it/s][A

  5%|▌         | 31/600 [00:05<01:38,  5.80it/s][A

  5%|▌         | 32/600 [00:05<01:37,  5.82it/s][A

  6%|▌         | 33/600 [00:05<01:39,  5.70it/s][A

  6%|▌         | 34/600 [00:05<01:39,  5.70it/s][A

  6%|▌         | 35/600 [00:05<01:38,  5.75it/s][A

  6%|▌         | 36/600 [00:06<01:34,  5.96it/s][A

  6%|▌         | 37/600 [00:06<01:38,  5.73it/s][A

  6%|▋         | 38/600 [00:06<01:41,  5.55it/s][A

  6%|▋         | 39/600 [00:06<01:40,  5.60it/s][A

  7%|▋         | 40/600 [00:06<01:36,  5.78it/s][A

  7%|▋         | 41/600 [00:06<01:39,  5.62it/s][A

  7%|▋         | 42/600 [00:07<01:40,  5.58it/s][A

  7%|▋         | 43/600 [00:07<01:38,  5.63it/s][A

  7%|▋         | 44/600 [00:07<01:40,  5.51it/s][A

  8%|▊         | 45/600 [00:07<01:38,  5.62it/s][A

  8%|▊         | 46/600 [00:07<01:36,  5.76it/s][A

  8%|▊         | 47/600 [00:07<01:37,  5.65it/s][A

  8%|▊         | 48/600 [00:08<01:37,  5.65it/s][A

  8%|▊         | 49/600 [00:08<01:35,  5.75it/s][A

  8%|▊         | 50/600 [00:08<01:59,  4.61it/s][A

  8%|▊         | 51/600 [00:08<01:54,  4.80it/s][A

  9%|▊         | 52/600 [00:09<01:49,  5.02it/s][A

  9%|▉         | 53/600 [00:09<01:49,  5.01it/s][A

  9%|▉         | 54/600 [00:09<01:43,  5.28it/s][A

  9%|▉         | 55/600 [00:09<01:42,  5.31it/s][A

  9%|▉         | 56/600 [00:09<01:42,  5.31it/s][A

 10%|▉         | 57/600 [00:09<01:37,  5.56it/s][A

 10%|▉         | 58/600 [00:10<01:35,  5.70it/s][A

 10%|▉         | 59/600 [00:10<01:34,  5.73it/s][A

 10%|█         | 60/600 [00:10<01:29,  6.00it/s][A

 10%|█         | 61/600 [00:10<01:28,  6.12it/s][A

 10%|█         | 62/600 [00:10<01:25,  6.26it/s][A

 10%|█         | 63/600 [00:10<01:30,  5.93it/s][A

 11%|█         | 64/600 [00:11<01:30,  5.90it/s][A

 11%|█         | 65/600 [00:11<01:27,  6.09it/s][A

 11%|█         | 66/600 [00:11<01:29,  5.99it/s][A

 11%|█         | 67/600 [00:11<01:29,  5.99it/s][A

 11%|█▏        | 68/600 [00:11<01:29,  5.91it/s][A

 12%|█▏        | 69/600 [00:11<01:29,  5.91it/s][A

 12%|█▏        | 70/600 [00:12<01:34,  5.60it/s][A

 12%|█▏        | 71/600 [00:12<01:35,  5.54it/s][A

 12%|█▏        | 72/600 [00:12<01:32,  5.69it/s][A

 12%|█▏        | 73/600 [00:12<01:31,  5.75it/s][A

 12%|█▏        | 74/600 [00:12<01:28,  5.91it/s][A

 12%|█▎        | 75/600 [00:12<01:26,  6.04it/s][A

 13%|█▎        | 76/600 [00:13<01:27,  6.01it/s][A

 13%|█▎        | 77/600 [00:13<01:28,  5.94it/s][A

 13%|█▎        | 78/600 [00:13<01:28,  5.88it/s][A

 13%|█▎        | 79/600 [00:13<01:34,  5.51it/s][A

 13%|█▎        | 80/600 [00:13<01:38,  5.26it/s][A

 14%|█▎        | 81/600 [00:14<01:37,  5.34it/s][A

 14%|█▎        | 82/600 [00:14<01:35,  5.44it/s][A

 14%|█▍        | 83/600 [00:14<01:34,  5.49it/s][A

 14%|█▍        | 84/600 [00:14<01:35,  5.40it/s][A

 14%|█▍        | 85/600 [00:14<01:37,  5.26it/s][A

 14%|█▍        | 86/600 [00:14<01:34,  5.41it/s][A

 14%|█▍        | 87/600 [00:15<01:35,  5.39it/s][A

 15%|█▍        | 88/600 [00:15<01:36,  5.29it/s][A

 15%|█▍        | 89/600 [00:15<01:33,  5.45it/s][A

 15%|█▌        | 90/600 [00:15<01:35,  5.35it/s][A

 15%|█▌        | 91/600 [00:15<01:35,  5.35it/s][A

 15%|█▌        | 92/600 [00:16<01:34,  5.38it/s][A

 16%|█▌        | 93/600 [00:16<01:31,  5.57it/s][A

 16%|█▌        | 94/600 [00:16<01:30,  5.57it/s][A

 16%|█▌        | 95/600 [00:16<01:32,  5.47it/s][A

 16%|█▌        | 96/600 [00:16<01:33,  5.40it/s][A

 16%|█▌        | 97/600 [00:17<01:31,  5.47it/s][A

 16%|█▋        | 98/600 [00:17<01:29,  5.62it/s][A

 16%|█▋        | 99/600 [00:17<01:31,  5.48it/s][A

 17%|█▋        | 100/600 [00:17<01:32,  5.41it/s][A

 17%|█▋        | 101/600 [00:17<01:33,  5.34it/s][A

 17%|█▋        | 102/600 [00:17<01:34,  5.25it/s][A

 17%|█▋        | 103/600 [00:18<01:35,  5.23it/s][A

 17%|█▋        | 104/600 [00:18<01:37,  5.07it/s][A

 18%|█▊        | 105/600 [00:18<01:35,  5.19it/s][A

 18%|█▊        | 106/600 [00:18<01:39,  4.96it/s][A

 18%|█▊        | 107/600 [00:18<01:37,  5.06it/s][A

 18%|█▊        | 108/600 [00:19<01:37,  5.04it/s][A

 18%|█▊        | 109/600 [00:19<01:38,  4.96it/s][A

 18%|█▊        | 110/600 [00:19<01:35,  5.14it/s][A

 18%|█▊        | 111/600 [00:19<01:36,  5.07it/s][A

 19%|█▊        | 112/600 [00:19<01:35,  5.10it/s][A

 19%|█▉        | 113/600 [00:20<01:34,  5.16it/s][A

 19%|█▉        | 114/600 [00:20<01:32,  5.27it/s][A

 19%|█▉        | 115/600 [00:20<01:32,  5.26it/s][A

 19%|█▉        | 116/600 [00:20<01:36,  5.02it/s][A

 20%|█▉        | 117/600 [00:20<01:33,  5.16it/s][A

 20%|█▉        | 118/600 [00:21<01:28,  5.43it/s][A

 20%|█▉        | 119/600 [00:21<01:28,  5.43it/s][A

 20%|██        | 120/600 [00:21<01:28,  5.41it/s][A

 20%|██        | 121/600 [00:21<01:27,  5.50it/s][A

 20%|██        | 122/600 [00:21<01:26,  5.54it/s][A

 20%|██        | 123/600 [00:21<01:24,  5.64it/s][A

 21%|██        | 124/600 [00:22<01:24,  5.62it/s][A

 21%|██        | 125/600 [00:22<01:24,  5.63it/s][A

 21%|██        | 126/600 [00:22<01:24,  5.64it/s][A

 21%|██        | 127/600 [00:22<01:23,  5.63it/s][A

 21%|██▏       | 128/600 [00:22<01:21,  5.77it/s][A

 22%|██▏       | 129/600 [00:22<01:21,  5.81it/s][A

 22%|██▏       | 130/600 [00:23<01:20,  5.81it/s][A

 22%|██▏       | 131/600 [00:23<01:22,  5.68it/s][A

 22%|██▏       | 132/600 [00:23<01:21,  5.75it/s][A

 22%|██▏       | 133/600 [00:23<01:20,  5.78it/s][A

 22%|██▏       | 134/600 [00:23<01:22,  5.64it/s][A

 22%|██▎       | 135/600 [00:24<01:21,  5.68it/s][A

 23%|██▎       | 136/600 [00:24<01:21,  5.70it/s][A

 23%|██▎       | 137/600 [00:24<01:22,  5.60it/s][A

 23%|██▎       | 138/600 [00:24<01:20,  5.76it/s][A

 23%|██▎       | 139/600 [00:24<01:18,  5.86it/s][A

 23%|██▎       | 140/600 [00:24<01:16,  6.01it/s][A

 24%|██▎       | 141/600 [00:25<01:18,  5.86it/s][A

 24%|██▎       | 142/600 [00:25<01:18,  5.80it/s][A

 24%|██▍       | 143/600 [00:25<01:18,  5.79it/s][A

 24%|██▍       | 144/600 [00:25<01:17,  5.92it/s][A

 24%|██▍       | 145/600 [00:25<01:15,  5.99it/s][A

 24%|██▍       | 146/600 [00:25<01:18,  5.79it/s][A

 24%|██▍       | 147/600 [00:26<01:20,  5.61it/s][A

 25%|██▍       | 148/600 [00:26<01:19,  5.70it/s][A

 25%|██▍       | 149/600 [00:26<01:15,  6.00it/s][A

 25%|██▌       | 150/600 [00:26<01:13,  6.09it/s][A

 25%|██▌       | 151/600 [00:26<01:15,  5.94it/s][A

 25%|██▌       | 152/600 [00:26<01:15,  5.93it/s][A

 26%|██▌       | 153/600 [00:27<01:16,  5.84it/s][A

 26%|██▌       | 154/600 [00:27<01:19,  5.58it/s][A

 26%|██▌       | 155/600 [00:27<01:17,  5.72it/s][A

 26%|██▌       | 156/600 [00:27<01:17,  5.74it/s][A

 26%|██▌       | 157/600 [00:27<01:16,  5.76it/s][A

 26%|██▋       | 158/600 [00:27<01:16,  5.75it/s][A

 26%|██▋       | 159/600 [00:28<01:17,  5.70it/s][A

 27%|██▋       | 160/600 [00:28<01:20,  5.49it/s][A

 27%|██▋       | 161/600 [00:28<01:19,  5.51it/s][A

 27%|██▋       | 162/600 [00:28<01:20,  5.47it/s][A

 27%|██▋       | 163/600 [00:28<01:18,  5.60it/s][A

 27%|██▋       | 164/600 [00:29<01:20,  5.41it/s][A

 28%|██▊       | 165/600 [00:29<01:18,  5.51it/s][A

 28%|██▊       | 166/600 [00:29<01:20,  5.40it/s][A

 28%|██▊       | 167/600 [00:29<01:20,  5.40it/s][A

 28%|██▊       | 168/600 [00:29<01:18,  5.47it/s][A

 28%|██▊       | 169/600 [00:30<01:18,  5.46it/s][A

 28%|██▊       | 170/600 [00:30<01:19,  5.41it/s][A

 28%|██▊       | 171/600 [00:30<01:19,  5.39it/s][A

 29%|██▊       | 172/600 [00:30<01:18,  5.42it/s][A

 29%|██▉       | 173/600 [00:30<01:17,  5.54it/s][A

 29%|██▉       | 174/600 [00:30<01:15,  5.62it/s][A

 29%|██▉       | 175/600 [00:31<01:14,  5.72it/s][A

 29%|██▉       | 176/600 [00:31<01:14,  5.73it/s][A

 30%|██▉       | 177/600 [00:31<01:11,  5.88it/s][A

 30%|██▉       | 178/600 [00:31<01:12,  5.83it/s][A

 30%|██▉       | 179/600 [00:31<01:11,  5.86it/s][A

 30%|███       | 180/600 [00:31<01:14,  5.67it/s][A

 30%|███       | 181/600 [00:32<01:17,  5.38it/s][A

 30%|███       | 182/600 [00:32<01:17,  5.40it/s][A

 30%|███       | 183/600 [00:32<01:16,  5.43it/s][A

 31%|███       | 184/600 [00:32<01:16,  5.45it/s][A

 31%|███       | 185/600 [00:32<01:15,  5.49it/s][A

 31%|███       | 186/600 [00:33<01:15,  5.48it/s][A

 31%|███       | 187/600 [00:33<01:14,  5.51it/s][A

 31%|███▏      | 188/600 [00:33<01:18,  5.28it/s][A

 32%|███▏      | 189/600 [00:33<01:28,  4.66it/s][A

 32%|███▏      | 190/600 [00:33<01:26,  4.77it/s][A

 32%|███▏      | 191/600 [00:34<01:24,  4.83it/s][A

 32%|███▏      | 192/600 [00:34<01:21,  5.04it/s][A

 32%|███▏      | 193/600 [00:34<01:17,  5.24it/s][A

 32%|███▏      | 194/600 [00:34<01:14,  5.47it/s][A

 32%|███▎      | 195/600 [00:34<01:12,  5.58it/s][A

 33%|███▎      | 196/600 [00:34<01:10,  5.74it/s][A

 33%|███▎      | 197/600 [00:35<01:08,  5.90it/s][A

 33%|███▎      | 198/600 [00:35<01:06,  6.03it/s][A

 33%|███▎      | 199/600 [00:35<01:05,  6.09it/s][A

 33%|███▎      | 200/600 [00:35<01:04,  6.24it/s][A

 34%|███▎      | 201/600 [00:35<01:05,  6.07it/s][A

 34%|███▎      | 202/600 [00:35<01:05,  6.05it/s][A

 34%|███▍      | 203/600 [00:36<01:04,  6.11it/s][A

 34%|███▍      | 204/600 [00:36<01:04,  6.14it/s][A

 34%|███▍      | 205/600 [00:36<01:03,  6.18it/s][A

 34%|███▍      | 206/600 [00:36<01:04,  6.09it/s][A

 34%|███▍      | 207/600 [00:36<01:06,  5.89it/s][A

 35%|███▍      | 208/600 [00:36<01:05,  5.97it/s][A

 35%|███▍      | 209/600 [00:37<01:05,  5.99it/s][A

 35%|███▌      | 210/600 [00:37<01:06,  5.84it/s][A

 35%|███▌      | 211/600 [00:37<01:08,  5.68it/s][A

 35%|███▌      | 212/600 [00:37<01:12,  5.39it/s][A

 36%|███▌      | 213/600 [00:37<01:11,  5.44it/s][A

 36%|███▌      | 214/600 [00:38<01:14,  5.19it/s][A

 36%|███▌      | 215/600 [00:38<01:14,  5.18it/s][A

 36%|███▌      | 216/600 [00:38<01:10,  5.42it/s][A

 36%|███▌      | 217/600 [00:38<01:10,  5.43it/s][A

 36%|███▋      | 218/600 [00:38<01:08,  5.60it/s][A

 36%|███▋      | 219/600 [00:38<01:07,  5.67it/s][A

 37%|███▋      | 220/600 [00:39<01:08,  5.52it/s][A

 37%|███▋      | 221/600 [00:39<01:09,  5.46it/s][A

 37%|███▋      | 222/600 [00:39<01:08,  5.53it/s][A

 37%|███▋      | 223/600 [00:39<01:07,  5.61it/s][A

 37%|███▋      | 224/600 [00:39<01:08,  5.51it/s][A

 38%|███▊      | 225/600 [00:40<01:06,  5.60it/s][A

 38%|███▊      | 226/600 [00:40<01:05,  5.68it/s][A

 38%|███▊      | 227/600 [00:40<01:05,  5.67it/s][A

 38%|███▊      | 228/600 [00:40<01:09,  5.39it/s][A

 38%|███▊      | 229/600 [00:40<01:09,  5.33it/s][A

 38%|███▊      | 230/600 [00:40<01:10,  5.27it/s][A

 38%|███▊      | 231/600 [00:41<01:11,  5.14it/s][A

 39%|███▊      | 232/600 [00:41<01:12,  5.07it/s][A

 39%|███▉      | 233/600 [00:41<01:09,  5.30it/s][A

 39%|███▉      | 234/600 [00:41<01:11,  5.15it/s][A

 39%|███▉      | 235/600 [00:41<01:11,  5.14it/s][A

 39%|███▉      | 236/600 [00:42<01:06,  5.46it/s][A

 40%|███▉      | 237/600 [00:42<01:06,  5.46it/s][A

 40%|███▉      | 238/600 [00:42<01:03,  5.74it/s][A

 40%|███▉      | 239/600 [00:42<01:02,  5.80it/s][A

 40%|████      | 240/600 [00:42<01:00,  5.99it/s][A

 40%|████      | 241/600 [00:42<00:59,  6.00it/s][A

 40%|████      | 242/600 [00:43<01:01,  5.86it/s][A

 40%|████      | 243/600 [00:43<01:01,  5.79it/s][A

 41%|████      | 244/600 [00:43<01:00,  5.88it/s][A

 41%|████      | 245/600 [00:43<01:00,  5.87it/s][A

 41%|████      | 246/600 [00:43<01:00,  5.84it/s][A

 41%|████      | 247/600 [00:43<01:01,  5.75it/s][A

 41%|████▏     | 248/600 [00:44<01:00,  5.82it/s][A

 42%|████▏     | 249/600 [00:44<01:01,  5.72it/s][A

 42%|████▏     | 250/600 [00:44<01:00,  5.78it/s][A

 42%|████▏     | 251/600 [00:44<01:00,  5.81it/s][A

 42%|████▏     | 252/600 [00:44<00:58,  5.91it/s][A

 42%|████▏     | 253/600 [00:45<00:57,  5.99it/s][A

 42%|████▏     | 254/600 [00:45<00:57,  6.04it/s][A

 42%|████▎     | 255/600 [00:45<00:58,  5.88it/s][A

 43%|████▎     | 256/600 [00:45<01:01,  5.60it/s][A

 43%|████▎     | 257/600 [00:45<01:00,  5.64it/s][A

 43%|████▎     | 258/600 [00:45<01:00,  5.67it/s][A

 43%|████▎     | 259/600 [00:46<00:58,  5.81it/s][A

 43%|████▎     | 260/600 [00:46<00:57,  5.93it/s][A

 44%|████▎     | 261/600 [00:46<00:57,  5.92it/s][A

 44%|████▎     | 262/600 [00:46<00:57,  5.88it/s][A

 44%|████▍     | 263/600 [00:46<00:57,  5.89it/s][A

 44%|████▍     | 264/600 [00:46<00:56,  5.99it/s][A

 44%|████▍     | 265/600 [00:47<00:56,  5.98it/s][A

 44%|████▍     | 266/600 [00:47<00:57,  5.84it/s][A

 44%|████▍     | 267/600 [00:47<00:56,  5.86it/s][A

 45%|████▍     | 268/600 [00:47<01:01,  5.42it/s][A

 45%|████▍     | 269/600 [00:47<01:03,  5.23it/s][A

 45%|████▌     | 270/600 [00:48<01:01,  5.40it/s][A

 45%|████▌     | 271/600 [00:48<00:59,  5.50it/s][A

 45%|████▌     | 272/600 [00:48<01:01,  5.32it/s][A

 46%|████▌     | 273/600 [00:48<01:02,  5.24it/s][A

 46%|████▌     | 274/600 [00:48<01:00,  5.36it/s][A

 46%|████▌     | 275/600 [00:48<01:00,  5.34it/s][A

 46%|████▌     | 276/600 [00:49<01:00,  5.33it/s][A

 46%|████▌     | 277/600 [00:49<00:58,  5.49it/s][A

 46%|████▋     | 278/600 [00:49<00:56,  5.67it/s][A

 46%|████▋     | 279/600 [00:49<00:59,  5.40it/s][A

 47%|████▋     | 280/600 [00:49<00:58,  5.45it/s][A

 47%|████▋     | 281/600 [00:50<01:00,  5.30it/s][A

 47%|████▋     | 282/600 [00:50<01:01,  5.20it/s][A

 47%|████▋     | 283/600 [00:50<01:00,  5.20it/s][A

 47%|████▋     | 284/600 [00:50<01:04,  4.92it/s][A

 48%|████▊     | 285/600 [00:50<01:03,  4.94it/s][A

 48%|████▊     | 286/600 [00:51<01:01,  5.08it/s][A

 48%|████▊     | 287/600 [00:51<01:00,  5.14it/s][A

 48%|████▊     | 288/600 [00:51<01:00,  5.15it/s][A

 48%|████▊     | 289/600 [00:51<00:59,  5.23it/s][A

 48%|████▊     | 290/600 [00:51<00:59,  5.18it/s][A

 48%|████▊     | 291/600 [00:51<00:58,  5.30it/s][A

 49%|████▊     | 292/600 [00:52<00:56,  5.43it/s][A

 49%|████▉     | 293/600 [00:52<00:54,  5.61it/s][A

 49%|████▉     | 294/600 [00:52<00:54,  5.66it/s][A

 49%|████▉     | 295/600 [00:52<00:58,  5.20it/s][A

 49%|████▉     | 296/600 [00:52<00:57,  5.29it/s][A

 50%|████▉     | 297/600 [00:53<00:55,  5.47it/s][A

 50%|████▉     | 298/600 [00:53<00:54,  5.51it/s][A

 50%|████▉     | 299/600 [00:53<00:52,  5.78it/s][A

 50%|█████     | 300/600 [00:53<00:51,  5.82it/s][A

 50%|█████     | 301/600 [00:53<00:49,  6.00it/s][A

 50%|█████     | 302/600 [00:53<00:49,  5.99it/s][A

 50%|█████     | 303/600 [00:54<00:48,  6.10it/s][A

 51%|█████     | 304/600 [00:54<00:48,  6.14it/s][A

 51%|█████     | 305/600 [00:54<00:49,  5.98it/s][A

 51%|█████     | 306/600 [00:54<00:50,  5.88it/s][A

 51%|█████     | 307/600 [00:54<00:48,  6.02it/s][A

 51%|█████▏    | 308/600 [00:54<00:47,  6.10it/s][A

 52%|█████▏    | 309/600 [00:55<00:49,  5.93it/s][A

 52%|█████▏    | 310/600 [00:55<00:50,  5.74it/s][A

 52%|█████▏    | 311/600 [00:55<00:49,  5.87it/s][A

 52%|█████▏    | 312/600 [00:55<00:50,  5.74it/s][A

 52%|█████▏    | 313/600 [00:55<00:50,  5.68it/s][A

 52%|█████▏    | 314/600 [00:55<00:52,  5.50it/s][A

 52%|█████▎    | 315/600 [00:56<00:51,  5.56it/s][A

 53%|█████▎    | 316/600 [00:56<00:49,  5.78it/s][A

 53%|█████▎    | 317/600 [00:56<00:48,  5.78it/s][A

 53%|█████▎    | 318/600 [00:56<00:50,  5.62it/s][A

 53%|█████▎    | 319/600 [00:56<00:48,  5.80it/s][A

 53%|█████▎    | 320/600 [00:57<00:47,  5.86it/s][A

 54%|█████▎    | 321/600 [00:57<00:46,  6.00it/s][A

 54%|█████▎    | 322/600 [00:57<00:45,  6.14it/s][A

 54%|█████▍    | 323/600 [00:57<00:44,  6.16it/s][A

 54%|█████▍    | 324/600 [00:57<00:45,  6.05it/s][A

 54%|█████▍    | 325/600 [00:57<00:46,  5.97it/s][A

 54%|█████▍    | 326/600 [00:57<00:45,  6.00it/s][A

 55%|█████▍    | 327/600 [00:58<00:46,  5.90it/s][A

 55%|█████▍    | 328/600 [00:58<00:49,  5.49it/s][A

 55%|█████▍    | 329/600 [00:58<00:51,  5.24it/s][A

 55%|█████▌    | 330/600 [00:58<00:53,  5.08it/s][A

 55%|█████▌    | 331/600 [00:58<00:50,  5.30it/s][A

 55%|█████▌    | 332/600 [00:59<00:47,  5.60it/s][A

 56%|█████▌    | 333/600 [00:59<00:47,  5.56it/s][A

 56%|█████▌    | 334/600 [00:59<00:49,  5.35it/s][A

 56%|█████▌    | 335/600 [00:59<00:48,  5.50it/s][A

 56%|█████▌    | 336/600 [00:59<00:49,  5.31it/s][A

 56%|█████▌    | 337/600 [01:00<00:50,  5.22it/s][A

 56%|█████▋    | 338/600 [01:00<00:50,  5.15it/s][A

 56%|█████▋    | 339/600 [01:00<00:49,  5.30it/s][A

 57%|█████▋    | 340/600 [01:00<00:48,  5.36it/s][A

 57%|█████▋    | 341/600 [01:00<00:48,  5.30it/s][A

 57%|█████▋    | 342/600 [01:01<00:47,  5.38it/s][A

 57%|█████▋    | 343/600 [01:01<00:48,  5.30it/s][A

 57%|█████▋    | 344/600 [01:01<00:46,  5.55it/s][A

 57%|█████▊    | 345/600 [01:01<00:45,  5.55it/s][A

 58%|█████▊    | 346/600 [01:01<00:46,  5.45it/s][A

 58%|█████▊    | 347/600 [01:01<00:46,  5.48it/s][A

 58%|█████▊    | 348/600 [01:02<00:45,  5.53it/s][A

 58%|█████▊    | 349/600 [01:02<00:45,  5.53it/s][A

 58%|█████▊    | 350/600 [01:02<00:46,  5.41it/s][A

 58%|█████▊    | 351/600 [01:02<00:45,  5.43it/s][A

 59%|█████▊    | 352/600 [01:02<00:46,  5.37it/s][A

 59%|█████▉    | 353/600 [01:03<00:47,  5.15it/s][A

 59%|█████▉    | 354/600 [01:03<00:46,  5.26it/s][A

 59%|█████▉    | 355/600 [01:03<00:47,  5.11it/s][A

 59%|█████▉    | 356/600 [01:03<00:47,  5.10it/s][A

 60%|█████▉    | 357/600 [01:03<00:45,  5.35it/s][A

 60%|█████▉    | 358/600 [01:03<00:43,  5.57it/s][A

 60%|█████▉    | 359/600 [01:04<00:43,  5.59it/s][A

 60%|██████    | 360/600 [01:04<00:42,  5.64it/s][A

 60%|██████    | 361/600 [01:04<00:41,  5.73it/s][A

 60%|██████    | 362/600 [01:04<00:40,  5.85it/s][A

 60%|██████    | 363/600 [01:04<00:40,  5.80it/s][A

 61%|██████    | 364/600 [01:04<00:40,  5.87it/s][A

 61%|██████    | 365/600 [01:05<00:39,  5.98it/s][A

 61%|██████    | 366/600 [01:05<00:38,  6.08it/s][A

 61%|██████    | 367/600 [01:05<00:38,  6.05it/s][A

 61%|██████▏   | 368/600 [01:05<00:38,  6.09it/s][A

 62%|██████▏   | 369/600 [01:05<00:38,  5.98it/s][A

 62%|██████▏   | 370/600 [01:05<00:38,  5.98it/s][A

 62%|██████▏   | 371/600 [01:06<00:38,  5.90it/s][A

 62%|██████▏   | 372/600 [01:06<00:38,  5.93it/s][A

 62%|██████▏   | 373/600 [01:06<00:37,  6.02it/s][A

 62%|██████▏   | 374/600 [01:06<00:37,  6.03it/s][A

 62%|██████▎   | 375/600 [01:06<00:37,  5.93it/s][A

 63%|██████▎   | 376/600 [01:06<00:38,  5.88it/s][A

 63%|██████▎   | 377/600 [01:07<00:37,  5.96it/s][A

 63%|██████▎   | 378/600 [01:07<00:37,  5.96it/s][A

 63%|██████▎   | 379/600 [01:07<00:37,  5.94it/s][A

 63%|██████▎   | 380/600 [01:07<00:37,  5.91it/s][A

 64%|██████▎   | 381/600 [01:07<00:36,  5.98it/s][A

 64%|██████▎   | 382/600 [01:07<00:35,  6.11it/s][A

 64%|██████▍   | 383/600 [01:08<00:35,  6.17it/s][A

 64%|██████▍   | 384/600 [01:08<00:34,  6.26it/s][A

 64%|██████▍   | 385/600 [01:08<00:34,  6.19it/s][A

 64%|██████▍   | 386/600 [01:08<00:34,  6.22it/s][A

 64%|██████▍   | 387/600 [01:08<00:34,  6.17it/s][A

 65%|██████▍   | 388/600 [01:08<00:34,  6.07it/s][A

 65%|██████▍   | 389/600 [01:09<00:35,  5.92it/s][A

 65%|██████▌   | 390/600 [01:09<00:35,  5.91it/s][A

 65%|██████▌   | 391/600 [01:09<00:41,  4.98it/s][A

 65%|██████▌   | 392/600 [01:09<00:40,  5.15it/s][A

 66%|██████▌   | 393/600 [01:09<00:37,  5.51it/s][A

 66%|██████▌   | 394/600 [01:10<00:36,  5.71it/s][A

 66%|██████▌   | 395/600 [01:10<00:35,  5.72it/s][A

 66%|██████▌   | 396/600 [01:10<00:35,  5.72it/s][A

 66%|██████▌   | 397/600 [01:10<00:37,  5.44it/s][A

 66%|██████▋   | 398/600 [01:10<00:35,  5.65it/s][A

 66%|██████▋   | 399/600 [01:10<00:35,  5.72it/s][A

 67%|██████▋   | 400/600 [01:11<00:35,  5.61it/s][A

 67%|██████▋   | 401/600 [01:11<00:34,  5.84it/s][A

 67%|██████▋   | 402/600 [01:11<00:32,  6.00it/s][A

 67%|██████▋   | 403/600 [01:11<00:33,  5.96it/s][A

 67%|██████▋   | 404/600 [01:11<00:34,  5.66it/s][A

 68%|██████▊   | 405/600 [01:11<00:33,  5.79it/s][A

 68%|██████▊   | 406/600 [01:12<00:34,  5.67it/s][A

 68%|██████▊   | 407/600 [01:12<00:33,  5.74it/s][A

 68%|██████▊   | 408/600 [01:12<00:32,  5.85it/s][A

 68%|██████▊   | 409/600 [01:12<00:32,  5.86it/s][A

 68%|██████▊   | 410/600 [01:12<00:32,  5.79it/s][A

 68%|██████▊   | 411/600 [01:13<00:33,  5.63it/s][A

 69%|██████▊   | 412/600 [01:13<00:34,  5.52it/s][A

 69%|██████▉   | 413/600 [01:13<00:36,  5.18it/s][A

 69%|██████▉   | 414/600 [01:13<00:36,  5.04it/s][A

 69%|██████▉   | 415/600 [01:13<00:37,  4.87it/s][A

 69%|██████▉   | 416/600 [01:14<00:37,  4.96it/s][A

 70%|██████▉   | 417/600 [01:14<00:35,  5.18it/s][A

 70%|██████▉   | 418/600 [01:14<00:35,  5.20it/s][A

 70%|██████▉   | 419/600 [01:14<00:38,  4.67it/s][A

 70%|███████   | 420/600 [01:14<00:37,  4.86it/s][A

 70%|███████   | 421/600 [01:15<00:36,  4.97it/s][A

 70%|███████   | 422/600 [01:15<00:34,  5.20it/s][A

 70%|███████   | 423/600 [01:15<00:32,  5.45it/s][A

 71%|███████   | 424/600 [01:15<00:33,  5.24it/s][A

 71%|███████   | 425/600 [01:15<00:33,  5.19it/s][A

 71%|███████   | 426/600 [01:16<00:33,  5.23it/s][A

 71%|███████   | 427/600 [01:16<00:32,  5.25it/s][A

 71%|███████▏  | 428/600 [01:16<00:33,  5.21it/s][A

 72%|███████▏  | 429/600 [01:16<00:32,  5.27it/s][A

 72%|███████▏  | 430/600 [01:16<00:32,  5.29it/s][A

 72%|███████▏  | 431/600 [01:16<00:32,  5.16it/s][A

 72%|███████▏  | 432/600 [01:17<00:31,  5.39it/s][A

 72%|███████▏  | 433/600 [01:17<00:30,  5.52it/s][A

 72%|███████▏  | 434/600 [01:17<00:29,  5.67it/s][A

 72%|███████▎  | 435/600 [01:17<00:28,  5.72it/s][A

 73%|███████▎  | 436/600 [01:17<00:29,  5.62it/s][A

 73%|███████▎  | 437/600 [01:18<00:29,  5.59it/s][A

 73%|███████▎  | 438/600 [01:18<00:27,  5.83it/s][A

 73%|███████▎  | 439/600 [01:18<00:27,  5.77it/s][A

 73%|███████▎  | 440/600 [01:18<00:27,  5.79it/s][A

 74%|███████▎  | 441/600 [01:18<00:28,  5.66it/s][A

 74%|███████▎  | 442/600 [01:18<00:28,  5.55it/s][A

 74%|███████▍  | 443/600 [01:19<00:28,  5.55it/s][A

 74%|███████▍  | 444/600 [01:19<00:27,  5.62it/s][A

 74%|███████▍  | 445/600 [01:19<00:27,  5.68it/s][A

 74%|███████▍  | 446/600 [01:19<00:26,  5.78it/s][A

 74%|███████▍  | 447/600 [01:19<00:26,  5.83it/s][A

 75%|███████▍  | 448/600 [01:19<00:26,  5.75it/s][A

 75%|███████▍  | 449/600 [01:20<00:27,  5.58it/s][A

 75%|███████▌  | 450/600 [01:20<00:26,  5.57it/s][A

 75%|███████▌  | 451/600 [01:20<00:27,  5.48it/s][A

 75%|███████▌  | 452/600 [01:20<00:26,  5.50it/s][A

 76%|███████▌  | 453/600 [01:20<00:26,  5.47it/s][A

 76%|███████▌  | 454/600 [01:21<00:27,  5.26it/s][A

 76%|███████▌  | 455/600 [01:21<00:26,  5.43it/s][A

 76%|███████▌  | 456/600 [01:21<00:26,  5.41it/s][A

 76%|███████▌  | 457/600 [01:21<00:25,  5.60it/s][A

 76%|███████▋  | 458/600 [01:21<00:26,  5.38it/s][A

 76%|███████▋  | 459/600 [01:21<00:26,  5.39it/s][A

 77%|███████▋  | 460/600 [01:22<00:25,  5.56it/s][A

 77%|███████▋  | 461/600 [01:22<00:25,  5.35it/s][A

 77%|███████▋  | 462/600 [01:22<00:25,  5.42it/s][A

 77%|███████▋  | 463/600 [01:22<00:23,  5.75it/s][A

 77%|███████▋  | 464/600 [01:22<00:24,  5.56it/s][A

 78%|███████▊  | 465/600 [01:23<00:23,  5.73it/s][A

 78%|███████▊  | 466/600 [01:23<00:23,  5.74it/s][A

 78%|███████▊  | 467/600 [01:23<00:22,  5.79it/s][A

 78%|███████▊  | 468/600 [01:23<00:22,  5.97it/s][A

 78%|███████▊  | 469/600 [01:23<00:22,  5.83it/s][A

 78%|███████▊  | 470/600 [01:23<00:22,  5.76it/s][A

 78%|███████▊  | 471/600 [01:24<00:22,  5.65it/s][A

 79%|███████▊  | 472/600 [01:24<00:21,  5.84it/s][A

 79%|███████▉  | 473/600 [01:24<00:22,  5.53it/s][A

 79%|███████▉  | 474/600 [01:24<00:22,  5.56it/s][A

 79%|███████▉  | 475/600 [01:24<00:22,  5.53it/s][A

 79%|███████▉  | 476/600 [01:24<00:22,  5.45it/s][A

 80%|███████▉  | 477/600 [01:25<00:22,  5.52it/s][A

 80%|███████▉  | 478/600 [01:25<00:22,  5.53it/s][A

 80%|███████▉  | 479/600 [01:25<00:21,  5.60it/s][A

 80%|████████  | 480/600 [01:25<00:21,  5.60it/s][A

 80%|████████  | 481/600 [01:25<00:20,  5.72it/s][A

 80%|████████  | 482/600 [01:26<00:20,  5.81it/s][A

 80%|████████  | 483/600 [01:26<00:19,  6.05it/s][A

 81%|████████  | 484/600 [01:26<00:19,  6.06it/s][A

 81%|████████  | 485/600 [01:26<00:18,  6.10it/s][A

 81%|████████  | 486/600 [01:26<00:19,  5.95it/s][A

 81%|████████  | 487/600 [01:26<00:18,  5.96it/s][A

 81%|████████▏ | 488/600 [01:27<00:18,  5.98it/s][A

 82%|████████▏ | 489/600 [01:27<00:18,  6.16it/s][A

 82%|████████▏ | 490/600 [01:27<00:17,  6.17it/s][A

 82%|████████▏ | 491/600 [01:27<00:17,  6.25it/s][A

 82%|████████▏ | 492/600 [01:27<00:17,  6.24it/s][A

 82%|████████▏ | 493/600 [01:27<00:17,  6.25it/s][A

 82%|████████▏ | 494/600 [01:27<00:16,  6.24it/s][A

 82%|████████▎ | 495/600 [01:28<00:16,  6.19it/s][A

 83%|████████▎ | 496/600 [01:28<00:16,  6.16it/s][A

 83%|████████▎ | 497/600 [01:28<00:16,  6.08it/s][A

 83%|████████▎ | 498/600 [01:28<00:16,  6.01it/s][A

 83%|████████▎ | 499/600 [01:28<00:16,  6.06it/s][A

 83%|████████▎ | 500/600 [01:28<00:16,  6.07it/s][A

 84%|████████▎ | 501/600 [01:29<00:16,  6.12it/s][A

 84%|████████▎ | 502/600 [01:29<00:16,  6.12it/s][A

 84%|████████▍ | 503/600 [01:29<00:15,  6.18it/s][A

 84%|████████▍ | 504/600 [01:29<00:15,  6.01it/s][A

 84%|████████▍ | 505/600 [01:29<00:16,  5.91it/s][A

 84%|████████▍ | 506/600 [01:29<00:15,  5.92it/s][A

 84%|████████▍ | 507/600 [01:30<00:15,  5.90it/s][A

 85%|████████▍ | 508/600 [01:30<00:15,  5.97it/s][A

 85%|████████▍ | 509/600 [01:30<00:14,  6.12it/s][A

 85%|████████▌ | 510/600 [01:30<00:15,  5.99it/s][A

 85%|████████▌ | 511/600 [01:30<00:14,  6.01it/s][A

 85%|████████▌ | 512/600 [01:30<00:14,  6.06it/s][A

 86%|████████▌ | 513/600 [01:31<00:14,  6.15it/s][A

 86%|████████▌ | 514/600 [01:31<00:13,  6.23it/s][A

 86%|████████▌ | 515/600 [01:31<00:13,  6.18it/s][A

 86%|████████▌ | 516/600 [01:31<00:13,  6.29it/s][A

 86%|████████▌ | 517/600 [01:31<00:14,  5.89it/s][A

 86%|████████▋ | 518/600 [01:31<00:13,  5.96it/s][A

 86%|████████▋ | 519/600 [01:32<00:13,  6.09it/s][A

 87%|████████▋ | 520/600 [01:32<00:12,  6.21it/s][A

 87%|████████▋ | 521/600 [01:32<00:12,  6.20it/s][A

 87%|████████▋ | 522/600 [01:32<00:12,  6.04it/s][A

 87%|████████▋ | 523/600 [01:32<00:12,  6.15it/s][A

 87%|████████▋ | 524/600 [01:32<00:12,  6.14it/s][A

 88%|████████▊ | 525/600 [01:33<00:12,  6.12it/s][A

 88%|████████▊ | 526/600 [01:33<00:11,  6.20it/s][A

 88%|████████▊ | 527/600 [01:33<00:11,  6.15it/s][A

 88%|████████▊ | 528/600 [01:33<00:11,  6.02it/s][A

 88%|████████▊ | 529/600 [01:33<00:11,  6.18it/s][A

 88%|████████▊ | 530/600 [01:33<00:11,  6.13it/s][A

 88%|████████▊ | 531/600 [01:34<00:11,  6.11it/s][A

 89%|████████▊ | 532/600 [01:34<00:11,  5.95it/s][A

 89%|████████▉ | 533/600 [01:34<00:11,  5.84it/s][A

 89%|████████▉ | 534/600 [01:34<00:11,  5.93it/s][A

 89%|████████▉ | 535/600 [01:34<00:10,  6.10it/s][A

 89%|████████▉ | 536/600 [01:34<00:10,  6.03it/s][A

 90%|████████▉ | 537/600 [01:35<00:10,  5.99it/s][A

 90%|████████▉ | 538/600 [01:35<00:09,  6.23it/s][A

 90%|████████▉ | 539/600 [01:35<00:09,  6.23it/s][A

 90%|█████████ | 540/600 [01:35<00:10,  5.79it/s][A

 90%|█████████ | 541/600 [01:35<00:10,  5.42it/s][A

 90%|█████████ | 542/600 [01:35<00:10,  5.56it/s][A

 90%|█████████ | 543/600 [01:36<00:10,  5.60it/s][A

 91%|█████████ | 544/600 [01:36<00:09,  5.78it/s][A

 91%|█████████ | 545/600 [01:36<00:09,  5.89it/s][A

 91%|█████████ | 546/600 [01:36<00:08,  6.10it/s][A

 91%|█████████ | 547/600 [01:36<00:08,  6.19it/s][A

 91%|█████████▏| 548/600 [01:36<00:08,  6.31it/s][A

 92%|█████████▏| 549/600 [01:37<00:07,  6.43it/s][A

 92%|█████████▏| 550/600 [01:37<00:07,  6.34it/s][A

 92%|█████████▏| 551/600 [01:37<00:07,  6.33it/s][A

 92%|█████████▏| 552/600 [01:37<00:07,  6.42it/s][A

 92%|█████████▏| 553/600 [01:37<00:07,  6.11it/s][A

 92%|█████████▏| 554/600 [01:37<00:07,  6.19it/s][A

 92%|█████████▎| 555/600 [01:38<00:07,  6.14it/s][A

 93%|█████████▎| 556/600 [01:38<00:07,  6.28it/s][A

 93%|█████████▎| 557/600 [01:38<00:06,  6.18it/s][A

 93%|█████████▎| 558/600 [01:38<00:06,  6.27it/s][A

 93%|█████████▎| 559/600 [01:38<00:06,  6.32it/s][A

 93%|█████████▎| 560/600 [01:38<00:06,  6.40it/s][A

 94%|█████████▎| 561/600 [01:38<00:06,  6.35it/s][A

 94%|█████████▎| 562/600 [01:39<00:05,  6.36it/s][A

 94%|█████████▍| 563/600 [01:39<00:05,  6.30it/s][A

 94%|█████████▍| 564/600 [01:39<00:05,  6.29it/s][A

 94%|█████████▍| 565/600 [01:39<00:05,  6.30it/s][A

 94%|█████████▍| 566/600 [01:39<00:05,  6.45it/s][A

 94%|█████████▍| 567/600 [01:39<00:05,  6.42it/s][A

 95%|█████████▍| 568/600 [01:40<00:05,  6.40it/s][A

 95%|█████████▍| 569/600 [01:40<00:04,  6.34it/s][A

 95%|█████████▌| 570/600 [01:40<00:04,  6.38it/s][A

 95%|█████████▌| 571/600 [01:40<00:04,  6.44it/s][A

 95%|█████████▌| 572/600 [01:40<00:04,  6.48it/s][A

 96%|█████████▌| 573/600 [01:40<00:04,  6.26it/s][A

 96%|█████████▌| 574/600 [01:41<00:04,  6.23it/s][A

 96%|█████████▌| 575/600 [01:41<00:04,  6.04it/s][A

 96%|█████████▌| 576/600 [01:41<00:04,  5.76it/s][A

 96%|█████████▌| 577/600 [01:41<00:03,  5.86it/s][A

 96%|█████████▋| 578/600 [01:41<00:03,  5.79it/s][A

 96%|█████████▋| 579/600 [01:41<00:03,  5.61it/s][A

 97%|█████████▋| 580/600 [01:42<00:03,  5.46it/s][A

 97%|█████████▋| 581/600 [01:42<00:03,  5.33it/s][A

 97%|█████████▋| 582/600 [01:42<00:03,  5.55it/s][A

 97%|█████████▋| 583/600 [01:42<00:03,  5.63it/s][A

 97%|█████████▋| 584/600 [01:42<00:02,  5.70it/s][A

 98%|█████████▊| 585/600 [01:42<00:02,  5.92it/s][A

 98%|█████████▊| 586/600 [01:43<00:02,  6.01it/s][A

 98%|█████████▊| 587/600 [01:43<00:02,  5.86it/s][A

 98%|█████████▊| 588/600 [01:43<00:02,  5.84it/s][A

 98%|█████████▊| 589/600 [01:43<00:01,  5.96it/s][A

 98%|█████████▊| 590/600 [01:43<00:01,  5.68it/s][A

 98%|█████████▊| 591/600 [01:44<00:01,  5.52it/s][A

 99%|█████████▊| 592/600 [01:44<00:01,  5.71it/s][A

 99%|█████████▉| 593/600 [01:44<00:01,  5.70it/s][A

 99%|█████████▉| 594/600 [01:44<00:01,  5.63it/s][A

 99%|█████████▉| 595/600 [01:44<00:00,  5.51it/s][A

 99%|█████████▉| 596/600 [01:44<00:00,  5.60it/s][A

100%|█████████▉| 597/600 [01:45<00:00,  5.40it/s][A

100%|█████████▉| 598/600 [01:45<00:00,  5.57it/s][A

100%|█████████▉| 599/600 [01:45<00:00,  5.54it/s][A

100%|██████████| 600/600 [01:45<00:00,  5.42it/s][A
                                                    


                                                 
[A
  7%|▋         | 300/4384 [37:00<7:19:27,  6.46s/it]

100%|██████████| 600/600 [01:45<00:00,  5.42it/s][A

                                                 [A
  7%|▋         | 301/4384 [37:07<43:31:01, 38.37s/it]
  7%|▋         | 302/4384 [37:13<32:28:04, 28.63s/it]
  7%|▋         | 303/4384 [37:19<24:38:20, 21.74s/it]
  7%|▋         | 304/4384 [37:24<19:08:44, 16.89s/it]
  7%|▋         | 305/4384 [37:31<15:35:41, 13.76s/it]
  7%|▋         | 306/4384 [37:37<13:00:27, 11.48s/it]
  7%|▋         | 307/4384 [37:43<11:04:46,  9.78s/it]
  7%|▋         | 308/4384 [37:49<9:49:21,  8.68s/it] 
  7%|▋         | 309/4384 [37:55<8:58:14,  7.93s/it]
  7%|▋         | 310/4384 [38:01<8:14:25,  7.28s/it]
  7%|▋         | 311/4384 [38:07<7:49:24,  6.91s/it]
  7%|▋         | 312/4384 [38:13<7:39:15,  6.77s/it]
  7%|▋         | 313/4384 [38:19<7:18:55,  6.47s/it]
  7%|▋         | 314/4384 [38:25<7:05:05,  6.27s/it]
  7%|▋         | 315/4384 [38:31<6:59:33,  6.19s/it]
  7%|▋         | 316/4384 [38:37<6:48:28,  6.02s/it]
  7%|▋         | 317/4384 [38:42<6:35:12,  5.83s/it]
  7%|▋         | 318/4384 [38:48<6:36:15,  5.85s/it]
  7%|▋         | 319/4384 [38:54<6:50:41,  6.06s/it]
  7%|▋         | 320/4384 [39:00<6:40:42,  5.92s/it]
                                                    

  7%|▋         | 320/4384 [39:00<6:40:42,  5.92s/it]
  7%|▋         | 321/4384 [39:05<6:33:10,  5.81s/it]
  7%|▋         | 322/4384 [39:11<6:28:45,  5.74s/it]
  7%|▋         | 323/4384 [39:17<6:29:16,  5.75s/it]
  7%|▋         | 324/4384 [39:22<6:25:33,  5.70s/it]
  7%|▋         | 325/4384 [39:28<6:27:23,  5.73s/it]
  7%|▋         | 326/4384 [39:34<6:28:08,  5.74s/it]
  7%|▋         | 327/4384 [39:39<6:23:40,  5.67s/it]
  7%|▋         | 328/4384 [39:45<6:23:46,  5.68s/it]
  8%|▊         | 329/4384 [39:51<6:26:24,  5.72s/it]
  8%|▊         | 330/4384 [39:56<6:19:57,  5.62s/it]
  8%|▊         | 331/4384 [40:02<6:21:49,  5.65s/it]
  8%|▊         | 332/4384 [40:08<6:27:44,  5.74s/it]
  8%|▊         | 333/4384 [40:14<6:25:56,  5.72s/it]
  8%|▊         | 334/4384 [40:19<6:16:38,  5.58s/it]
  8%|▊         | 335/4384 [40:24<6:13:52,  5.54s/it]
  8%|▊         | 336/4384 [40:30<6:08:28,  5.46s/it]
  8%|▊         | 337/4384 [40:35<6:06:38,  5.44s/it]
  8%|▊         | 338/4384 [40:41<6:17:07,  5.59s/it]
  8%|▊         | 339/4384 [40:47<6:24:44,  5.71s/it]
  8%|▊         | 340/4384 [40:53<6:21:25,  5.66s/it]
                                                    

  8%|▊         | 340/4384 [40:53<6:21:25,  5.66s/it]
  8%|▊         | 341/4384 [40:58<6:21:18,  5.66s/it]
  8%|▊         | 342/4384 [41:04<6:15:00,  5.57s/it]
  8%|▊         | 343/4384 [41:09<6:15:24,  5.57s/it]
  8%|▊         | 344/4384 [41:15<6:18:41,  5.62s/it]
  8%|▊         | 345/4384 [41:21<6:25:56,  5.73s/it]
  8%|▊         | 346/4384 [41:27<6:26:30,  5.74s/it]
  8%|▊         | 347/4384 [41:32<6:21:45,  5.67s/it]
  8%|▊         | 348/4384 [41:38<6:30:12,  5.80s/it]
  8%|▊         | 349/4384 [41:44<6:27:27,  5.76s/it]
  8%|▊         | 350/4384 [41:49<6:21:13,  5.67s/it]
  8%|▊         | 351/4384 [41:55<6:27:08,  5.76s/it]
  8%|▊         | 352/4384 [42:01<6:31:31,  5.83s/it]
  8%|▊         | 353/4384 [42:07<6:29:08,  5.79s/it]
  8%|▊         | 354/4384 [42:13<6:23:10,  5.70s/it]
  8%|▊         | 355/4384 [42:18<6:25:40,  5.74s/it]
  8%|▊         | 356/4384 [42:24<6:20:59,  5.68s/it]
  8%|▊         | 357/4384 [42:30<6:20:08,  5.66s/it]
  8%|▊         | 358/4384 [42:36<6:31:42,  5.84s/it]
  8%|▊         | 359/4384 [42:42<6:41:31,  5.99s/it]
  8%|▊         | 360/4384 [42:48<6:32:35,  5.85s/it]
                                                    

  8%|▊         | 360/4384 [42:48<6:32:35,  5.85s/it]
  8%|▊         | 361/4384 [42:53<6:22:49,  5.71s/it]
  8%|▊         | 362/4384 [42:59<6:21:38,  5.69s/it]
  8%|▊         | 363/4384 [43:04<6:09:39,  5.52s/it]
  8%|▊         | 364/4384 [43:09<6:01:32,  5.40s/it]
  8%|▊         | 365/4384 [43:15<6:13:29,  5.58s/it]
  8%|▊         | 366/4384 [43:21<6:20:36,  5.68s/it]
  8%|▊         | 367/4384 [43:26<6:19:22,  5.67s/it]
  8%|▊         | 368/4384 [43:32<6:25:35,  5.76s/it]
  8%|▊         | 369/4384 [43:38<6:28:34,  5.81s/it]
  8%|▊         | 370/4384 [43:44<6:19:58,  5.68s/it]
  8%|▊         | 371/4384 [43:50<6:22:22,  5.72s/it]
  8%|▊         | 372/4384 [43:56<6:32:30,  5.87s/it]
  9%|▊         | 373/4384 [44:02<6:35:40,  5.92s/it]
  9%|▊         | 374/4384 [44:07<6:25:20,  5.77s/it]
  9%|▊         | 375/4384 [44:13<6:19:50,  5.68s/it]
  9%|▊         | 376/4384 [44:18<6:15:50,  5.63s/it]
  9%|▊         | 377/4384 [44:23<6:08:58,  5.52s/it]
  9%|▊         | 378/4384 [44:30<6:20:27,  5.70s/it]
  9%|▊         | 379/4384 [44:36<6:29:44,  5.84s/it]
  9%|▊         | 380/4384 [44:42<6:31:34,  5.87s/it]
                                                    

  9%|▊         | 380/4384 [44:42<6:31:34,  5.87s/it]
  9%|▊         | 381/4384 [44:47<6:30:02,  5.85s/it]
  9%|▊         | 382/4384 [44:53<6:23:55,  5.76s/it]
  9%|▊         | 383/4384 [44:59<6:22:00,  5.73s/it]
  9%|▉         | 384/4384 [45:04<6:14:09,  5.61s/it]
  9%|▉         | 385/4384 [45:10<6:26:51,  5.80s/it]
  9%|▉         | 386/4384 [45:16<6:29:56,  5.85s/it]
  9%|▉         | 387/4384 [45:22<6:34:49,  5.93s/it]
  9%|▉         | 388/4384 [45:28<6:34:13,  5.92s/it]
  9%|▉         | 389/4384 [45:34<6:26:26,  5.80s/it]
  9%|▉         | 390/4384 [45:39<6:22:38,  5.75s/it]
  9%|▉         | 391/4384 [45:45<6:24:24,  5.78s/it]
  9%|▉         | 392/4384 [45:51<6:32:19,  5.90s/it]
  9%|▉         | 393/4384 [45:57<6:26:02,  5.80s/it]
  9%|▉         | 394/4384 [46:03<6:24:39,  5.78s/it]
  9%|▉         | 395/4384 [46:08<6:15:23,  5.65s/it]
  9%|▉         | 396/4384 [46:13<6:10:20,  5.57s/it]
  9%|▉         | 397/4384 [46:19<6:05:26,  5.50s/it]
  9%|▉         | 398/4384 [46:25<6:19:50,  5.72s/it]
  9%|▉         | 399/4384 [46:31<6:34:16,  5.94s/it]
  9%|▉         | 400/4384 [46:37<6:29:53,  5.87s/it]
                                                    

  9%|▉         | 400/4384 [46:37<6:29:53,  5.87s/it]
  9%|▉         | 401/4384 [46:43<6:21:29,  5.75s/it]
  9%|▉         | 402/4384 [46:48<6:19:58,  5.73s/it]
  9%|▉         | 403/4384 [46:54<6:18:32,  5.71s/it]
  9%|▉         | 404/4384 [46:59<6:11:19,  5.60s/it]
  9%|▉         | 405/4384 [47:06<6:23:02,  5.78s/it]
  9%|▉         | 406/4384 [47:11<6:21:05,  5.75s/it]
  9%|▉         | 407/4384 [47:17<6:21:41,  5.76s/it]
  9%|▉         | 408/4384 [47:23<6:19:51,  5.73s/it]
  9%|▉         | 409/4384 [47:28<6:19:59,  5.74s/it]
  9%|▉         | 410/4384 [47:34<6:12:42,  5.63s/it]
  9%|▉         | 411/4384 [47:39<6:12:55,  5.63s/it]
  9%|▉         | 412/4384 [47:46<6:26:48,  5.84s/it]
  9%|▉         | 413/4384 [47:52<6:25:06,  5.82s/it]
  9%|▉         | 414/4384 [47:57<6:19:44,  5.74s/it]
  9%|▉         | 415/4384 [48:02<6:11:30,  5.62s/it]
  9%|▉         | 416/4384 [48:08<6:03:27,  5.50s/it]
 10%|▉         | 417/4384 [48:13<6:10:26,  5.60s/it]
 10%|▉         | 418/4384 [48:20<6:28:05,  5.87s/it]D:\Workspace\AI_training\LinguaForge-Qwen3.5-0.8B-zhTW-en-ja\.venv\Lib\site-packages\triton\language\core.py:2284: UserWarning: tl.make_block_ptr is deprecated. Use TensorDescriptor or tl.make_tensor_descriptor instead.
  warn("tl.make_block_ptr is deprecated. Use TensorDescriptor or tl.make_tensor_descriptor instead.")

 10%|▉         | 419/4384 [48:29<7:27:59,  6.78s/it]
 10%|▉         | 420/4384 [48:34<7:03:33,  6.41s/it]
                                                    

 10%|▉         | 420/4384 [48:34<7:03:33,  6.41s/it]
 10%|▉         | 421/4384 [48:40<6:42:50,  6.10s/it]
 10%|▉         | 422/4384 [48:45<6:33:09,  5.95s/it]
 10%|▉         | 423/4384 [48:51<6:22:35,  5.80s/it]
 10%|▉         | 424/4384 [48:57<6:21:43,  5.78s/it]
 10%|▉         | 425/4384 [49:03<6:30:20,  5.92s/it]
 10%|▉         | 426/4384 [49:09<6:33:43,  5.97s/it]
 10%|▉         | 427/4384 [49:15<6:35:51,  6.00s/it]
 10%|▉         | 428/4384 [49:21<6:36:11,  6.01s/it]
 10%|▉         | 429/4384 [49:27<6:31:38,  5.94s/it]
 10%|▉         | 430/4384 [49:33<6:30:49,  5.93s/it]
 10%|▉         | 431/4384 [49:39<6:28:18,  5.89s/it]
 10%|▉         | 432/4384 [49:44<6:27:56,  5.89s/it]
 10%|▉         | 433/4384 [49:50<6:26:55,  5.88s/it]
 10%|▉         | 434/4384 [49:56<6:17:56,  5.74s/it]
 10%|▉         | 435/4384 [50:01<6:04:10,  5.53s/it]
 10%|▉         | 436/4384 [50:06<5:58:55,  5.45s/it]
 10%|▉         | 437/4384 [50:12<6:05:28,  5.56s/it]
 10%|▉         | 438/4384 [50:18<6:22:11,  5.81s/it]
 10%|█         | 439/4384 [50:24<6:23:05,  5.83s/it]
 10%|█         | 440/4384 [50:30<6:18:03,  5.75s/it]
                                                    

 10%|█         | 440/4384 [50:30<6:18:03,  5.75s/it]
 10%|█         | 441/4384 [50:35<6:11:41,  5.66s/it]
 10%|█         | 442/4384 [50:40<6:06:43,  5.58s/it]
 10%|█         | 443/4384 [50:48<6:43:00,  6.14s/it]
 10%|█         | 444/4384 [50:54<6:40:11,  6.09s/it]
 10%|█         | 445/4384 [51:00<6:37:11,  6.05s/it]
 10%|█         | 446/4384 [51:06<6:31:36,  5.97s/it]
 10%|█         | 447/4384 [51:11<6:27:07,  5.90s/it]
 10%|█         | 448/4384 [51:17<6:27:03,  5.90s/it]
 10%|█         | 449/4384 [51:22<6:13:38,  5.70s/it]
 10%|█         | 450/4384 [51:28<6:06:52,  5.60s/it]
 10%|█         | 451/4384 [51:34<6:21:08,  5.81s/it]
 10%|█         | 452/4384 [51:40<6:25:19,  5.88s/it]
 10%|█         | 453/4384 [51:46<6:15:47,  5.74s/it]
 10%|█         | 454/4384 [51:51<6:06:40,  5.60s/it]
 10%|█         | 455/4384 [51:56<6:06:06,  5.59s/it]
 10%|█         | 456/4384 [52:02<6:06:56,  5.60s/it]
 10%|█         | 457/4384 [52:08<6:10:41,  5.66s/it]
 10%|█         | 458/4384 [52:14<6:22:20,  5.84s/it]
 10%|█         | 459/4384 [52:20<6:19:47,  5.81s/it]
 10%|█         | 460/4384 [52:25<6:12:38,  5.70s/it]
                                                    

 10%|█         | 460/4384 [52:25<6:12:38,  5.70s/it]
 11%|█         | 461/4384 [52:31<6:05:03,  5.58s/it]
 11%|█         | 462/4384 [52:36<6:06:29,  5.61s/it]
 11%|█         | 463/4384 [52:42<5:59:28,  5.50s/it]
 11%|█         | 464/4384 [52:47<5:59:45,  5.51s/it]
 11%|█         | 465/4384 [52:53<6:05:36,  5.60s/it]
 11%|█         | 466/4384 [52:59<6:15:28,  5.75s/it]
 11%|█         | 467/4384 [53:05<6:20:58,  5.84s/it]
 11%|█         | 468/4384 [53:10<6:11:53,  5.70s/it]
 11%|█         | 469/4384 [53:16<6:12:59,  5.72s/it]
 11%|█         | 470/4384 [53:21<6:04:12,  5.58s/it]
 11%|█         | 471/4384 [53:27<6:06:17,  5.62s/it]
 11%|█         | 472/4384 [53:33<6:11:02,  5.69s/it]
 11%|█         | 473/4384 [53:39<6:13:40,  5.73s/it]
 11%|█         | 474/4384 [53:44<6:08:01,  5.65s/it]
 11%|█         | 475/4384 [53:50<6:01:44,  5.55s/it]
 11%|█         | 476/4384 [53:55<6:05:47,  5.62s/it]
 11%|█         | 477/4384 [54:01<6:06:55,  5.63s/it]
 11%|█         | 478/4384 [54:07<6:18:56,  5.82s/it]
 11%|█         | 479/4384 [54:14<6:28:24,  5.97s/it]
 11%|█         | 480/4384 [54:19<6:21:56,  5.87s/it]
                                                    

 11%|█         | 480/4384 [54:19<6:21:56,  5.87s/it]
 11%|█         | 481/4384 [54:25<6:16:51,  5.79s/it]
 11%|█         | 482/4384 [54:30<6:09:58,  5.69s/it]
 11%|█         | 483/4384 [54:36<6:06:48,  5.64s/it]
 11%|█         | 484/4384 [54:41<5:58:31,  5.52s/it]
 11%|█         | 485/4384 [54:47<6:04:46,  5.61s/it]
 11%|█         | 486/4384 [54:53<6:12:41,  5.74s/it]
 11%|█         | 487/4384 [54:59<6:12:57,  5.74s/it]
 11%|█         | 488/4384 [55:04<6:12:30,  5.74s/it]
 11%|█         | 489/4384 [55:10<6:04:14,  5.61s/it]
 11%|█         | 490/4384 [55:15<6:05:44,  5.64s/it]
 11%|█         | 491/4384 [55:21<6:01:44,  5.58s/it]
 11%|█         | 492/4384 [55:27<6:11:44,  5.73s/it]
 11%|█         | 493/4384 [55:33<6:15:36,  5.79s/it]
 11%|█▏        | 494/4384 [55:38<6:10:41,  5.72s/it]
 11%|█▏        | 495/4384 [55:44<6:03:08,  5.60s/it]
 11%|█▏        | 496/4384 [55:50<6:09:50,  5.71s/it]
 11%|█▏        | 497/4384 [55:55<6:06:36,  5.66s/it]
 11%|█▏        | 498/4384 [56:01<6:08:41,  5.69s/it]
 11%|█▏        | 499/4384 [56:08<6:24:40,  5.94s/it]
 11%|█▏        | 500/4384 [56:13<6:21:47,  5.90s/it]
                                                    

 11%|█▏        | 500/4384 [56:13<6:21:47,  5.90s/it]
 11%|█▏        | 501/4384 [56:19<6:15:44,  5.81s/it]
 11%|█▏        | 502/4384 [56:24<6:07:19,  5.68s/it]
 11%|█▏        | 503/4384 [56:30<6:03:04,  5.61s/it]
 11%|█▏        | 504/4384 [56:35<5:53:10,  5.46s/it]
 12%|█▏        | 505/4384 [56:41<6:00:48,  5.58s/it]
 12%|█▏        | 506/4384 [56:47<6:20:05,  5.88s/it]
 12%|█▏        | 507/4384 [56:53<6:15:25,  5.81s/it]
 12%|█▏        | 508/4384 [56:59<6:14:30,  5.80s/it]
 12%|█▏        | 509/4384 [57:04<6:09:18,  5.72s/it]
 12%|█▏        | 510/4384 [57:10<6:09:15,  5.72s/it]
 12%|█▏        | 511/4384 [57:16<6:22:19,  5.92s/it]
 12%|█▏        | 512/4384 [57:23<6:35:03,  6.12s/it]
 12%|█▏        | 513/4384 [57:29<6:28:05,  6.02s/it]
 12%|█▏        | 514/4384 [57:34<6:19:20,  5.88s/it]
 12%|█▏        | 515/4384 [57:41<6:32:18,  6.08s/it]
 12%|█▏        | 516/4384 [57:47<6:36:15,  6.15s/it]
 12%|█▏        | 517/4384 [57:54<6:40:08,  6.21s/it]
 12%|█▏        | 518/4384 [58:00<6:37:52,  6.17s/it]
 12%|█▏        | 519/4384 [58:06<6:50:15,  6.37s/it]
 12%|█▏        | 520/4384 [58:12<6:38:13,  6.18s/it]
                                                    

 12%|█▏        | 520/4384 [58:12<6:38:13,  6.18s/it]
 12%|█▏        | 521/4384 [58:18<6:33:54,  6.12s/it]
 12%|█▏        | 522/4384 [58:25<6:42:15,  6.25s/it]
 12%|█▏        | 523/4384 [58:31<6:42:34,  6.26s/it]
 12%|█▏        | 524/4384 [58:37<6:42:42,  6.26s/it]
 12%|█▏        | 525/4384 [58:43<6:40:40,  6.23s/it]
 12%|█▏        | 526/4384 [58:50<6:54:47,  6.45s/it]
 12%|█▏        | 527/4384 [58:56<6:39:19,  6.21s/it]
 12%|█▏        | 528/4384 [59:02<6:42:04,  6.26s/it]
 12%|█▏        | 529/4384 [59:09<6:49:05,  6.37s/it]
 12%|█▏        | 530/4384 [59:15<6:51:16,  6.40s/it]
 12%|█▏        | 531/4384 [59:21<6:41:44,  6.26s/it]
 12%|█▏        | 532/4384 [59:27<6:30:18,  6.08s/it]
 12%|█▏        | 533/4384 [59:33<6:24:12,  5.99s/it]
 12%|█▏        | 534/4384 [59:39<6:19:18,  5.91s/it]
 12%|█▏        | 535/4384 [59:44<6:11:16,  5.79s/it]
 12%|█▏        | 536/4384 [59:51<6:28:13,  6.05s/it]
 12%|█▏        | 537/4384 [59:57<6:37:10,  6.19s/it]
 12%|█▏        | 538/4384 [1:00:04<6:39:39,  6.24s/it]
 12%|█▏        | 539/4384 [1:00:10<6:41:51,  6.27s/it]
 12%|█▏        | 540/4384 [1:00:16<6:36:07,  6.18s/it]
                                                      

 12%|█▏        | 540/4384 [1:00:16<6:36:07,  6.18s/it]
 12%|█▏        | 541/4384 [1:00:21<6:22:36,  5.97s/it]
 12%|█▏        | 542/4384 [1:00:28<6:27:40,  6.05s/it]
 12%|█▏        | 543/4384 [1:00:34<6:37:55,  6.22s/it]
 12%|█▏        | 544/4384 [1:00:41<6:49:32,  6.40s/it]
 12%|█▏        | 545/4384 [1:00:47<6:47:43,  6.37s/it]
 12%|█▏        | 546/4384 [1:00:53<6:39:00,  6.24s/it]
 12%|█▏        | 547/4384 [1:00:59<6:33:34,  6.15s/it]
 12%|█▎        | 548/4384 [1:01:06<6:36:11,  6.20s/it]
 13%|█▎        | 549/4384 [1:01:12<6:45:07,  6.34s/it]
 13%|█▎        | 550/4384 [1:01:19<6:43:42,  6.32s/it]
 13%|█▎        | 551/4384 [1:01:25<6:46:17,  6.36s/it]
 13%|█▎        | 552/4384 [1:01:32<7:05:21,  6.66s/it]
 13%|█▎        | 553/4384 [1:01:39<7:08:18,  6.71s/it]
 13%|█▎        | 554/4384 [1:01:46<7:10:38,  6.75s/it]
 13%|█▎        | 555/4384 [1:01:54<7:28:50,  7.03s/it]
 13%|█▎        | 556/4384 [1:02:01<7:28:58,  7.04s/it]
 13%|█▎        | 557/4384 [1:02:08<7:30:55,  7.07s/it]
 13%|█▎        | 558/4384 [1:02:15<7:38:27,  7.19s/it]
 13%|█▎        | 559/4384 [1:02:22<7:36:21,  7.16s/it]
 13%|█▎        | 560/4384 [1:02:30<7:39:11,  7.20s/it]
                                                      

 13%|█▎        | 560/4384 [1:02:30<7:39:11,  7.20s/it]
 13%|█▎        | 561/4384 [1:02:36<7:30:15,  7.07s/it]
 13%|█▎        | 562/4384 [1:02:43<7:26:11,  7.00s/it]
 13%|█▎        | 563/4384 [1:02:50<7:24:59,  6.99s/it]
 13%|█▎        | 564/4384 [1:02:57<7:17:15,  6.87s/it]
 13%|█▎        | 565/4384 [1:03:03<7:05:46,  6.69s/it]
 13%|█▎        | 566/4384 [1:03:09<6:57:32,  6.56s/it]
 13%|█▎        | 567/4384 [1:03:16<6:58:34,  6.58s/it]
 13%|█▎        | 568/4384 [1:03:23<7:10:53,  6.77s/it]
 13%|█▎        | 569/4384 [1:03:30<7:05:20,  6.69s/it]
 13%|█▎        | 570/4384 [1:03:36<7:05:34,  6.69s/it]
 13%|█▎        | 571/4384 [1:03:43<7:03:48,  6.67s/it]
 13%|█▎        | 572/4384 [1:03:50<6:59:21,  6.60s/it]
 13%|█▎        | 573/4384 [1:03:56<7:03:20,  6.67s/it]
 13%|█▎        | 574/4384 [1:04:03<7:01:49,  6.64s/it]
 13%|█▎        | 575/4384 [1:04:09<6:56:47,  6.57s/it]
 13%|█▎        | 576/4384 [1:04:16<7:03:23,  6.67s/it]
 13%|█▎        | 577/4384 [1:04:23<6:56:38,  6.57s/it]
 13%|█▎        | 578/4384 [1:04:29<6:52:35,  6.50s/it]
 13%|█▎        | 579/4384 [1:04:35<6:51:29,  6.49s/it]
 13%|█▎        | 580/4384 [1:04:42<6:50:26,  6.47s/it]
                                                      

 13%|█▎        | 580/4384 [1:04:42<6:50:26,  6.47s/it]
 13%|█▎        | 581/4384 [1:04:48<6:50:30,  6.48s/it]
 13%|█▎        | 582/4384 [1:04:55<6:54:44,  6.55s/it]
 13%|█▎        | 583/4384 [1:05:01<6:49:57,  6.47s/it]
 13%|█▎        | 584/4384 [1:05:08<6:52:48,  6.52s/it]
 13%|█▎        | 585/4384 [1:05:15<6:59:54,  6.63s/it]
 13%|█▎        | 586/4384 [1:05:21<6:56:17,  6.58s/it]
 13%|█▎        | 587/4384 [1:05:28<7:01:51,  6.67s/it]
 13%|█▎        | 588/4384 [1:05:35<7:00:12,  6.64s/it]
 13%|█▎        | 589/4384 [1:05:41<7:01:41,  6.67s/it]
 13%|█▎        | 590/4384 [1:05:49<7:22:59,  7.01s/it]
 13%|█▎        | 591/4384 [1:05:56<7:24:19,  7.03s/it]
 14%|█▎        | 592/4384 [1:06:03<7:25:49,  7.05s/it]
 14%|█▎        | 593/4384 [1:06:10<7:20:17,  6.97s/it]
 14%|█▎        | 594/4384 [1:06:17<7:25:06,  7.05s/it]
 14%|█▎        | 595/4384 [1:06:24<7:24:19,  7.04s/it]
 14%|█▎        | 596/4384 [1:06:31<7:23:07,  7.02s/it]
 14%|█▎        | 597/4384 [1:06:41<8:12:41,  7.81s/it]
 14%|█▎        | 598/4384 [1:06:49<8:08:00,  7.73s/it]
 14%|█▎        | 599/4384 [1:06:56<7:52:52,  7.50s/it]
 14%|█▎        | 600/4384 [1:07:03<7:43:15,  7.35s/it]
                                                      

 14%|█▎        | 600/4384 [1:07:03<7:43:15,  7.35s/it]

{'eval_loss': '2.078', 'eval_runtime': '105.8', 'eval_samples_per_second': '11.34', 'eval_steps_per_second': '5.67', 'eval_entropy': '2.156', 'eval_num_tokens': '3.057e+06', 'eval_mean_token_accuracy': '0.5736', 'epoch': '0.1369'}
{'loss': '2.061', 'grad_norm': '1.582', 'learning_rate': '9.952e-05', 'entropy': '2.123', 'num_tokens': '3.259e+06', 'mean_token_accuracy': '0.5624', 'epoch': '0.146'}
{'loss': '2.024', 'grad_norm': '1.662', 'learning_rate': '9.942e-05', 'entropy': '2.082', 'num_tokens': '3.464e+06', 'mean_token_accuracy': '0.5674', 'epoch': '0.1552'}
{'loss': '1.981', 'grad_norm': '1.574', 'learning_rate': '9.93e-05', 'entropy': '2.043', 'num_tokens': '3.668e+06', 'mean_token_accuracy': '0.5753', 'epoch': '0.1643'}
{'loss': '2.042', 'grad_norm': '1.492', 'learning_rate': '9.917e-05', 'entropy': '2.104', 'num_tokens': '3.871e+06', 'mean_token_accuracy': '0.5619', 'epoch': '0.1734'}
{'loss': '2.019', 'grad_norm': '1.494', 'learning_rate': '9.903e-05', 'entropy': '2.088', 'num_tokens': '4.077e+06', 'mean_token_accuracy': '0.5701', 'epoch': '0.1825'}
{'loss': '2.032', 'grad_norm': '1.614', 'learning_rate': '9.888e-05', 'entropy': '2.086', 'num_tokens': '4.284e+06', 'mean_token_accuracy': '0.5682', 'epoch': '0.1917'}
{'loss': '1.958', 'grad_norm': '1.668', 'learning_rate': '9.872e-05', 'entropy': '2.016', 'num_tokens': '4.489e+06', 'mean_token_accuracy': '0.5778', 'epoch': '0.2008'}
{'loss': '1.961', 'grad_norm': '1.699', 'learning_rate': '9.855e-05', 'entropy': '2.036', 'num_tokens': '4.691e+06', 'mean_token_accuracy': '0.5814', 'epoch': '0.2099'}
{'loss': '2.004', 'grad_norm': '1.653', 'learning_rate': '9.837e-05', 'entropy': '2.061', 'num_tokens': '4.894e+06', 'mean_token_accuracy': '0.5683', 'epoch': '0.219'}
{'loss': '1.951', 'grad_norm': '1.725', 'learning_rate': '9.817e-05', 'entropy': '2.009', 'num_tokens': '5.098e+06', 'mean_token_accuracy': '0.5791', 'epoch': '0.2282'}
{'loss': '1.97', 'grad_norm': '1.551', 'learning_rate': '9.797e-05', 'entropy': '2.032', 'num_tokens': '5.302e+06', 'mean_token_accuracy': '0.5757', 'epoch': '0.2373'}
{'loss': '1.987', 'grad_norm': '1.633', 'learning_rate': '9.776e-05', 'entropy': '2.041', 'num_tokens': '5.507e+06', 'mean_token_accuracy': '0.5761', 'epoch': '0.2464'}
{'loss': '1.982', 'grad_norm': '1.565', 'learning_rate': '9.753e-05', 'entropy': '2.044', 'num_tokens': '5.707e+06', 'mean_token_accuracy': '0.5735', 'epoch': '0.2555'}
{'loss': '2.024', 'grad_norm': '1.643', 'learning_rate': '9.73e-05', 'entropy': '2.091', 'num_tokens': '5.915e+06', 'mean_token_accuracy': '0.5724', 'epoch': '0.2647'}
{'loss': '1.985', 'grad_norm': '1.454', 'learning_rate': '9.705e-05', 'entropy': '2.055', 'num_tokens': '6.119e+06', 'mean_token_accuracy': '0.5743', 'epoch': '0.2738'}
  0%|          | 0/600 [00:00<?, ?it/s][A

  0%|          | 2/600 [00:00<01:00,  9.85it/s][A

  0%|          | 3/600 [00:00<01:21,  7.35it/s][A

  1%|          | 4/600 [00:00<01:40,  5.92it/s][A

  1%|          | 5/600 [00:00<01:43,  5.77it/s][A

  1%|          | 6/600 [00:00<01:42,  5.78it/s][A

  1%|          | 7/600 [00:01<01:48,  5.47it/s][A

  1%|▏         | 8/600 [00:01<01:53,  5.22it/s][A

  2%|▏         | 9/600 [00:01<01:52,  5.27it/s][A

  2%|▏         | 10/600 [00:01<01:53,  5.20it/s][A

  2%|▏         | 11/600 [00:01<01:55,  5.09it/s][A

  2%|▏         | 12/600 [00:02<01:58,  4.95it/s][A

  2%|▏         | 13/600 [00:02<01:57,  4.99it/s][A

  2%|▏         | 14/600 [00:02<01:56,  5.02it/s][A

  2%|▎         | 15/600 [00:02<01:51,  5.23it/s][A

  3%|▎         | 16/600 [00:02<01:59,  4.90it/s][A

  3%|▎         | 17/600 [00:03<01:56,  5.02it/s][A

  3%|▎         | 18/600 [00:03<01:57,  4.97it/s][A

  3%|▎         | 19/600 [00:03<01:58,  4.90it/s][A

  3%|▎         | 20/600 [00:03<01:54,  5.05it/s][A

  4%|▎         | 21/600 [00:03<01:51,  5.18it/s][A

  4%|▎         | 22/600 [00:04<01:49,  5.26it/s][A

  4%|▍         | 23/600 [00:04<01:50,  5.21it/s][A

  4%|▍         | 24/600 [00:04<01:51,  5.17it/s][A

  4%|▍         | 25/600 [00:04<01:57,  4.91it/s][A

  4%|▍         | 26/600 [00:04<01:57,  4.89it/s][A

  4%|▍         | 27/600 [00:05<01:56,  4.90it/s][A

  5%|▍         | 28/600 [00:05<01:54,  4.98it/s][A

  5%|▍         | 29/600 [00:05<01:52,  5.10it/s][A

  5%|▌         | 30/600 [00:05<01:54,  5.00it/s][A

  5%|▌         | 31/600 [00:05<01:52,  5.07it/s][A

  5%|▌         | 32/600 [00:06<01:48,  5.25it/s][A

  6%|▌         | 33/600 [00:06<01:47,  5.26it/s][A

  6%|▌         | 34/600 [00:06<01:46,  5.31it/s][A

  6%|▌         | 35/600 [00:06<01:45,  5.36it/s][A

  6%|▌         | 36/600 [00:06<01:42,  5.52it/s][A

  6%|▌         | 37/600 [00:07<01:41,  5.53it/s][A

  6%|▋         | 38/600 [00:07<01:41,  5.52it/s][A

  6%|▋         | 39/600 [00:07<01:40,  5.60it/s][A

  7%|▋         | 40/600 [00:07<01:40,  5.57it/s][A

  7%|▋         | 41/600 [00:07<01:42,  5.45it/s][A

  7%|▋         | 42/600 [00:07<01:42,  5.43it/s][A

  7%|▋         | 43/600 [00:08<01:45,  5.30it/s][A

  7%|▋         | 44/600 [00:08<01:41,  5.46it/s][A

  8%|▊         | 45/600 [00:08<01:39,  5.57it/s][A

  8%|▊         | 46/600 [00:08<01:38,  5.61it/s][A

  8%|▊         | 47/600 [00:08<01:37,  5.65it/s][A

  8%|▊         | 48/600 [00:09<01:38,  5.58it/s][A

  8%|▊         | 49/600 [00:09<01:41,  5.44it/s][A

  8%|▊         | 50/600 [00:09<01:41,  5.40it/s][A

  8%|▊         | 51/600 [00:09<01:43,  5.31it/s][A

  9%|▊         | 52/600 [00:09<01:45,  5.21it/s][A

  9%|▉         | 53/600 [00:09<01:45,  5.17it/s][A

  9%|▉         | 54/600 [00:10<01:46,  5.12it/s][A

  9%|▉         | 55/600 [00:10<01:44,  5.22it/s][A

  9%|▉         | 56/600 [00:10<01:41,  5.34it/s][A

 10%|▉         | 57/600 [00:10<01:40,  5.39it/s][A

 10%|▉         | 58/600 [00:10<01:42,  5.29it/s][A

 10%|▉         | 59/600 [00:11<01:42,  5.26it/s][A

 10%|█         | 60/600 [00:11<01:41,  5.34it/s][A

 10%|█         | 61/600 [00:11<01:39,  5.42it/s][A

 10%|█         | 62/600 [00:11<01:43,  5.18it/s][A

 10%|█         | 63/600 [00:11<01:48,  4.96it/s][A

 11%|█         | 64/600 [00:12<01:44,  5.12it/s][A

 11%|█         | 65/600 [00:12<01:44,  5.10it/s][A

 11%|█         | 66/600 [00:12<01:44,  5.11it/s][A

 11%|█         | 67/600 [00:12<01:49,  4.89it/s][A

 11%|█▏        | 68/600 [00:12<01:53,  4.69it/s][A

 12%|█▏        | 69/600 [00:13<01:54,  4.65it/s][A

 12%|█▏        | 70/600 [00:13<01:54,  4.61it/s][A

 12%|█▏        | 71/600 [00:13<01:51,  4.74it/s][A

 12%|█▏        | 72/600 [00:13<01:48,  4.87it/s][A

 12%|█▏        | 73/600 [00:13<01:49,  4.81it/s][A

 12%|█▏        | 74/600 [00:14<01:49,  4.80it/s][A

 12%|█▎        | 75/600 [00:14<01:47,  4.87it/s][A

 13%|█▎        | 76/600 [00:14<01:46,  4.94it/s][A

 13%|█▎        | 77/600 [00:14<01:45,  4.95it/s][A

 13%|█▎        | 78/600 [00:14<01:43,  5.05it/s][A

 13%|█▎        | 79/600 [00:15<01:44,  4.97it/s][A

 13%|█▎        | 80/600 [00:15<01:46,  4.89it/s][A

 14%|█▎        | 81/600 [00:15<01:47,  4.85it/s][A

 14%|█▎        | 82/600 [00:15<01:48,  4.76it/s][A

 14%|█▍        | 83/600 [00:16<01:45,  4.90it/s][A

 14%|█▍        | 84/600 [00:16<01:41,  5.07it/s][A

 14%|█▍        | 85/600 [00:16<01:44,  4.94it/s][A

 14%|█▍        | 86/600 [00:16<01:44,  4.94it/s][A

 14%|█▍        | 87/600 [00:16<01:43,  4.96it/s][A

 15%|█▍        | 88/600 [00:17<01:46,  4.79it/s][A

 15%|█▍        | 89/600 [00:17<01:46,  4.78it/s][A

 15%|█▌        | 90/600 [00:17<01:46,  4.80it/s][A

 15%|█▌        | 91/600 [00:17<01:43,  4.91it/s][A

 15%|█▌        | 92/600 [00:17<01:39,  5.08it/s][A

 16%|█▌        | 93/600 [00:18<01:37,  5.21it/s][A

 16%|█▌        | 94/600 [00:18<01:33,  5.41it/s][A

 16%|█▌        | 95/600 [00:18<01:32,  5.44it/s][A

 16%|█▌        | 96/600 [00:18<01:30,  5.55it/s][A

 16%|█▌        | 97/600 [00:18<01:30,  5.54it/s][A

 16%|█▋        | 98/600 [00:18<01:31,  5.50it/s][A

 16%|█▋        | 99/600 [00:19<01:30,  5.51it/s][A

 17%|█▋        | 100/600 [00:19<01:29,  5.56it/s][A

 17%|█▋        | 101/600 [00:19<01:31,  5.45it/s][A

 17%|█▋        | 102/600 [00:19<01:33,  5.31it/s][A

 17%|█▋        | 103/600 [00:19<01:34,  5.26it/s][A

 17%|█▋        | 104/600 [00:20<01:35,  5.18it/s][A

 18%|█▊        | 105/600 [00:20<01:34,  5.25it/s][A

 18%|█▊        | 106/600 [00:20<01:31,  5.43it/s][A

 18%|█▊        | 107/600 [00:20<01:28,  5.57it/s][A

 18%|█▊        | 108/600 [00:20<01:25,  5.75it/s][A

 18%|█▊        | 109/600 [00:20<01:23,  5.87it/s][A

 18%|█▊        | 110/600 [00:21<01:26,  5.64it/s][A

 18%|█▊        | 111/600 [00:21<01:30,  5.41it/s][A

 19%|█▊        | 112/600 [00:21<01:29,  5.45it/s][A

 19%|█▉        | 113/600 [00:21<01:31,  5.34it/s][A

 19%|█▉        | 114/600 [00:21<01:30,  5.35it/s][A

 19%|█▉        | 115/600 [00:22<01:34,  5.15it/s][A

 19%|█▉        | 116/600 [00:22<01:33,  5.17it/s][A

 20%|█▉        | 117/600 [00:22<01:33,  5.19it/s][A

 20%|█▉        | 118/600 [00:22<01:30,  5.32it/s][A

 20%|█▉        | 119/600 [00:22<01:32,  5.19it/s][A

 20%|██        | 120/600 [00:23<01:36,  4.99it/s][A

 20%|██        | 121/600 [00:23<01:34,  5.04it/s][A

 20%|██        | 122/600 [00:23<01:37,  4.91it/s][A

 20%|██        | 123/600 [00:23<01:33,  5.13it/s][A

 21%|██        | 124/600 [00:23<01:33,  5.12it/s][A

 21%|██        | 125/600 [00:24<01:32,  5.14it/s][A

 21%|██        | 126/600 [00:24<01:30,  5.21it/s][A

 21%|██        | 127/600 [00:24<01:31,  5.18it/s][A

 21%|██▏       | 128/600 [00:24<01:30,  5.20it/s][A

 22%|██▏       | 129/600 [00:24<01:30,  5.20it/s][A

 22%|██▏       | 130/600 [00:24<01:31,  5.14it/s][A

 22%|██▏       | 131/600 [00:25<01:32,  5.05it/s][A

 22%|██▏       | 132/600 [00:25<01:34,  4.94it/s][A

 22%|██▏       | 133/600 [00:25<01:33,  4.97it/s][A

 22%|██▏       | 134/600 [00:25<01:36,  4.81it/s][A

 22%|██▎       | 135/600 [00:26<01:33,  4.98it/s][A

 23%|██▎       | 136/600 [00:26<01:31,  5.10it/s][A

 23%|██▎       | 137/600 [00:26<01:34,  4.91it/s][A

 23%|██▎       | 138/600 [00:26<01:35,  4.86it/s][A

 23%|██▎       | 139/600 [00:26<01:35,  4.83it/s][A

 23%|██▎       | 140/600 [00:27<01:39,  4.63it/s][A

 24%|██▎       | 141/600 [00:27<01:36,  4.77it/s][A

 24%|██▎       | 142/600 [00:27<01:37,  4.72it/s][A

 24%|██▍       | 143/600 [00:27<01:36,  4.75it/s][A

 24%|██▍       | 144/600 [00:27<01:33,  4.87it/s][A

 24%|██▍       | 145/600 [00:28<01:30,  5.04it/s][A

 24%|██▍       | 146/600 [00:28<01:26,  5.24it/s][A

 24%|██▍       | 147/600 [00:28<01:23,  5.41it/s][A

 25%|██▍       | 148/600 [00:28<01:20,  5.63it/s][A

 25%|██▍       | 149/600 [00:28<01:19,  5.66it/s][A

 25%|██▌       | 150/600 [00:28<01:22,  5.47it/s][A

 25%|██▌       | 151/600 [00:29<01:25,  5.24it/s][A

 25%|██▌       | 152/600 [00:29<01:24,  5.28it/s][A

 26%|██▌       | 153/600 [00:29<01:23,  5.32it/s][A

 26%|██▌       | 154/600 [00:29<01:21,  5.46it/s][A

 26%|██▌       | 155/600 [00:29<01:17,  5.76it/s][A

 26%|██▌       | 156/600 [00:30<01:16,  5.79it/s][A

 26%|██▌       | 157/600 [00:30<01:17,  5.69it/s][A

 26%|██▋       | 158/600 [00:30<01:17,  5.69it/s][A

 26%|██▋       | 159/600 [00:30<01:16,  5.75it/s][A

 27%|██▋       | 160/600 [00:30<01:16,  5.72it/s][A

 27%|██▋       | 161/600 [00:30<01:18,  5.62it/s][A

 27%|██▋       | 162/600 [00:31<01:20,  5.47it/s][A

 27%|██▋       | 163/600 [00:31<01:18,  5.57it/s][A

 27%|██▋       | 164/600 [00:31<01:18,  5.58it/s][A

 28%|██▊       | 165/600 [00:31<01:19,  5.51it/s][A

 28%|██▊       | 166/600 [00:31<01:18,  5.53it/s][A

 28%|██▊       | 167/600 [00:32<01:21,  5.33it/s][A

 28%|██▊       | 168/600 [00:32<01:22,  5.27it/s][A

 28%|██▊       | 169/600 [00:32<01:21,  5.28it/s][A

 28%|██▊       | 170/600 [00:32<01:19,  5.38it/s][A

 28%|██▊       | 171/600 [00:32<01:18,  5.49it/s][A

 29%|██▊       | 172/600 [00:32<01:20,  5.33it/s][A

 29%|██▉       | 173/600 [00:33<01:17,  5.48it/s][A

 29%|██▉       | 174/600 [00:33<01:15,  5.61it/s][A

 29%|██▉       | 175/600 [00:33<01:15,  5.60it/s][A

 29%|██▉       | 176/600 [00:33<01:16,  5.57it/s][A

 30%|██▉       | 177/600 [00:33<01:16,  5.50it/s][A

 30%|██▉       | 178/600 [00:34<01:17,  5.43it/s][A

 30%|██▉       | 179/600 [00:34<01:21,  5.15it/s][A

 30%|███       | 180/600 [00:34<01:18,  5.33it/s][A

 30%|███       | 181/600 [00:34<01:17,  5.39it/s][A

 30%|███       | 182/600 [00:34<01:18,  5.33it/s][A

 30%|███       | 183/600 [00:34<01:18,  5.30it/s][A

 31%|███       | 184/600 [00:35<01:18,  5.32it/s][A

 31%|███       | 185/600 [00:35<01:21,  5.07it/s][A

 31%|███       | 186/600 [00:35<01:20,  5.12it/s][A

 31%|███       | 187/600 [00:35<01:17,  5.30it/s][A

 31%|███▏      | 188/600 [00:35<01:15,  5.45it/s][A

 32%|███▏      | 189/600 [00:36<01:14,  5.49it/s][A

 32%|███▏      | 190/600 [00:36<01:15,  5.43it/s][A

 32%|███▏      | 191/600 [00:36<01:16,  5.32it/s][A

 32%|███▏      | 192/600 [00:36<01:14,  5.49it/s][A

 32%|███▏      | 193/600 [00:36<01:13,  5.55it/s][A

 32%|███▏      | 194/600 [00:37<01:13,  5.49it/s][A

 32%|███▎      | 195/600 [00:37<01:13,  5.49it/s][A

 33%|███▎      | 196/600 [00:37<01:11,  5.62it/s][A

 33%|███▎      | 197/600 [00:37<01:11,  5.64it/s][A

 33%|███▎      | 198/600 [00:37<01:12,  5.57it/s][A

 33%|███▎      | 199/600 [00:37<01:14,  5.42it/s][A

 33%|███▎      | 200/600 [00:38<01:12,  5.51it/s][A

 34%|███▎      | 201/600 [00:38<01:14,  5.33it/s][A

 34%|███▎      | 202/600 [00:38<01:14,  5.34it/s][A

 34%|███▍      | 203/600 [00:38<01:15,  5.29it/s][A

 34%|███▍      | 204/600 [00:38<01:10,  5.58it/s][A

 34%|███▍      | 205/600 [00:39<01:09,  5.66it/s][A

 34%|███▍      | 206/600 [00:39<01:10,  5.56it/s][A

 34%|███▍      | 207/600 [00:39<01:14,  5.28it/s][A

 35%|███▍      | 208/600 [00:39<01:11,  5.46it/s][A

 35%|███▍      | 209/600 [00:39<01:10,  5.54it/s][A

 35%|███▌      | 210/600 [00:39<01:08,  5.66it/s][A

 35%|███▌      | 211/600 [00:40<01:08,  5.69it/s][A

 35%|███▌      | 212/600 [00:40<01:07,  5.75it/s][A

 36%|███▌      | 213/600 [00:40<01:07,  5.72it/s][A

 36%|███▌      | 214/600 [00:40<01:07,  5.71it/s][A

 36%|███▌      | 215/600 [00:40<01:07,  5.72it/s][A

 36%|███▌      | 216/600 [00:40<01:07,  5.67it/s][A

 36%|███▌      | 217/600 [00:41<01:08,  5.62it/s][A

 36%|███▋      | 218/600 [00:41<01:07,  5.63it/s][A

 36%|███▋      | 219/600 [00:41<01:07,  5.66it/s][A

 37%|███▋      | 220/600 [00:41<01:08,  5.56it/s][A

 37%|███▋      | 221/600 [00:41<01:07,  5.66it/s][A

 37%|███▋      | 222/600 [00:42<01:05,  5.76it/s][A

 37%|███▋      | 223/600 [00:42<01:05,  5.74it/s][A

 37%|███▋      | 224/600 [00:42<01:07,  5.54it/s][A

 38%|███▊      | 225/600 [00:42<01:09,  5.42it/s][A

 38%|███▊      | 226/600 [00:42<01:10,  5.32it/s][A

 38%|███▊      | 227/600 [00:42<01:10,  5.32it/s][A

 38%|███▊      | 228/600 [00:43<01:07,  5.53it/s][A

 38%|███▊      | 229/600 [00:43<01:05,  5.70it/s][A

 38%|███▊      | 230/600 [00:43<01:04,  5.77it/s][A

 38%|███▊      | 231/600 [00:43<01:04,  5.72it/s][A

 39%|███▊      | 232/600 [00:43<01:03,  5.81it/s][A

 39%|███▉      | 233/600 [00:44<01:04,  5.67it/s][A

 39%|███▉      | 234/600 [00:44<01:08,  5.32it/s][A

 39%|███▉      | 235/600 [00:44<01:10,  5.20it/s][A

 39%|███▉      | 236/600 [00:44<01:14,  4.86it/s][A

 40%|███▉      | 237/600 [00:44<01:13,  4.93it/s][A

 40%|███▉      | 238/600 [00:45<01:09,  5.18it/s][A

 40%|███▉      | 239/600 [00:45<01:08,  5.29it/s][A

 40%|████      | 240/600 [00:45<01:08,  5.29it/s][A

 40%|████      | 241/600 [00:45<01:08,  5.21it/s][A

 40%|████      | 242/600 [00:45<01:09,  5.14it/s][A

 40%|████      | 243/600 [00:45<01:09,  5.13it/s][A

 41%|████      | 244/600 [00:46<01:09,  5.13it/s][A

 41%|████      | 245/600 [00:46<01:10,  5.04it/s][A

 41%|████      | 246/600 [00:46<01:09,  5.09it/s][A

 41%|████      | 247/600 [00:46<01:06,  5.30it/s][A

 41%|████▏     | 248/600 [00:46<01:08,  5.17it/s][A

 42%|████▏     | 249/600 [00:47<01:08,  5.12it/s][A

 42%|████▏     | 250/600 [00:47<01:07,  5.15it/s][A

 42%|████▏     | 251/600 [00:47<01:09,  5.03it/s][A

 42%|████▏     | 252/600 [00:47<01:11,  4.85it/s][A

 42%|████▏     | 253/600 [00:47<01:10,  4.90it/s][A

 42%|████▏     | 254/600 [00:48<01:10,  4.93it/s][A

 42%|████▎     | 255/600 [00:48<01:09,  4.96it/s][A

 43%|████▎     | 256/600 [00:48<01:11,  4.81it/s][A

 43%|████▎     | 257/600 [00:48<01:08,  4.98it/s][A

 43%|████▎     | 258/600 [00:48<01:07,  5.05it/s][A

 43%|████▎     | 259/600 [00:49<01:06,  5.13it/s][A

 43%|████▎     | 260/600 [00:49<01:05,  5.15it/s][A

 44%|████▎     | 261/600 [00:49<01:07,  5.06it/s][A

 44%|████▎     | 262/600 [00:49<01:05,  5.14it/s][A

 44%|████▍     | 263/600 [00:49<01:05,  5.17it/s][A

 44%|████▍     | 264/600 [00:50<01:05,  5.14it/s][A

 44%|████▍     | 265/600 [00:50<01:06,  5.06it/s][A

 44%|████▍     | 266/600 [00:50<01:05,  5.07it/s][A

 44%|████▍     | 267/600 [00:50<01:06,  5.04it/s][A

 45%|████▍     | 268/600 [00:50<01:04,  5.18it/s][A

 45%|████▍     | 269/600 [00:51<01:02,  5.29it/s][A

 45%|████▌     | 270/600 [00:51<01:00,  5.43it/s][A

 45%|████▌     | 271/600 [00:51<01:00,  5.46it/s][A

 45%|████▌     | 272/600 [00:51<01:00,  5.45it/s][A

 46%|████▌     | 273/600 [00:51<00:59,  5.46it/s][A

 46%|████▌     | 274/600 [00:51<00:59,  5.50it/s][A

 46%|████▌     | 275/600 [00:52<00:59,  5.49it/s][A

 46%|████▌     | 276/600 [00:52<00:59,  5.49it/s][A

 46%|████▌     | 277/600 [00:52<00:58,  5.49it/s][A

 46%|████▋     | 278/600 [00:52<00:58,  5.52it/s][A

 46%|████▋     | 279/600 [00:52<00:59,  5.39it/s][A

 47%|████▋     | 280/600 [00:53<00:58,  5.43it/s][A

 47%|████▋     | 281/600 [00:53<00:57,  5.52it/s][A

 47%|████▋     | 282/600 [00:53<00:59,  5.39it/s][A

 47%|████▋     | 283/600 [00:53<00:56,  5.58it/s][A

 47%|████▋     | 284/600 [00:53<00:56,  5.59it/s][A

 48%|████▊     | 285/600 [00:53<00:55,  5.65it/s][A

 48%|████▊     | 286/600 [00:54<00:57,  5.50it/s][A

 48%|████▊     | 287/600 [00:54<00:57,  5.47it/s][A

 48%|████▊     | 288/600 [00:54<00:55,  5.58it/s][A

 48%|████▊     | 289/600 [00:54<00:55,  5.56it/s][A

 48%|████▊     | 290/600 [00:54<00:57,  5.40it/s][A

 48%|████▊     | 291/600 [00:55<00:59,  5.23it/s][A

 49%|████▊     | 292/600 [00:55<00:59,  5.16it/s][A

 49%|████▉     | 293/600 [00:55<00:59,  5.13it/s][A

 49%|████▉     | 294/600 [00:55<00:59,  5.11it/s][A

 49%|████▉     | 295/600 [00:55<00:59,  5.15it/s][A

 49%|████▉     | 296/600 [00:56<01:00,  5.06it/s][A

 50%|████▉     | 297/600 [00:56<00:59,  5.09it/s][A

 50%|████▉     | 298/600 [00:56<01:00,  5.01it/s][A

 50%|████▉     | 299/600 [00:56<01:00,  5.00it/s][A

 50%|█████     | 300/600 [00:56<00:59,  5.08it/s][A

 50%|█████     | 301/600 [00:57<00:56,  5.26it/s][A

 50%|█████     | 302/600 [00:57<00:55,  5.32it/s][A

 50%|█████     | 303/600 [00:57<00:54,  5.44it/s][A

 51%|█████     | 304/600 [00:57<00:53,  5.51it/s][A

 51%|█████     | 305/600 [00:57<00:54,  5.38it/s][A

 51%|█████     | 306/600 [00:58<00:56,  5.24it/s][A

 51%|█████     | 307/600 [00:58<00:55,  5.24it/s][A

 51%|█████▏    | 308/600 [00:58<00:53,  5.44it/s][A

 52%|█████▏    | 309/600 [00:58<00:53,  5.48it/s][A

 52%|█████▏    | 310/600 [00:58<00:53,  5.40it/s][A

 52%|█████▏    | 311/600 [00:58<00:53,  5.39it/s][A

 52%|█████▏    | 312/600 [00:59<00:52,  5.53it/s][A

 52%|█████▏    | 313/600 [00:59<00:58,  4.91it/s][A

 52%|█████▏    | 314/600 [00:59<01:04,  4.45it/s][A

 52%|█████▎    | 315/600 [00:59<01:01,  4.63it/s][A

 53%|█████▎    | 316/600 [01:00<01:00,  4.68it/s][A

 53%|█████▎    | 317/600 [01:00<00:57,  4.93it/s][A

 53%|█████▎    | 318/600 [01:00<00:55,  5.12it/s][A

 53%|█████▎    | 319/600 [01:00<00:53,  5.30it/s][A

 53%|█████▎    | 320/600 [01:00<00:51,  5.47it/s][A

 54%|█████▎    | 321/600 [01:00<00:50,  5.51it/s][A

 54%|█████▎    | 322/600 [01:01<00:50,  5.50it/s][A

 54%|█████▍    | 323/600 [01:01<00:51,  5.37it/s][A

 54%|█████▍    | 324/600 [01:01<00:51,  5.40it/s][A

 54%|█████▍    | 325/600 [01:01<00:49,  5.53it/s][A

 54%|█████▍    | 326/600 [01:01<00:48,  5.61it/s][A

 55%|█████▍    | 327/600 [01:01<00:48,  5.68it/s][A

 55%|█████▍    | 328/600 [01:02<00:47,  5.78it/s][A

 55%|█████▍    | 329/600 [01:02<00:47,  5.77it/s][A

 55%|█████▌    | 330/600 [01:02<00:48,  5.58it/s][A

 55%|█████▌    | 331/600 [01:02<00:48,  5.58it/s][A

 55%|█████▌    | 332/600 [01:02<00:47,  5.68it/s][A

 56%|█████▌    | 333/600 [01:03<00:46,  5.70it/s][A

 56%|█████▌    | 334/600 [01:03<00:45,  5.85it/s][A

 56%|█████▌    | 335/600 [01:03<00:46,  5.76it/s][A

 56%|█████▌    | 336/600 [01:03<00:47,  5.58it/s][A

 56%|█████▌    | 337/600 [01:03<00:47,  5.57it/s][A

 56%|█████▋    | 338/600 [01:03<00:47,  5.56it/s][A

 56%|█████▋    | 339/600 [01:04<00:46,  5.61it/s][A

 57%|█████▋    | 340/600 [01:04<00:46,  5.60it/s][A

 57%|█████▋    | 341/600 [01:04<00:48,  5.36it/s][A

 57%|█████▋    | 342/600 [01:04<00:47,  5.39it/s][A

 57%|█████▋    | 343/600 [01:04<00:47,  5.37it/s][A

 57%|█████▋    | 344/600 [01:05<00:46,  5.45it/s][A

 57%|█████▊    | 345/600 [01:05<00:44,  5.68it/s][A

 58%|█████▊    | 346/600 [01:05<00:45,  5.63it/s][A

 58%|█████▊    | 347/600 [01:05<00:45,  5.54it/s][A

 58%|█████▊    | 348/600 [01:05<00:45,  5.51it/s][A

 58%|█████▊    | 349/600 [01:05<00:45,  5.55it/s][A

 58%|█████▊    | 350/600 [01:06<00:45,  5.44it/s][A

 58%|█████▊    | 351/600 [01:06<00:46,  5.36it/s][A

 59%|█████▊    | 352/600 [01:06<00:46,  5.33it/s][A

 59%|█████▉    | 353/600 [01:06<00:45,  5.45it/s][A

 59%|█████▉    | 354/600 [01:06<00:45,  5.43it/s][A

 59%|█████▉    | 355/600 [01:07<00:45,  5.38it/s][A

 59%|█████▉    | 356/600 [01:07<00:46,  5.23it/s][A

 60%|█████▉    | 357/600 [01:07<00:47,  5.14it/s][A

 60%|█████▉    | 358/600 [01:07<00:47,  5.07it/s][A

 60%|█████▉    | 359/600 [01:07<00:46,  5.15it/s][A

 60%|██████    | 360/600 [01:08<00:47,  5.08it/s][A

 60%|██████    | 361/600 [01:08<00:47,  5.00it/s][A

 60%|██████    | 362/600 [01:08<00:47,  5.03it/s][A

 60%|██████    | 363/600 [01:08<00:47,  4.96it/s][A

 61%|██████    | 364/600 [01:08<00:46,  5.09it/s][A

 61%|██████    | 365/600 [01:09<00:46,  5.10it/s][A

 61%|██████    | 366/600 [01:09<00:44,  5.21it/s][A

 61%|██████    | 367/600 [01:09<00:45,  5.15it/s][A

 61%|██████▏   | 368/600 [01:09<00:43,  5.37it/s][A

 62%|██████▏   | 369/600 [01:09<00:43,  5.34it/s][A

 62%|██████▏   | 370/600 [01:09<00:43,  5.34it/s][A

 62%|██████▏   | 371/600 [01:10<00:43,  5.27it/s][A

 62%|██████▏   | 372/600 [01:10<00:43,  5.27it/s][A

 62%|██████▏   | 373/600 [01:10<00:46,  4.88it/s][A

 62%|██████▏   | 374/600 [01:10<00:45,  4.95it/s][A

 62%|██████▎   | 375/600 [01:10<00:44,  5.00it/s][A

 63%|██████▎   | 376/600 [01:11<00:43,  5.11it/s][A

 63%|██████▎   | 377/600 [01:11<00:42,  5.25it/s][A

 63%|██████▎   | 378/600 [01:11<00:42,  5.25it/s][A

 63%|██████▎   | 379/600 [01:11<00:42,  5.23it/s][A

 63%|██████▎   | 380/600 [01:11<00:41,  5.32it/s][A

 64%|██████▎   | 381/600 [01:12<00:40,  5.46it/s][A

 64%|██████▎   | 382/600 [01:12<00:39,  5.45it/s][A

 64%|██████▍   | 383/600 [01:12<00:38,  5.62it/s][A

 64%|██████▍   | 384/600 [01:12<00:38,  5.65it/s][A

 64%|██████▍   | 385/600 [01:12<00:38,  5.55it/s][A

 64%|██████▍   | 386/600 [01:12<00:38,  5.49it/s][A

 64%|██████▍   | 387/600 [01:13<00:39,  5.45it/s][A

 65%|██████▍   | 388/600 [01:13<00:38,  5.52it/s][A

 65%|██████▍   | 389/600 [01:13<00:38,  5.55it/s][A

 65%|██████▌   | 390/600 [01:13<00:37,  5.63it/s][A

 65%|██████▌   | 391/600 [01:13<00:37,  5.62it/s][A

 65%|██████▌   | 392/600 [01:14<00:37,  5.50it/s][A

 66%|██████▌   | 393/600 [01:14<00:37,  5.48it/s][A

 66%|██████▌   | 394/600 [01:14<00:37,  5.45it/s][A

 66%|██████▌   | 395/600 [01:14<00:37,  5.49it/s][A

 66%|██████▌   | 396/600 [01:14<00:37,  5.49it/s][A

 66%|██████▌   | 397/600 [01:15<00:38,  5.23it/s][A

 66%|██████▋   | 398/600 [01:15<00:37,  5.36it/s][A

 66%|██████▋   | 399/600 [01:15<00:37,  5.42it/s][A

 67%|██████▋   | 400/600 [01:15<00:37,  5.33it/s][A

 67%|██████▋   | 401/600 [01:15<00:36,  5.41it/s][A

 67%|██████▋   | 402/600 [01:15<00:36,  5.46it/s][A

 67%|██████▋   | 403/600 [01:16<00:36,  5.40it/s][A

 67%|██████▋   | 404/600 [01:16<00:36,  5.34it/s][A

 68%|██████▊   | 405/600 [01:16<00:36,  5.33it/s][A

 68%|██████▊   | 406/600 [01:16<00:35,  5.42it/s][A

 68%|██████▊   | 407/600 [01:16<00:36,  5.35it/s][A

 68%|██████▊   | 408/600 [01:17<00:36,  5.28it/s][A

 68%|██████▊   | 409/600 [01:17<00:38,  4.93it/s][A

 68%|██████▊   | 410/600 [01:17<00:40,  4.72it/s][A

 68%|██████▊   | 411/600 [01:17<00:37,  4.98it/s][A

 69%|██████▊   | 412/600 [01:17<00:37,  5.03it/s][A

 69%|██████▉   | 413/600 [01:18<00:36,  5.09it/s][A

 69%|██████▉   | 414/600 [01:18<00:35,  5.27it/s][A

 69%|██████▉   | 415/600 [01:18<00:36,  5.09it/s][A

 69%|██████▉   | 416/600 [01:18<00:37,  4.92it/s][A

 70%|██████▉   | 417/600 [01:18<00:36,  4.97it/s][A

 70%|██████▉   | 418/600 [01:19<00:36,  4.99it/s][A

 70%|██████▉   | 419/600 [01:19<00:35,  5.08it/s][A

 70%|███████   | 420/600 [01:19<00:36,  4.91it/s][A

 70%|███████   | 421/600 [01:19<00:35,  4.97it/s][A

 70%|███████   | 422/600 [01:19<00:35,  5.06it/s][A

 70%|███████   | 423/600 [01:20<00:34,  5.10it/s][A

 71%|███████   | 424/600 [01:20<00:34,  5.09it/s][A

 71%|███████   | 425/600 [01:20<00:33,  5.16it/s][A

 71%|███████   | 426/600 [01:20<00:34,  5.01it/s][A

 71%|███████   | 427/600 [01:20<00:36,  4.75it/s][A

 71%|███████▏  | 428/600 [01:21<00:36,  4.78it/s][A

 72%|███████▏  | 429/600 [01:21<00:35,  4.88it/s][A

 72%|███████▏  | 430/600 [01:21<00:33,  5.07it/s][A

 72%|███████▏  | 431/600 [01:21<00:32,  5.12it/s][A

 72%|███████▏  | 432/600 [01:21<00:32,  5.15it/s][A

 72%|███████▏  | 433/600 [01:22<00:32,  5.15it/s][A

 72%|███████▏  | 434/600 [01:22<00:32,  5.19it/s][A

 72%|███████▎  | 435/600 [01:22<00:30,  5.37it/s][A

 73%|███████▎  | 436/600 [01:22<00:31,  5.19it/s][A

 73%|███████▎  | 437/600 [01:22<00:31,  5.25it/s][A

 73%|███████▎  | 438/600 [01:22<00:30,  5.35it/s][A

 73%|███████▎  | 439/600 [01:23<00:29,  5.44it/s][A

 73%|███████▎  | 440/600 [01:23<00:28,  5.52it/s][A

 74%|███████▎  | 441/600 [01:23<00:27,  5.70it/s][A

 74%|███████▎  | 442/600 [01:23<00:27,  5.77it/s][A

 74%|███████▍  | 443/600 [01:23<00:27,  5.64it/s][A

 74%|███████▍  | 444/600 [01:24<00:27,  5.65it/s][A

 74%|███████▍  | 445/600 [01:24<00:27,  5.69it/s][A

 74%|███████▍  | 446/600 [01:24<00:27,  5.66it/s][A

 74%|███████▍  | 447/600 [01:24<00:26,  5.88it/s][A

 75%|███████▍  | 448/600 [01:24<00:26,  5.75it/s][A

 75%|███████▍  | 449/600 [01:24<00:26,  5.67it/s][A

 75%|███████▌  | 450/600 [01:25<00:26,  5.58it/s][A

 75%|███████▌  | 451/600 [01:25<00:26,  5.57it/s][A

 75%|███████▌  | 452/600 [01:25<00:26,  5.58it/s][A

 76%|███████▌  | 453/600 [01:25<00:26,  5.49it/s][A

 76%|███████▌  | 454/600 [01:25<00:26,  5.54it/s][A

 76%|███████▌  | 455/600 [01:25<00:26,  5.50it/s][A

 76%|███████▌  | 456/600 [01:26<00:25,  5.68it/s][A

 76%|███████▌  | 457/600 [01:26<00:24,  5.80it/s][A

 76%|███████▋  | 458/600 [01:26<00:24,  5.77it/s][A

 76%|███████▋  | 459/600 [01:26<00:24,  5.77it/s][A

 77%|███████▋  | 460/600 [01:26<00:24,  5.71it/s][A

 77%|███████▋  | 461/600 [01:27<00:26,  5.28it/s][A

 77%|███████▋  | 462/600 [01:27<00:28,  4.92it/s][A

 77%|███████▋  | 463/600 [01:27<00:28,  4.79it/s][A

 77%|███████▋  | 464/600 [01:27<00:28,  4.74it/s][A

 78%|███████▊  | 465/600 [01:27<00:27,  4.98it/s][A

 78%|███████▊  | 466/600 [01:28<00:27,  4.94it/s][A

 78%|███████▊  | 467/600 [01:28<00:27,  4.92it/s][A

 78%|███████▊  | 468/600 [01:28<00:25,  5.08it/s][A

 78%|███████▊  | 469/600 [01:28<00:26,  5.04it/s][A

 78%|███████▊  | 470/600 [01:28<00:26,  4.93it/s][A

 78%|███████▊  | 471/600 [01:29<00:26,  4.79it/s][A

 79%|███████▊  | 472/600 [01:29<00:25,  4.95it/s][A

 79%|███████▉  | 473/600 [01:29<00:24,  5.10it/s][A

 79%|███████▉  | 474/600 [01:29<00:24,  5.11it/s][A

 79%|███████▉  | 475/600 [01:29<00:23,  5.23it/s][A

 79%|███████▉  | 476/600 [01:30<00:24,  5.16it/s][A

 80%|███████▉  | 477/600 [01:30<00:23,  5.15it/s][A

 80%|███████▉  | 478/600 [01:30<00:24,  4.93it/s][A

 80%|███████▉  | 479/600 [01:30<00:25,  4.72it/s][A

 80%|████████  | 480/600 [01:30<00:25,  4.71it/s][A

 80%|████████  | 481/600 [01:31<00:24,  4.81it/s][A

 80%|████████  | 482/600 [01:31<00:23,  5.10it/s][A

 80%|████████  | 483/600 [01:31<00:22,  5.29it/s][A

 81%|████████  | 484/600 [01:31<00:21,  5.28it/s][A

 81%|████████  | 485/600 [01:31<00:22,  5.10it/s][A

 81%|████████  | 486/600 [01:32<00:23,  4.85it/s][A

 81%|████████  | 487/600 [01:32<00:23,  4.90it/s][A

 81%|████████▏ | 488/600 [01:32<00:22,  4.96it/s][A

 82%|████████▏ | 489/600 [01:32<00:21,  5.18it/s][A

 82%|████████▏ | 490/600 [01:32<00:20,  5.25it/s][A

 82%|████████▏ | 491/600 [01:33<00:20,  5.41it/s][A

 82%|████████▏ | 492/600 [01:33<00:19,  5.45it/s][A

 82%|████████▏ | 493/600 [01:33<00:19,  5.58it/s][A

 82%|████████▏ | 494/600 [01:33<00:18,  5.61it/s][A

 82%|████████▎ | 495/600 [01:33<00:18,  5.66it/s][A

 83%|████████▎ | 496/600 [01:33<00:17,  5.91it/s][A

 83%|████████▎ | 497/600 [01:34<00:16,  6.07it/s][A

 83%|████████▎ | 498/600 [01:34<00:17,  5.94it/s][A

 83%|████████▎ | 499/600 [01:34<00:17,  5.85it/s][A

 83%|████████▎ | 500/600 [01:34<00:17,  5.85it/s][A

 84%|████████▎ | 501/600 [01:34<00:17,  5.66it/s][A

 84%|████████▎ | 502/600 [01:34<00:17,  5.54it/s][A

 84%|████████▍ | 503/600 [01:35<00:17,  5.56it/s][A

 84%|████████▍ | 504/600 [01:35<00:17,  5.52it/s][A

 84%|████████▍ | 505/600 [01:35<00:17,  5.49it/s][A

 84%|████████▍ | 506/600 [01:35<00:16,  5.58it/s][A

 84%|████████▍ | 507/600 [01:35<00:16,  5.59it/s][A

 85%|████████▍ | 508/600 [01:36<00:16,  5.59it/s][A

 85%|████████▍ | 509/600 [01:36<00:16,  5.68it/s][A

 85%|████████▌ | 510/600 [01:36<00:15,  5.68it/s][A

 85%|████████▌ | 511/600 [01:36<00:15,  5.61it/s][A

 85%|████████▌ | 512/600 [01:36<00:15,  5.60it/s][A

 86%|████████▌ | 513/600 [01:36<00:15,  5.73it/s][A

 86%|████████▌ | 514/600 [01:37<00:15,  5.70it/s][A

 86%|████████▌ | 515/600 [01:37<00:15,  5.60it/s][A

 86%|████████▌ | 516/600 [01:37<00:15,  5.58it/s][A

 86%|████████▌ | 517/600 [01:37<00:14,  5.59it/s][A

 86%|████████▋ | 518/600 [01:37<00:14,  5.51it/s][A

 86%|████████▋ | 519/600 [01:38<00:15,  5.28it/s][A

 87%|████████▋ | 520/600 [01:38<00:15,  5.14it/s][A

 87%|████████▋ | 521/600 [01:38<00:15,  5.21it/s][A

 87%|████████▋ | 522/600 [01:38<00:14,  5.24it/s][A

 87%|████████▋ | 523/600 [01:38<00:14,  5.20it/s][A

 87%|████████▋ | 524/600 [01:38<00:14,  5.29it/s][A

 88%|████████▊ | 525/600 [01:39<00:15,  4.98it/s][A

 88%|████████▊ | 526/600 [01:39<00:14,  5.12it/s][A

 88%|████████▊ | 527/600 [01:39<00:13,  5.25it/s][A

 88%|████████▊ | 528/600 [01:39<00:14,  5.04it/s][A

 88%|████████▊ | 529/600 [01:39<00:13,  5.19it/s][A

 88%|████████▊ | 530/600 [01:40<00:13,  5.16it/s][A

 88%|████████▊ | 531/600 [01:40<00:13,  5.27it/s][A

 89%|████████▊ | 532/600 [01:40<00:13,  5.20it/s][A

 89%|████████▉ | 533/600 [01:40<00:12,  5.21it/s][A

 89%|████████▉ | 534/600 [01:40<00:12,  5.30it/s][A

 89%|████████▉ | 535/600 [01:41<00:12,  5.37it/s][A

 89%|████████▉ | 536/600 [01:41<00:11,  5.35it/s][A

 90%|████████▉ | 537/600 [01:41<00:12,  5.12it/s][A

 90%|████████▉ | 538/600 [01:41<00:11,  5.29it/s][A

 90%|████████▉ | 539/600 [01:41<00:11,  5.37it/s][A

 90%|█████████ | 540/600 [01:42<00:11,  5.38it/s][A

 90%|█████████ | 541/600 [01:42<00:11,  5.20it/s][A

 90%|█████████ | 542/600 [01:42<00:11,  5.14it/s][A

 90%|█████████ | 543/600 [01:42<00:10,  5.22it/s][A

 91%|█████████ | 544/600 [01:42<00:10,  5.25it/s][A

 91%|█████████ | 545/600 [01:43<00:10,  5.34it/s][A

 91%|█████████ | 546/600 [01:43<00:10,  5.38it/s][A

 91%|█████████ | 547/600 [01:43<00:09,  5.35it/s][A

 91%|█████████▏| 548/600 [01:43<00:09,  5.41it/s][A

 92%|█████████▏| 549/600 [01:43<00:09,  5.42it/s][A

 92%|█████████▏| 550/600 [01:43<00:08,  5.60it/s][A

 92%|█████████▏| 551/600 [01:44<00:08,  5.73it/s][A

 92%|█████████▏| 552/600 [01:44<00:08,  5.71it/s][A

 92%|█████████▏| 553/600 [01:44<00:08,  5.56it/s][A

 92%|█████████▏| 554/600 [01:44<00:08,  5.53it/s][A

 92%|█████████▎| 555/600 [01:44<00:08,  5.60it/s][A

 93%|█████████▎| 556/600 [01:44<00:07,  5.55it/s][A

 93%|█████████▎| 557/600 [01:45<00:08,  5.30it/s][A

 93%|█████████▎| 558/600 [01:45<00:07,  5.45it/s][A

 93%|█████████▎| 559/600 [01:45<00:07,  5.48it/s][A

 93%|█████████▎| 560/600 [01:45<00:07,  5.56it/s][A

 94%|█████████▎| 561/600 [01:45<00:06,  5.67it/s][A

 94%|█████████▎| 562/600 [01:46<00:06,  5.62it/s][A

 94%|█████████▍| 563/600 [01:46<00:06,  5.58it/s][A

 94%|█████████▍| 564/600 [01:46<00:06,  5.62it/s][A

 94%|█████████▍| 565/600 [01:46<00:06,  5.62it/s][A

 94%|█████████▍| 566/600 [01:46<00:05,  5.71it/s][A

 94%|█████████▍| 567/600 [01:46<00:05,  5.62it/s][A

 95%|█████████▍| 568/600 [01:47<00:05,  5.68it/s][A

 95%|█████████▍| 569/600 [01:47<00:05,  5.63it/s][A

 95%|█████████▌| 570/600 [01:47<00:05,  5.63it/s][A

 95%|█████████▌| 571/600 [01:47<00:05,  5.58it/s][A

 95%|█████████▌| 572/600 [01:47<00:05,  5.47it/s][A

 96%|█████████▌| 573/600 [01:48<00:04,  5.46it/s][A

 96%|█████████▌| 574/600 [01:48<00:04,  5.48it/s][A

 96%|█████████▌| 575/600 [01:48<00:04,  5.60it/s][A

 96%|█████████▌| 576/600 [01:48<00:04,  5.69it/s][A

 96%|█████████▌| 577/600 [01:48<00:04,  5.57it/s][A

 96%|█████████▋| 578/600 [01:48<00:04,  5.42it/s][A

 96%|█████████▋| 579/600 [01:49<00:03,  5.27it/s][A

 97%|█████████▋| 580/600 [01:49<00:03,  5.00it/s][A

 97%|█████████▋| 581/600 [01:49<00:03,  5.02it/s][A

 97%|█████████▋| 582/600 [01:49<00:03,  5.12it/s][A

 97%|█████████▋| 583/600 [01:49<00:03,  5.01it/s][A

 97%|█████████▋| 584/600 [01:50<00:03,  5.06it/s][A

 98%|█████████▊| 585/600 [01:50<00:02,  5.25it/s][A

 98%|█████████▊| 586/600 [01:50<00:02,  5.38it/s][A

 98%|█████████▊| 587/600 [01:50<00:02,  5.26it/s][A

 98%|█████████▊| 588/600 [01:50<00:02,  5.29it/s][A

 98%|█████████▊| 589/600 [01:51<00:02,  5.08it/s][A

 98%|█████████▊| 590/600 [01:51<00:01,  5.13it/s][A

 98%|█████████▊| 591/600 [01:51<00:01,  4.99it/s][A

 99%|█████████▊| 592/600 [01:51<00:01,  4.86it/s][A

 99%|█████████▉| 593/600 [01:51<00:01,  4.60it/s][A

 99%|█████████▉| 594/600 [01:52<00:01,  4.83it/s][A

 99%|█████████▉| 595/600 [01:52<00:01,  4.85it/s][A

 99%|█████████▉| 596/600 [01:52<00:00,  5.13it/s][A

100%|█████████▉| 597/600 [01:52<00:00,  4.82it/s][A

100%|█████████▉| 598/600 [01:52<00:00,  4.91it/s][A

100%|█████████▉| 599/600 [01:53<00:00,  5.10it/s][A

100%|██████████| 600/600 [01:53<00:00,  4.92it/s][A
                                                      


                                                 
[A
 14%|█▎        | 600/4384 [1:08:56<7:43:15,  7.35s/it]

100%|██████████| 600/600 [01:53<00:00,  4.92it/s][A

                                                 [A
 14%|█▎        | 601/4384 [1:09:04<43:35:44, 41.49s/it]
 14%|█▎        | 602/4384 [1:09:10<32:27:33, 30.90s/it]
 14%|█▍        | 603/4384 [1:09:16<24:44:33, 23.56s/it]
 14%|█▍        | 604/4384 [1:09:23<19:28:52, 18.55s/it]
 14%|█▍        | 605/4384 [1:09:30<15:44:11, 14.99s/it]
 14%|█▍        | 606/4384 [1:09:36<12:59:52, 12.39s/it]
 14%|█▍        | 607/4384 [1:09:43<11:11:19, 10.66s/it]
 14%|█▍        | 608/4384 [1:09:50<9:57:57,  9.50s/it] 
 14%|█▍        | 609/4384 [1:09:56<9:04:23,  8.65s/it]
 14%|█▍        | 610/4384 [1:10:03<8:24:11,  8.02s/it]
 14%|█▍        | 611/4384 [1:10:09<7:53:33,  7.53s/it]
 14%|█▍        | 612/4384 [1:10:16<7:44:49,  7.39s/it]
 14%|█▍        | 613/4384 [1:10:23<7:37:50,  7.28s/it]
 14%|█▍        | 614/4384 [1:10:30<7:22:36,  7.04s/it]
 14%|█▍        | 615/4384 [1:10:37<7:23:19,  7.06s/it]
 14%|█▍        | 616/4384 [1:10:43<7:13:18,  6.90s/it]
 14%|█▍        | 617/4384 [1:10:50<7:11:25,  6.87s/it]
 14%|█▍        | 618/4384 [1:10:57<7:08:26,  6.83s/it]
 14%|█▍        | 619/4384 [1:11:03<7:00:50,  6.71s/it]
 14%|█▍        | 620/4384 [1:11:10<7:00:44,  6.71s/it]
                                                      

 14%|█▍        | 620/4384 [1:11:10<7:00:44,  6.71s/it]
 14%|█▍        | 621/4384 [1:11:17<7:00:04,  6.70s/it]
 14%|█▍        | 622/4384 [1:11:23<6:58:56,  6.68s/it]
 14%|█▍        | 623/4384 [1:11:30<6:52:38,  6.58s/it]
 14%|█▍        | 624/4384 [1:11:36<6:53:01,  6.59s/it]
 14%|█▍        | 625/4384 [1:11:43<6:46:43,  6.49s/it]
 14%|█▍        | 626/4384 [1:11:50<6:54:52,  6.62s/it]
 14%|█▍        | 627/4384 [1:11:56<6:58:19,  6.68s/it]
 14%|█▍        | 628/4384 [1:12:02<6:46:44,  6.50s/it]
 14%|█▍        | 629/4384 [1:12:09<6:44:50,  6.47s/it]
 14%|█▍        | 630/4384 [1:12:16<6:54:27,  6.62s/it]
 14%|█▍        | 631/4384 [1:12:22<6:48:57,  6.54s/it]
 14%|█▍        | 632/4384 [1:12:29<6:44:38,  6.47s/it]
 14%|█▍        | 633/4384 [1:12:35<6:49:17,  6.55s/it]
 14%|█▍        | 634/4384 [1:12:42<6:55:15,  6.64s/it]
 14%|█▍        | 635/4384 [1:12:48<6:46:44,  6.51s/it]
 15%|█▍        | 636/4384 [1:12:55<6:47:21,  6.52s/it]
 15%|█▍        | 637/4384 [1:13:01<6:46:51,  6.51s/it]
 15%|█▍        | 638/4384 [1:13:08<6:44:11,  6.47s/it]
 15%|█▍        | 639/4384 [1:13:14<6:43:22,  6.46s/it]
 15%|█▍        | 640/4384 [1:13:21<6:45:08,  6.49s/it]
                                                      

 15%|█▍        | 640/4384 [1:13:21<6:45:08,  6.49s/it]
 15%|█▍        | 641/4384 [1:13:27<6:44:23,  6.48s/it]
 15%|█▍        | 642/4384 [1:13:34<6:41:13,  6.43s/it]
 15%|█▍        | 643/4384 [1:13:40<6:42:57,  6.46s/it]
 15%|█▍        | 644/4384 [1:13:47<6:50:22,  6.58s/it]
 15%|█▍        | 645/4384 [1:13:54<6:59:45,  6.74s/it]
 15%|█▍        | 646/4384 [1:14:01<6:59:31,  6.73s/it]
 15%|█▍        | 647/4384 [1:14:08<7:13:14,  6.96s/it]
 15%|█▍        | 648/4384 [1:14:15<7:19:16,  7.05s/it]
 15%|█▍        | 649/4384 [1:14:22<7:17:53,  7.03s/it]
 15%|█▍        | 650/4384 [1:14:30<7:19:13,  7.06s/it]
 15%|█▍        | 651/4384 [1:14:36<7:16:17,  7.01s/it]
 15%|█▍        | 652/4384 [1:14:43<7:13:52,  6.98s/it]
 15%|█▍        | 653/4384 [1:14:50<7:12:09,  6.95s/it]
 15%|█▍        | 654/4384 [1:14:57<7:10:13,  6.92s/it]
 15%|█▍        | 655/4384 [1:15:04<7:14:09,  6.99s/it]
 15%|█▍        | 656/4384 [1:15:10<6:55:48,  6.69s/it]
 15%|█▍        | 657/4384 [1:15:16<6:41:16,  6.46s/it]
 15%|█▌        | 658/4384 [1:15:23<6:44:26,  6.51s/it]
 15%|█▌        | 659/4384 [1:15:29<6:43:43,  6.50s/it]
 15%|█▌        | 660/4384 [1:15:36<6:40:43,  6.46s/it]
                                                      

 15%|█▌        | 660/4384 [1:15:36<6:40:43,  6.46s/it]
 15%|█▌        | 661/4384 [1:15:42<6:38:42,  6.43s/it]
 15%|█▌        | 662/4384 [1:15:49<6:43:10,  6.50s/it]
 15%|█▌        | 663/4384 [1:15:55<6:37:02,  6.40s/it]
 15%|█▌        | 664/4384 [1:16:01<6:36:48,  6.40s/it]
 15%|█▌        | 665/4384 [1:16:07<6:32:18,  6.33s/it]
 15%|█▌        | 666/4384 [1:16:13<6:24:28,  6.20s/it]
 15%|█▌        | 667/4384 [1:16:20<6:34:34,  6.37s/it]
 15%|█▌        | 668/4384 [1:16:26<6:32:19,  6.33s/it]
 15%|█▌        | 669/4384 [1:16:33<6:35:05,  6.38s/it]
 15%|█▌        | 670/4384 [1:16:39<6:39:04,  6.45s/it]
 15%|█▌        | 671/4384 [1:16:46<6:49:03,  6.61s/it]
 15%|█▌        | 672/4384 [1:16:53<6:50:49,  6.64s/it]
 15%|█▌        | 673/4384 [1:17:01<7:05:09,  6.87s/it]
 15%|█▌        | 674/4384 [1:17:07<6:54:40,  6.71s/it]
 15%|█▌        | 675/4384 [1:17:13<6:45:24,  6.56s/it]
 15%|█▌        | 676/4384 [1:17:20<6:53:20,  6.69s/it]
 15%|█▌        | 677/4384 [1:17:27<6:52:11,  6.67s/it]
 15%|█▌        | 678/4384 [1:17:34<6:58:05,  6.77s/it]
 15%|█▌        | 679/4384 [1:17:41<6:59:31,  6.79s/it]
 16%|█▌        | 680/4384 [1:17:48<7:04:18,  6.87s/it]
                                                      

 16%|█▌        | 680/4384 [1:17:48<7:04:18,  6.87s/it]
 16%|█▌        | 681/4384 [1:17:54<6:58:51,  6.79s/it]
 16%|█▌        | 682/4384 [1:18:01<7:07:45,  6.93s/it]
 16%|█▌        | 683/4384 [1:18:09<7:10:41,  6.98s/it]
 16%|█▌        | 684/4384 [1:18:16<7:17:37,  7.10s/it]
 16%|█▌        | 685/4384 [1:18:23<7:09:51,  6.97s/it]
 16%|█▌        | 686/4384 [1:18:29<7:03:37,  6.87s/it]
 16%|█▌        | 687/4384 [1:18:36<7:07:52,  6.94s/it]
 16%|█▌        | 688/4384 [1:18:43<7:01:04,  6.84s/it]
 16%|█▌        | 689/4384 [1:18:50<7:02:52,  6.87s/it]
 16%|█▌        | 690/4384 [1:18:56<6:55:53,  6.76s/it]
 16%|█▌        | 691/4384 [1:19:03<6:58:10,  6.79s/it]
 16%|█▌        | 692/4384 [1:19:10<6:59:07,  6.81s/it]
 16%|█▌        | 693/4384 [1:19:17<7:01:48,  6.86s/it]
 16%|█▌        | 694/4384 [1:19:24<7:01:54,  6.86s/it]
 16%|█▌        | 695/4384 [1:19:31<7:04:24,  6.90s/it]
 16%|█▌        | 696/4384 [1:19:38<7:03:56,  6.90s/it]
 16%|█▌        | 697/4384 [1:19:45<7:00:38,  6.85s/it]
 16%|█▌        | 698/4384 [1:19:52<7:11:50,  7.03s/it]
 16%|█▌        | 699/4384 [1:19:59<7:05:17,  6.92s/it]
 16%|█▌        | 700/4384 [1:20:05<6:59:38,  6.83s/it]
                                                      

 16%|█▌        | 700/4384 [1:20:05<6:59:38,  6.83s/it]
 16%|█▌        | 701/4384 [1:20:12<7:05:29,  6.93s/it]
 16%|█▌        | 702/4384 [1:20:19<6:57:42,  6.81s/it]
 16%|█▌        | 703/4384 [1:20:26<6:52:41,  6.73s/it]
 16%|█▌        | 704/4384 [1:20:32<6:48:37,  6.66s/it]
 16%|█▌        | 705/4384 [1:20:38<6:42:45,  6.57s/it]
 16%|█▌        | 706/4384 [1:20:45<6:38:10,  6.50s/it]
 16%|█▌        | 707/4384 [1:20:51<6:40:44,  6.54s/it]
 16%|█▌        | 708/4384 [1:20:58<6:41:14,  6.55s/it]
 16%|█▌        | 709/4384 [1:21:05<6:46:04,  6.63s/it]
 16%|█▌        | 710/4384 [1:21:11<6:47:49,  6.66s/it]
 16%|█▌        | 711/4384 [1:21:18<6:50:09,  6.70s/it]
 16%|█▌        | 712/4384 [1:21:25<6:57:24,  6.82s/it]
 16%|█▋        | 713/4384 [1:21:31<6:43:12,  6.59s/it]
 16%|█▋        | 714/4384 [1:21:38<6:47:31,  6.66s/it]
 16%|█▋        | 715/4384 [1:21:45<6:49:05,  6.69s/it]
 16%|█▋        | 716/4384 [1:21:52<6:49:37,  6.70s/it]
 16%|█▋        | 717/4384 [1:21:58<6:46:01,  6.64s/it]
 16%|█▋        | 718/4384 [1:22:05<6:49:50,  6.71s/it]
 16%|█▋        | 719/4384 [1:22:12<6:50:34,  6.72s/it]
 16%|█▋        | 720/4384 [1:22:18<6:48:57,  6.70s/it]
                                                      

 16%|█▋        | 720/4384 [1:22:18<6:48:57,  6.70s/it]
 16%|█▋        | 721/4384 [1:22:25<6:46:28,  6.66s/it]
 16%|█▋        | 722/4384 [1:22:31<6:41:36,  6.58s/it]
 16%|█▋        | 723/4384 [1:22:38<6:45:44,  6.65s/it]
 17%|█▋        | 724/4384 [1:22:45<6:46:39,  6.67s/it]
 17%|█▋        | 725/4384 [1:22:51<6:38:27,  6.53s/it]
 17%|█▋        | 726/4384 [1:22:58<6:35:08,  6.48s/it]
 17%|█▋        | 727/4384 [1:23:04<6:40:27,  6.57s/it]
 17%|█▋        | 728/4384 [1:23:11<6:33:44,  6.46s/it]
 17%|█▋        | 729/4384 [1:23:17<6:35:55,  6.50s/it]D:\Workspace\AI_training\LinguaForge-Qwen3.5-0.8B-zhTW-en-ja\.venv\Lib\site-packages\triton\language\core.py:2284: UserWarning: tl.make_block_ptr is deprecated. Use TensorDescriptor or tl.make_tensor_descriptor instead.
  warn("tl.make_block_ptr is deprecated. Use TensorDescriptor or tl.make_tensor_descriptor instead.")

 17%|█▋        | 730/4384 [1:23:27<7:38:23,  7.53s/it]
 17%|█▋        | 731/4384 [1:23:34<7:27:11,  7.35s/it]
 17%|█▋        | 732/4384 [1:23:41<7:19:07,  7.21s/it]
 17%|█▋        | 733/4384 [1:23:47<7:06:35,  7.01s/it]
 17%|█▋        | 734/4384 [1:23:54<7:06:26,  7.01s/it]
 17%|█▋        | 735/4384 [1:24:01<7:00:51,  6.92s/it]
 17%|█▋        | 736/4384 [1:24:08<7:00:48,  6.92s/it]
 17%|█▋        | 737/4384 [1:24:15<7:07:35,  7.03s/it]
 17%|█▋        | 738/4384 [1:24:22<6:59:16,  6.90s/it]
 17%|█▋        | 739/4384 [1:24:29<6:58:54,  6.90s/it]
 17%|█▋        | 740/4384 [1:24:36<7:03:35,  6.97s/it]
                                                      

 17%|█▋        | 740/4384 [1:24:36<7:03:35,  6.97s/it]
 17%|█▋        | 741/4384 [1:24:43<6:57:41,  6.88s/it]
 17%|█▋        | 742/4384 [1:24:49<6:46:30,  6.70s/it]
 17%|█▋        | 743/4384 [1:24:56<6:48:25,  6.73s/it]
 17%|█▋        | 744/4384 [1:25:02<6:45:15,  6.68s/it]
 17%|█▋        | 745/4384 [1:25:09<6:41:03,  6.61s/it]
 17%|█▋        | 746/4384 [1:25:15<6:40:36,  6.61s/it]
 17%|█▋        | 747/4384 [1:25:21<6:31:30,  6.46s/it]
 17%|█▋        | 748/4384 [1:25:29<6:46:12,  6.70s/it]
 17%|█▋        | 749/4384 [1:25:36<6:48:38,  6.75s/it]
 17%|█▋        | 750/4384 [1:25:42<6:41:03,  6.62s/it]
 17%|█▋        | 751/4384 [1:25:49<6:44:03,  6.67s/it]
 17%|█▋        | 752/4384 [1:25:55<6:45:17,  6.70s/it]
 17%|█▋        | 753/4384 [1:26:02<6:47:00,  6.73s/it]
 17%|█▋        | 754/4384 [1:26:09<6:48:24,  6.75s/it]
 17%|█▋        | 755/4384 [1:26:16<6:48:09,  6.75s/it]
 17%|█▋        | 756/4384 [1:26:22<6:46:38,  6.72s/it]
 17%|█▋        | 757/4384 [1:26:29<6:44:56,  6.70s/it]
 17%|█▋        | 758/4384 [1:26:36<6:47:34,  6.74s/it]
 17%|█▋        | 759/4384 [1:26:43<6:54:02,  6.85s/it]
 17%|█▋        | 760/4384 [1:26:50<6:53:47,  6.85s/it]
                                                      

 17%|█▋        | 760/4384 [1:26:50<6:53:47,  6.85s/it]
 17%|█▋        | 761/4384 [1:26:56<6:48:49,  6.77s/it]
 17%|█▋        | 762/4384 [1:27:03<6:47:52,  6.76s/it]
 17%|█▋        | 763/4384 [1:27:10<6:50:05,  6.80s/it]
 17%|█▋        | 764/4384 [1:27:17<6:44:21,  6.70s/it]
 17%|█▋        | 765/4384 [1:27:23<6:46:39,  6.74s/it]
 17%|█▋        | 766/4384 [1:27:30<6:47:08,  6.75s/it]
 17%|█▋        | 767/4384 [1:27:36<6:31:27,  6.49s/it]
 18%|█▊        | 768/4384 [1:27:43<6:34:19,  6.54s/it]
 18%|█▊        | 769/4384 [1:27:49<6:36:14,  6.58s/it]
 18%|█▊        | 770/4384 [1:27:56<6:34:15,  6.55s/it]
 18%|█▊        | 771/4384 [1:28:03<6:36:47,  6.59s/it]
 18%|█▊        | 772/4384 [1:28:09<6:32:46,  6.52s/it]
 18%|█▊        | 773/4384 [1:28:15<6:32:22,  6.52s/it]
 18%|█▊        | 774/4384 [1:28:22<6:34:54,  6.56s/it]
 18%|█▊        | 775/4384 [1:28:28<6:30:37,  6.49s/it]
 18%|█▊        | 776/4384 [1:28:35<6:23:39,  6.38s/it]
 18%|█▊        | 777/4384 [1:28:41<6:31:04,  6.51s/it]
 18%|█▊        | 778/4384 [1:28:48<6:36:47,  6.60s/it]
 18%|█▊        | 779/4384 [1:28:55<6:34:04,  6.56s/it]
 18%|█▊        | 780/4384 [1:29:01<6:39:10,  6.65s/it]
                                                      

 18%|█▊        | 780/4384 [1:29:01<6:39:10,  6.65s/it]
 18%|█▊        | 781/4384 [1:29:08<6:37:48,  6.62s/it]
 18%|█▊        | 782/4384 [1:29:17<7:23:28,  7.39s/it]
 18%|█▊        | 783/4384 [1:29:24<7:11:24,  7.19s/it]
 18%|█▊        | 784/4384 [1:29:30<6:55:36,  6.93s/it]
 18%|█▊        | 785/4384 [1:29:37<6:49:22,  6.82s/it]
 18%|█▊        | 786/4384 [1:29:44<6:46:12,  6.77s/it]
 18%|█▊        | 787/4384 [1:29:50<6:44:53,  6.75s/it]
 18%|█▊        | 788/4384 [1:29:58<6:55:53,  6.94s/it]
 18%|█▊        | 789/4384 [1:30:05<6:55:23,  6.93s/it]
 18%|█▊        | 790/4384 [1:30:11<6:54:56,  6.93s/it]
 18%|█▊        | 791/4384 [1:30:19<6:59:59,  7.01s/it]
 18%|█▊        | 792/4384 [1:30:25<6:46:57,  6.80s/it]
 18%|█▊        | 793/4384 [1:30:31<6:38:04,  6.65s/it]
 18%|█▊        | 794/4384 [1:30:38<6:35:55,  6.62s/it]
 18%|█▊        | 795/4384 [1:30:44<6:35:43,  6.62s/it]
 18%|█▊        | 796/4384 [1:30:51<6:32:50,  6.57s/it]
 18%|█▊        | 797/4384 [1:30:58<6:37:42,  6.65s/it]
 18%|█▊        | 798/4384 [1:31:04<6:37:18,  6.65s/it]
 18%|█▊        | 799/4384 [1:31:11<6:31:51,  6.56s/it]
 18%|█▊        | 800/4384 [1:31:18<6:38:11,  6.67s/it]
                                                      

 18%|█▊        | 800/4384 [1:31:18<6:38:11,  6.67s/it]
 18%|█▊        | 801/4384 [1:31:25<6:43:24,  6.76s/it]
 18%|█▊        | 802/4384 [1:31:32<6:49:41,  6.86s/it]
 18%|█▊        | 803/4384 [1:31:38<6:45:25,  6.79s/it]
 18%|█▊        | 804/4384 [1:31:45<6:39:13,  6.69s/it]
 18%|█▊        | 805/4384 [1:31:52<6:41:52,  6.74s/it]
 18%|█▊        | 806/4384 [1:31:58<6:41:34,  6.73s/it]
 18%|█▊        | 807/4384 [1:32:05<6:45:12,  6.80s/it]
 18%|█▊        | 808/4384 [1:32:12<6:48:13,  6.85s/it]
 18%|█▊        | 809/4384 [1:32:19<6:49:46,  6.88s/it]
 18%|█▊        | 810/4384 [1:32:26<6:50:43,  6.90s/it]
 18%|█▊        | 811/4384 [1:32:33<6:52:40,  6.93s/it]
 19%|█▊        | 812/4384 [1:32:40<6:46:38,  6.83s/it]
 19%|█▊        | 813/4384 [1:32:46<6:37:30,  6.68s/it]
 19%|█▊        | 814/4384 [1:32:53<6:39:51,  6.72s/it]
 19%|█▊        | 815/4384 [1:32:59<6:36:31,  6.67s/it]
 19%|█▊        | 816/4384 [1:33:06<6:43:39,  6.79s/it]
 19%|█▊        | 817/4384 [1:33:14<6:50:39,  6.91s/it]
 19%|█▊        | 818/4384 [1:33:21<6:51:43,  6.93s/it]
 19%|█▊        | 819/4384 [1:33:28<6:54:07,  6.97s/it]
 19%|█▊        | 820/4384 [1:33:35<6:59:21,  7.06s/it]
                                                      

 19%|█▊        | 820/4384 [1:33:35<6:59:21,  7.06s/it]
 19%|█▊        | 821/4384 [1:33:42<6:51:49,  6.93s/it]
 19%|█▉        | 822/4384 [1:33:49<6:55:09,  6.99s/it]
 19%|█▉        | 823/4384 [1:33:56<6:58:16,  7.05s/it]
 19%|█▉        | 824/4384 [1:34:03<6:51:02,  6.93s/it]
 19%|█▉        | 825/4384 [1:34:09<6:49:29,  6.90s/it]
 19%|█▉        | 826/4384 [1:34:16<6:48:26,  6.89s/it]
 19%|█▉        | 827/4384 [1:34:23<6:46:27,  6.86s/it]
 19%|█▉        | 828/4384 [1:34:30<6:51:24,  6.94s/it]
 19%|█▉        | 829/4384 [1:34:37<6:46:55,  6.87s/it]
 19%|█▉        | 830/4384 [1:34:45<6:59:48,  7.09s/it]
 19%|█▉        | 831/4384 [1:34:52<7:02:39,  7.14s/it]
 19%|█▉        | 832/4384 [1:34:59<7:11:11,  7.28s/it]
 19%|█▉        | 833/4384 [1:35:06<6:54:17,  7.00s/it]
 19%|█▉        | 834/4384 [1:35:12<6:43:09,  6.81s/it]
 19%|█▉        | 835/4384 [1:35:19<6:44:40,  6.84s/it]
 19%|█▉        | 836/4384 [1:35:26<6:44:06,  6.83s/it]
 19%|█▉        | 837/4384 [1:35:32<6:38:10,  6.74s/it]
 19%|█▉        | 838/4384 [1:35:39<6:42:28,  6.81s/it]
 19%|█▉        | 839/4384 [1:35:45<6:31:04,  6.62s/it]
 19%|█▉        | 840/4384 [1:35:52<6:25:03,  6.52s/it]
                                                      

 19%|█▉        | 840/4384 [1:35:52<6:25:03,  6.52s/it]
 19%|█▉        | 841/4384 [1:35:59<6:31:52,  6.64s/it]
 19%|█▉        | 842/4384 [1:36:05<6:26:53,  6.55s/it]
 19%|█▉        | 843/4384 [1:36:11<6:22:58,  6.49s/it]
 19%|█▉        | 844/4384 [1:36:18<6:23:36,  6.50s/it]
 19%|█▉        | 845/4384 [1:36:24<6:24:05,  6.51s/it]
 19%|█▉        | 846/4384 [1:36:30<6:15:29,  6.37s/it]
 19%|█▉        | 847/4384 [1:36:37<6:17:29,  6.40s/it]
 19%|█▉        | 848/4384 [1:36:43<6:19:10,  6.43s/it]
 19%|█▉        | 849/4384 [1:36:50<6:17:17,  6.40s/it]
 19%|█▉        | 850/4384 [1:36:56<6:20:50,  6.47s/it]
 19%|█▉        | 851/4384 [1:37:02<6:11:11,  6.30s/it]
 19%|█▉        | 852/4384 [1:37:09<6:10:55,  6.30s/it]
 19%|█▉        | 853/4384 [1:37:15<6:18:14,  6.43s/it]
 19%|█▉        | 854/4384 [1:37:22<6:19:49,  6.46s/it]
 20%|█▉        | 855/4384 [1:37:29<6:29:28,  6.62s/it]
 20%|█▉        | 856/4384 [1:37:36<6:36:27,  6.74s/it]
 20%|█▉        | 857/4384 [1:37:42<6:30:40,  6.65s/it]
 20%|█▉        | 858/4384 [1:37:49<6:25:44,  6.56s/it]
 20%|█▉        | 859/4384 [1:37:56<6:32:25,  6.68s/it]
 20%|█▉        | 860/4384 [1:38:02<6:22:26,  6.51s/it]
                                                      

 20%|█▉        | 860/4384 [1:38:02<6:22:26,  6.51s/it]
 20%|█▉        | 861/4384 [1:38:08<6:17:41,  6.43s/it]
 20%|█▉        | 862/4384 [1:38:15<6:30:06,  6.65s/it]
 20%|█▉        | 863/4384 [1:38:22<6:33:47,  6.71s/it]
 20%|█▉        | 864/4384 [1:38:29<6:37:22,  6.77s/it]
 20%|█▉        | 865/4384 [1:38:36<6:40:28,  6.83s/it]
 20%|█▉        | 866/4384 [1:38:43<6:36:45,  6.77s/it]
 20%|█▉        | 867/4384 [1:38:49<6:35:20,  6.74s/it]
 20%|█▉        | 868/4384 [1:38:56<6:34:51,  6.74s/it]
 20%|█▉        | 869/4384 [1:39:02<6:26:40,  6.60s/it]
 20%|█▉        | 870/4384 [1:39:10<6:38:54,  6.81s/it]
 20%|█▉        | 871/4384 [1:39:17<6:43:25,  6.89s/it]
 20%|█▉        | 872/4384 [1:39:23<6:37:46,  6.80s/it]
 20%|█▉        | 873/4384 [1:39:30<6:41:46,  6.87s/it]
 20%|█▉        | 874/4384 [1:39:37<6:39:21,  6.83s/it]
 20%|█▉        | 875/4384 [1:39:44<6:42:40,  6.89s/it]
 20%|█▉        | 876/4384 [1:39:51<6:43:26,  6.90s/it]
 20%|██        | 877/4384 [1:39:58<6:42:17,  6.88s/it]
 20%|██        | 878/4384 [1:40:04<6:31:56,  6.71s/it]
 20%|██        | 879/4384 [1:40:11<6:28:32,  6.65s/it]
 20%|██        | 880/4384 [1:40:18<6:34:26,  6.75s/it]
                                                      

 20%|██        | 880/4384 [1:40:18<6:34:26,  6.75s/it]
 20%|██        | 881/4384 [1:40:24<6:35:48,  6.78s/it]
 20%|██        | 882/4384 [1:40:31<6:26:34,  6.62s/it]
 20%|██        | 883/4384 [1:40:37<6:23:31,  6.57s/it]
 20%|██        | 884/4384 [1:40:44<6:29:04,  6.67s/it]
 20%|██        | 885/4384 [1:40:51<6:29:50,  6.68s/it]
 20%|██        | 886/4384 [1:40:57<6:31:06,  6.71s/it]
 20%|██        | 887/4384 [1:41:05<6:40:49,  6.88s/it]
 20%|██        | 888/4384 [1:41:12<6:44:08,  6.94s/it]
 20%|██        | 889/4384 [1:41:18<6:38:55,  6.85s/it]
 20%|██        | 890/4384 [1:41:25<6:37:22,  6.82s/it]
 20%|██        | 891/4384 [1:41:32<6:41:30,  6.90s/it]
 20%|██        | 892/4384 [1:41:39<6:38:46,  6.85s/it]
 20%|██        | 893/4384 [1:41:46<6:43:58,  6.94s/it]
 20%|██        | 894/4384 [1:41:52<6:31:30,  6.73s/it]
 20%|██        | 895/4384 [1:41:59<6:26:00,  6.64s/it]
 20%|██        | 896/4384 [1:42:05<6:24:07,  6.61s/it]
 20%|██        | 897/4384 [1:42:12<6:20:01,  6.54s/it]
 20%|██        | 898/4384 [1:42:18<6:14:52,  6.45s/it]
 21%|██        | 899/4384 [1:42:25<6:18:51,  6.52s/it]
 21%|██        | 900/4384 [1:42:31<6:12:59,  6.42s/it]
                                                      

 21%|██        | 900/4384 [1:42:31<6:12:59,  6.42s/it]
{'eval_loss': '2.035', 'eval_runtime': '113.6', 'eval_samples_per_second': '10.57', 'eval_steps_per_second': '5.283', 'eval_entropy': '2.154', 'eval_num_tokens': '6.119e+06', 'eval_mean_token_accuracy': '0.5793', 'epoch': '0.2738'}
{'loss': '1.987', 'grad_norm': '1.584', 'learning_rate': '9.68e-05', 'entropy': '2.048', 'num_tokens': '6.321e+06', 'mean_token_accuracy': '0.5734', 'epoch': '0.2829'}
{'loss': '1.983', 'grad_norm': '1.441', 'learning_rate': '9.653e-05', 'entropy': '2.053', 'num_tokens': '6.527e+06', 'mean_token_accuracy': '0.5736', 'epoch': '0.2921'}
{'loss': '1.983', 'grad_norm': '1.389', 'learning_rate': '9.626e-05', 'entropy': '2.037', 'num_tokens': '6.734e+06', 'mean_token_accuracy': '0.5766', 'epoch': '0.3012'}
{'loss': '1.959', 'grad_norm': '1.482', 'learning_rate': '9.597e-05', 'entropy': '2.025', 'num_tokens': '6.937e+06', 'mean_token_accuracy': '0.5777', 'epoch': '0.3103'}
{'loss': '1.971', 'grad_norm': '1.509', 'learning_rate': '9.568e-05', 'entropy': '2.042', 'num_tokens': '7.139e+06', 'mean_token_accuracy': '0.5757', 'epoch': '0.3194'}
{'loss': '1.977', 'grad_norm': '1.539', 'learning_rate': '9.537e-05', 'entropy': '2.035', 'num_tokens': '7.343e+06', 'mean_token_accuracy': '0.5766', 'epoch': '0.3286'}
{'loss': '1.913', 'grad_norm': '1.522', 'learning_rate': '9.506e-05', 'entropy': '1.978', 'num_tokens': '7.548e+06', 'mean_token_accuracy': '0.5862', 'epoch': '0.3377'}
{'loss': '1.902', 'grad_norm': '1.419', 'learning_rate': '9.473e-05', 'entropy': '1.957', 'num_tokens': '7.753e+06', 'mean_token_accuracy': '0.5906', 'epoch': '0.3468'}
{'loss': '2.056', 'grad_norm': '1.482', 'learning_rate': '9.439e-05', 'entropy': '2.11', 'num_tokens': '7.954e+06', 'mean_token_accuracy': '0.562', 'epoch': '0.3559'}
{'loss': '2.014', 'grad_norm': '1.361', 'learning_rate': '9.405e-05', 'entropy': '2.076', 'num_tokens': '8.16e+06', 'mean_token_accuracy': '0.5707', 'epoch': '0.3651'}
{'loss': '1.968', 'grad_norm': '1.421', 'learning_rate': '9.37e-05', 'entropy': '2.033', 'num_tokens': '8.364e+06', 'mean_token_accuracy': '0.5776', 'epoch': '0.3742'}
{'loss': '1.922', 'grad_norm': '1.378', 'learning_rate': '9.333e-05', 'entropy': '1.975', 'num_tokens': '8.57e+06', 'mean_token_accuracy': '0.583', 'epoch': '0.3833'}
{'loss': '1.937', 'grad_norm': '1.488', 'learning_rate': '9.296e-05', 'entropy': '1.998', 'num_tokens': '8.771e+06', 'mean_token_accuracy': '0.5816', 'epoch': '0.3924'}
{'loss': '1.998', 'grad_norm': '1.293', 'learning_rate': '9.258e-05', 'entropy': '2.058', 'num_tokens': '8.978e+06', 'mean_token_accuracy': '0.5717', 'epoch': '0.4016'}
{'loss': '1.948', 'grad_norm': '1.508', 'learning_rate': '9.218e-05', 'entropy': '2.008', 'num_tokens': '9.185e+06', 'mean_token_accuracy': '0.5775', 'epoch': '0.4107'}

  0%|          | 0/600 [00:00<?, ?it/s][A

  0%|          | 2/600 [00:00<00:59,  9.98it/s][A

  0%|          | 3/600 [00:00<01:22,  7.28it/s][A

  1%|          | 4/600 [00:00<01:38,  6.06it/s][A

  1%|          | 5/600 [00:00<01:44,  5.67it/s][A

  1%|          | 6/600 [00:01<01:54,  5.17it/s][A

  1%|          | 7/600 [00:01<01:54,  5.16it/s][A

  1%|▏         | 8/600 [00:01<01:57,  5.06it/s][A

  2%|▏         | 9/600 [00:01<01:53,  5.20it/s][A

  2%|▏         | 10/600 [00:01<01:53,  5.21it/s][A

  2%|▏         | 11/600 [00:01<01:50,  5.31it/s][A

  2%|▏         | 12/600 [00:02<01:58,  4.96it/s][A

  2%|▏         | 13/600 [00:02<01:53,  5.15it/s][A

  2%|▏         | 14/600 [00:02<01:50,  5.30it/s][A

  2%|▎         | 15/600 [00:02<01:44,  5.58it/s][A

  3%|▎         | 16/600 [00:02<01:42,  5.68it/s][A

  3%|▎         | 17/600 [00:03<01:40,  5.80it/s][A

  3%|▎         | 18/600 [00:03<01:44,  5.57it/s][A

  3%|▎         | 19/600 [00:03<01:44,  5.57it/s][A

  3%|▎         | 20/600 [00:03<01:41,  5.69it/s][A

  4%|▎         | 21/600 [00:03<01:40,  5.74it/s][A

  4%|▎         | 22/600 [00:03<01:41,  5.71it/s][A

  4%|▍         | 23/600 [00:04<01:39,  5.82it/s][A

  4%|▍         | 24/600 [00:04<01:37,  5.88it/s][A

  4%|▍         | 25/600 [00:04<01:36,  5.93it/s][A

  4%|▍         | 26/600 [00:04<01:37,  5.87it/s][A

  4%|▍         | 27/600 [00:04<01:38,  5.81it/s][A

  5%|▍         | 28/600 [00:04<01:40,  5.71it/s][A

  5%|▍         | 29/600 [00:05<01:42,  5.58it/s][A

  5%|▌         | 30/600 [00:05<01:40,  5.66it/s][A

  5%|▌         | 31/600 [00:05<01:38,  5.80it/s][A

  5%|▌         | 32/600 [00:05<01:35,  5.93it/s][A

  6%|▌         | 33/600 [00:05<01:34,  6.01it/s][A

  6%|▌         | 34/600 [00:05<01:34,  5.99it/s][A

  6%|▌         | 35/600 [00:06<01:35,  5.89it/s][A

  6%|▌         | 36/600 [00:06<01:35,  5.91it/s][A

  6%|▌         | 37/600 [00:06<01:36,  5.85it/s][A

  6%|▋         | 38/600 [00:06<01:37,  5.79it/s][A

  6%|▋         | 39/600 [00:06<01:35,  5.86it/s][A

  7%|▋         | 40/600 [00:07<01:35,  5.85it/s][A

  7%|▋         | 41/600 [00:07<01:35,  5.88it/s][A

  7%|▋         | 42/600 [00:07<01:34,  5.91it/s][A

  7%|▋         | 43/600 [00:07<01:36,  5.78it/s][A

  7%|▋         | 44/600 [00:07<01:38,  5.66it/s][A

  8%|▊         | 45/600 [00:07<01:38,  5.62it/s][A

  8%|▊         | 46/600 [00:08<01:41,  5.48it/s][A

  8%|▊         | 47/600 [00:08<01:38,  5.60it/s][A

  8%|▊         | 48/600 [00:08<01:38,  5.60it/s][A

  8%|▊         | 49/600 [00:08<01:37,  5.63it/s][A

  8%|▊         | 50/600 [00:08<01:38,  5.59it/s][A

  8%|▊         | 51/600 [00:09<01:43,  5.33it/s][A

  9%|▊         | 52/600 [00:09<01:42,  5.35it/s][A

  9%|▉         | 53/600 [00:09<01:43,  5.28it/s][A

  9%|▉         | 54/600 [00:09<01:46,  5.10it/s][A

  9%|▉         | 55/600 [00:09<01:43,  5.27it/s][A

  9%|▉         | 56/600 [00:09<01:41,  5.35it/s][A

 10%|▉         | 57/600 [00:10<01:38,  5.50it/s][A

 10%|▉         | 58/600 [00:10<01:39,  5.45it/s][A

 10%|▉         | 59/600 [00:10<01:39,  5.43it/s][A

 10%|█         | 60/600 [00:10<01:41,  5.32it/s][A

 10%|█         | 61/600 [00:10<01:44,  5.17it/s][A

 10%|█         | 62/600 [00:11<01:46,  5.04it/s][A

 10%|█         | 63/600 [00:11<01:47,  5.01it/s][A

 11%|█         | 64/600 [00:11<01:45,  5.07it/s][A

 11%|█         | 65/600 [00:11<01:42,  5.20it/s][A

 11%|█         | 66/600 [00:11<01:45,  5.06it/s][A

 11%|█         | 67/600 [00:12<01:40,  5.28it/s][A

 11%|█▏        | 68/600 [00:12<01:41,  5.26it/s][A

 12%|█▏        | 69/600 [00:12<01:41,  5.26it/s][A

 12%|█▏        | 70/600 [00:12<01:44,  5.05it/s][A

 12%|█▏        | 71/600 [00:12<01:44,  5.04it/s][A

 12%|█▏        | 72/600 [00:13<01:41,  5.21it/s][A

 12%|█▏        | 73/600 [00:13<01:39,  5.31it/s][A

 12%|█▏        | 74/600 [00:13<01:34,  5.54it/s][A

 12%|█▎        | 75/600 [00:13<01:31,  5.73it/s][A

 13%|█▎        | 76/600 [00:13<01:33,  5.59it/s][A

 13%|█▎        | 77/600 [00:13<01:34,  5.52it/s][A

 13%|█▎        | 78/600 [00:14<01:40,  5.21it/s][A

 13%|█▎        | 79/600 [00:14<01:39,  5.24it/s][A

 13%|█▎        | 80/600 [00:14<01:40,  5.18it/s][A

 14%|█▎        | 81/600 [00:14<01:37,  5.30it/s][A

 14%|█▎        | 82/600 [00:14<01:35,  5.42it/s][A

 14%|█▍        | 83/600 [00:15<01:34,  5.48it/s][A

 14%|█▍        | 84/600 [00:15<01:32,  5.57it/s][A

 14%|█▍        | 85/600 [00:15<01:33,  5.52it/s][A

 14%|█▍        | 86/600 [00:15<01:34,  5.42it/s][A

 14%|█▍        | 87/600 [00:15<01:36,  5.32it/s][A

 15%|█▍        | 88/600 [00:15<01:34,  5.43it/s][A

 15%|█▍        | 89/600 [00:16<01:36,  5.31it/s][A

 15%|█▌        | 90/600 [00:16<01:39,  5.15it/s][A

 15%|█▌        | 91/600 [00:16<01:40,  5.09it/s][A

 15%|█▌        | 92/600 [00:16<01:42,  4.98it/s][A

 16%|█▌        | 93/600 [00:16<01:42,  4.94it/s][A

 16%|█▌        | 94/600 [00:17<01:43,  4.91it/s][A

 16%|█▌        | 95/600 [00:17<01:42,  4.95it/s][A

 16%|█▌        | 96/600 [00:17<01:38,  5.11it/s][A

 16%|█▌        | 97/600 [00:17<01:37,  5.17it/s][A

 16%|█▋        | 98/600 [00:17<01:37,  5.13it/s][A

 16%|█▋        | 99/600 [00:18<01:40,  5.00it/s][A

 17%|█▋        | 100/600 [00:18<01:41,  4.91it/s][A

 17%|█▋        | 101/600 [00:18<01:42,  4.87it/s][A

 17%|█▋        | 102/600 [00:18<01:43,  4.83it/s][A

 17%|█▋        | 103/600 [00:19<01:40,  4.96it/s][A

 17%|█▋        | 104/600 [00:19<01:38,  5.02it/s][A

 18%|█▊        | 105/600 [00:19<01:36,  5.12it/s][A

 18%|█▊        | 106/600 [00:19<01:35,  5.16it/s][A

 18%|█▊        | 107/600 [00:19<01:37,  5.04it/s][A

 18%|█▊        | 108/600 [00:20<01:42,  4.78it/s][A

 18%|█▊        | 109/600 [00:20<01:44,  4.71it/s][A

 18%|█▊        | 110/600 [00:20<01:44,  4.69it/s][A

 18%|█▊        | 111/600 [00:20<01:43,  4.70it/s][A

 19%|█▊        | 112/600 [00:20<01:38,  4.94it/s][A

 19%|█▉        | 113/600 [00:21<01:38,  4.94it/s][A

 19%|█▉        | 114/600 [00:21<01:36,  5.01it/s][A

 19%|█▉        | 115/600 [00:21<01:34,  5.13it/s][A

 19%|█▉        | 116/600 [00:21<01:34,  5.14it/s][A

 20%|█▉        | 117/600 [00:21<01:37,  4.93it/s][A

 20%|█▉        | 118/600 [00:22<01:35,  5.05it/s][A

 20%|█▉        | 119/600 [00:22<01:34,  5.08it/s][A

 20%|██        | 120/600 [00:22<01:35,  5.02it/s][A

 20%|██        | 121/600 [00:22<01:35,  5.03it/s][A

 20%|██        | 122/600 [00:22<01:39,  4.82it/s][A

 20%|██        | 123/600 [00:23<01:38,  4.84it/s][A

 21%|██        | 124/600 [00:23<01:41,  4.69it/s][A

 21%|██        | 125/600 [00:23<01:36,  4.93it/s][A

 21%|██        | 126/600 [00:23<01:33,  5.08it/s][A

 21%|██        | 127/600 [00:23<01:31,  5.17it/s][A

 21%|██▏       | 128/600 [00:23<01:27,  5.37it/s][A

 22%|██▏       | 129/600 [00:24<01:27,  5.37it/s][A

 22%|██▏       | 130/600 [00:24<01:27,  5.36it/s][A

 22%|██▏       | 131/600 [00:24<01:27,  5.35it/s][A

 22%|██▏       | 132/600 [00:24<01:30,  5.15it/s][A

 22%|██▏       | 133/600 [00:24<01:30,  5.17it/s][A

 22%|██▏       | 134/600 [00:25<01:29,  5.18it/s][A

 22%|██▎       | 135/600 [00:25<01:27,  5.31it/s][A

 23%|██▎       | 136/600 [00:25<01:25,  5.42it/s][A

 23%|██▎       | 137/600 [00:25<01:30,  5.13it/s][A

 23%|██▎       | 138/600 [00:25<01:34,  4.90it/s][A

 23%|██▎       | 139/600 [00:26<01:33,  4.92it/s][A

 23%|██▎       | 140/600 [00:26<01:31,  5.04it/s][A

 24%|██▎       | 141/600 [00:26<01:30,  5.07it/s][A

 24%|██▎       | 142/600 [00:26<01:28,  5.19it/s][A

 24%|██▍       | 143/600 [00:26<01:26,  5.28it/s][A

 24%|██▍       | 144/600 [00:27<01:24,  5.38it/s][A

 24%|██▍       | 145/600 [00:27<01:25,  5.31it/s][A

 24%|██▍       | 146/600 [00:27<01:24,  5.38it/s][A

 24%|██▍       | 147/600 [00:27<01:27,  5.21it/s][A

 25%|██▍       | 148/600 [00:27<01:27,  5.18it/s][A

 25%|██▍       | 149/600 [00:28<01:24,  5.31it/s][A

 25%|██▌       | 150/600 [00:28<01:23,  5.38it/s][A

 25%|██▌       | 151/600 [00:28<01:20,  5.59it/s][A

 25%|██▌       | 152/600 [00:28<01:18,  5.68it/s][A

 26%|██▌       | 153/600 [00:28<01:19,  5.60it/s][A

 26%|██▌       | 154/600 [00:28<01:20,  5.53it/s][A

 26%|██▌       | 155/600 [00:29<01:20,  5.53it/s][A

 26%|██▌       | 156/600 [00:29<01:22,  5.35it/s][A

 26%|██▌       | 157/600 [00:29<01:19,  5.56it/s][A

 26%|██▋       | 158/600 [00:29<01:20,  5.50it/s][A

 26%|██▋       | 159/600 [00:29<01:17,  5.66it/s][A

 27%|██▋       | 160/600 [00:30<01:20,  5.48it/s][A

 27%|██▋       | 161/600 [00:30<01:18,  5.59it/s][A

 27%|██▋       | 162/600 [00:30<01:20,  5.44it/s][A

 27%|██▋       | 163/600 [00:30<01:19,  5.47it/s][A

 27%|██▋       | 164/600 [00:30<01:19,  5.48it/s][A

 28%|██▊       | 165/600 [00:30<01:22,  5.26it/s][A

 28%|██▊       | 166/600 [00:31<01:25,  5.06it/s][A

 28%|██▊       | 167/600 [00:31<01:26,  4.98it/s][A

 28%|██▊       | 168/600 [00:31<01:24,  5.11it/s][A

 28%|██▊       | 169/600 [00:31<01:25,  5.05it/s][A

 28%|██▊       | 170/600 [00:31<01:23,  5.16it/s][A

 28%|██▊       | 171/600 [00:32<01:22,  5.18it/s][A

 29%|██▊       | 172/600 [00:32<01:23,  5.11it/s][A

 29%|██▉       | 173/600 [00:32<01:20,  5.29it/s][A

 29%|██▉       | 174/600 [00:32<01:19,  5.33it/s][A

 29%|██▉       | 175/600 [00:32<01:23,  5.12it/s][A

 29%|██▉       | 176/600 [00:33<01:22,  5.13it/s][A

 30%|██▉       | 177/600 [00:33<01:22,  5.13it/s][A

 30%|██▉       | 178/600 [00:33<01:22,  5.09it/s][A

 30%|██▉       | 179/600 [00:33<01:21,  5.17it/s][A

 30%|███       | 180/600 [00:33<01:20,  5.24it/s][A

 30%|███       | 181/600 [00:34<01:19,  5.25it/s][A

 30%|███       | 182/600 [00:34<01:18,  5.32it/s][A

 30%|███       | 183/600 [00:34<01:16,  5.48it/s][A

 31%|███       | 184/600 [00:34<01:14,  5.57it/s][A

 31%|███       | 185/600 [00:34<01:15,  5.53it/s][A

 31%|███       | 186/600 [00:34<01:19,  5.20it/s][A

 31%|███       | 187/600 [00:35<01:21,  5.05it/s][A

 31%|███▏      | 188/600 [00:35<01:22,  4.96it/s][A

 32%|███▏      | 189/600 [00:35<01:19,  5.16it/s][A

 32%|███▏      | 190/600 [00:35<01:19,  5.13it/s][A

 32%|███▏      | 191/600 [00:35<01:18,  5.20it/s][A

 32%|███▏      | 192/600 [00:36<01:16,  5.36it/s][A

 32%|███▏      | 193/600 [00:36<01:17,  5.26it/s][A

 32%|███▏      | 194/600 [00:36<01:17,  5.24it/s][A

 32%|███▎      | 195/600 [00:36<01:18,  5.15it/s][A

 33%|███▎      | 196/600 [00:36<01:18,  5.12it/s][A

 33%|███▎      | 197/600 [00:37<01:16,  5.29it/s][A

 33%|███▎      | 198/600 [00:37<01:16,  5.27it/s][A

 33%|███▎      | 199/600 [00:37<01:14,  5.41it/s][A

 33%|███▎      | 200/600 [00:37<01:12,  5.49it/s][A

 34%|███▎      | 201/600 [00:37<01:13,  5.44it/s][A

 34%|███▎      | 202/600 [00:38<01:12,  5.47it/s][A

 34%|███▍      | 203/600 [00:38<01:14,  5.32it/s][A

 34%|███▍      | 204/600 [00:38<01:12,  5.43it/s][A

 34%|███▍      | 205/600 [00:38<01:12,  5.49it/s][A

 34%|███▍      | 206/600 [00:38<01:10,  5.62it/s][A

 34%|███▍      | 207/600 [00:38<01:11,  5.46it/s][A

 35%|███▍      | 208/600 [00:39<01:11,  5.52it/s][A

 35%|███▍      | 209/600 [00:39<01:09,  5.62it/s][A

 35%|███▌      | 210/600 [00:39<01:10,  5.56it/s][A

 35%|███▌      | 211/600 [00:39<01:13,  5.26it/s][A

 35%|███▌      | 212/600 [00:39<01:14,  5.24it/s][A

 36%|███▌      | 213/600 [00:40<01:15,  5.11it/s][A

 36%|███▌      | 214/600 [00:40<01:16,  5.07it/s][A

 36%|███▌      | 215/600 [00:40<01:15,  5.08it/s][A

 36%|███▌      | 216/600 [00:40<01:12,  5.27it/s][A

 36%|███▌      | 217/600 [00:40<01:12,  5.26it/s][A

 36%|███▋      | 218/600 [00:41<01:12,  5.30it/s][A

 36%|███▋      | 219/600 [00:41<01:20,  4.72it/s][A

 37%|███▋      | 220/600 [00:41<01:19,  4.77it/s][A

 37%|███▋      | 221/600 [00:41<01:17,  4.89it/s][A

 37%|███▋      | 222/600 [00:41<01:15,  4.98it/s][A

 37%|███▋      | 223/600 [00:42<01:12,  5.17it/s][A

 37%|███▋      | 224/600 [00:42<01:12,  5.16it/s][A

 38%|███▊      | 225/600 [00:42<01:13,  5.08it/s][A

 38%|███▊      | 226/600 [00:42<01:15,  4.98it/s][A

 38%|███▊      | 227/600 [00:42<01:16,  4.89it/s][A

 38%|███▊      | 228/600 [00:43<01:16,  4.87it/s][A

 38%|███▊      | 229/600 [00:43<01:14,  4.96it/s][A

 38%|███▊      | 230/600 [00:43<01:14,  4.97it/s][A

 38%|███▊      | 231/600 [00:43<01:13,  5.05it/s][A

 39%|███▊      | 232/600 [00:43<01:12,  5.09it/s][A

 39%|███▉      | 233/600 [00:44<01:16,  4.82it/s][A

 39%|███▉      | 234/600 [00:44<01:20,  4.55it/s][A

 39%|███▉      | 235/600 [00:44<01:23,  4.37it/s][A

 39%|███▉      | 236/600 [00:44<01:21,  4.47it/s][A

 40%|███▉      | 237/600 [00:44<01:16,  4.72it/s][A

 40%|███▉      | 238/600 [00:45<01:12,  4.98it/s][A

 40%|███▉      | 239/600 [00:45<01:10,  5.12it/s][A

 40%|████      | 240/600 [00:45<01:08,  5.27it/s][A

 40%|████      | 241/600 [00:45<01:06,  5.39it/s][A

 40%|████      | 242/600 [00:45<01:08,  5.24it/s][A

 40%|████      | 243/600 [00:46<01:07,  5.30it/s][A

 41%|████      | 244/600 [00:46<01:06,  5.39it/s][A

 41%|████      | 245/600 [00:46<01:04,  5.47it/s][A

 41%|████      | 246/600 [00:46<01:03,  5.55it/s][A

 41%|████      | 247/600 [00:46<01:02,  5.60it/s][A

 41%|████▏     | 248/600 [00:46<01:02,  5.65it/s][A

 42%|████▏     | 249/600 [00:47<01:00,  5.79it/s][A

 42%|████▏     | 250/600 [00:47<01:00,  5.76it/s][A

 42%|████▏     | 251/600 [00:47<01:00,  5.76it/s][A

 42%|████▏     | 252/600 [00:47<01:00,  5.73it/s][A

 42%|████▏     | 253/600 [00:47<00:59,  5.80it/s][A

 42%|████▏     | 254/600 [00:47<00:58,  5.95it/s][A

 42%|████▎     | 255/600 [00:48<00:57,  5.96it/s][A

 43%|████▎     | 256/600 [00:48<01:00,  5.71it/s][A

 43%|████▎     | 257/600 [00:48<00:59,  5.81it/s][A

 43%|████▎     | 258/600 [00:48<00:58,  5.87it/s][A

 43%|████▎     | 259/600 [00:48<00:57,  5.95it/s][A

 43%|████▎     | 260/600 [00:48<00:57,  5.94it/s][A

 44%|████▎     | 261/600 [00:49<01:00,  5.65it/s][A

 44%|████▎     | 262/600 [00:49<00:58,  5.73it/s][A

 44%|████▍     | 263/600 [00:49<00:58,  5.78it/s][A

 44%|████▍     | 264/600 [00:49<00:57,  5.80it/s][A

 44%|████▍     | 265/600 [00:49<00:59,  5.65it/s][A

 44%|████▍     | 266/600 [00:50<00:59,  5.60it/s][A

 44%|████▍     | 267/600 [00:50<01:01,  5.39it/s][A

 45%|████▍     | 268/600 [00:50<01:01,  5.37it/s][A

 45%|████▍     | 269/600 [00:50<01:01,  5.39it/s][A

 45%|████▌     | 270/600 [00:50<00:58,  5.60it/s][A

 45%|████▌     | 271/600 [00:50<00:59,  5.54it/s][A

 45%|████▌     | 272/600 [00:51<01:01,  5.35it/s][A

 46%|████▌     | 273/600 [00:51<01:07,  4.83it/s][A

 46%|████▌     | 274/600 [00:51<01:05,  4.98it/s][A

 46%|████▌     | 275/600 [00:51<01:04,  5.07it/s][A

 46%|████▌     | 276/600 [00:51<01:02,  5.19it/s][A

 46%|████▌     | 277/600 [00:52<01:02,  5.14it/s][A

 46%|████▋     | 278/600 [00:52<01:01,  5.22it/s][A

 46%|████▋     | 279/600 [00:52<01:03,  5.07it/s][A

 47%|████▋     | 280/600 [00:52<01:03,  5.06it/s][A

 47%|████▋     | 281/600 [00:52<01:01,  5.15it/s][A

 47%|████▋     | 282/600 [00:53<01:04,  4.93it/s][A

 47%|████▋     | 283/600 [00:53<01:03,  4.98it/s][A

 47%|████▋     | 284/600 [00:53<01:01,  5.14it/s][A

 48%|████▊     | 285/600 [00:53<01:02,  5.01it/s][A

 48%|████▊     | 286/600 [00:53<01:02,  5.00it/s][A

 48%|████▊     | 287/600 [00:54<01:00,  5.18it/s][A

 48%|████▊     | 288/600 [00:54<01:00,  5.18it/s][A

 48%|████▊     | 289/600 [00:54<00:59,  5.24it/s][A

 48%|████▊     | 290/600 [00:54<00:59,  5.24it/s][A

 48%|████▊     | 291/600 [00:54<01:01,  5.04it/s][A

 49%|████▊     | 292/600 [00:55<00:58,  5.22it/s][A

 49%|████▉     | 293/600 [00:55<01:00,  5.08it/s][A

 49%|████▉     | 294/600 [00:55<01:00,  5.06it/s][A

 49%|████▉     | 295/600 [00:55<00:59,  5.12it/s][A

 49%|████▉     | 296/600 [00:55<00:59,  5.12it/s][A

 50%|████▉     | 297/600 [00:56<00:57,  5.23it/s][A

 50%|████▉     | 298/600 [00:56<00:56,  5.32it/s][A

 50%|████▉     | 299/600 [00:56<00:55,  5.42it/s][A

 50%|█████     | 300/600 [00:56<00:53,  5.60it/s][A

 50%|█████     | 301/600 [00:56<00:52,  5.72it/s][A

 50%|█████     | 302/600 [00:56<00:51,  5.84it/s][A

 50%|█████     | 303/600 [00:57<00:49,  5.95it/s][A

 51%|█████     | 304/600 [00:57<00:49,  5.98it/s][A

 51%|█████     | 305/600 [00:57<00:48,  6.07it/s][A

 51%|█████     | 306/600 [00:57<00:47,  6.15it/s][A

 51%|█████     | 307/600 [00:57<00:49,  5.90it/s][A

 51%|█████▏    | 308/600 [00:57<00:49,  5.86it/s][A

 52%|█████▏    | 309/600 [00:58<00:50,  5.74it/s][A

 52%|█████▏    | 310/600 [00:58<00:51,  5.66it/s][A

 52%|█████▏    | 311/600 [00:58<00:52,  5.54it/s][A

 52%|█████▏    | 312/600 [00:58<00:53,  5.37it/s][A

 52%|█████▏    | 313/600 [00:58<00:55,  5.20it/s][A

 52%|█████▏    | 314/600 [00:59<00:55,  5.18it/s][A

 52%|█████▎    | 315/600 [00:59<00:53,  5.28it/s][A

 53%|█████▎    | 316/600 [00:59<00:52,  5.37it/s][A

 53%|█████▎    | 317/600 [00:59<00:51,  5.49it/s][A

 53%|█████▎    | 318/600 [00:59<00:50,  5.55it/s][A

 53%|█████▎    | 319/600 [00:59<00:49,  5.67it/s][A

 53%|█████▎    | 320/600 [01:00<00:48,  5.83it/s][A

 54%|█████▎    | 321/600 [01:00<00:46,  5.96it/s][A

 54%|█████▎    | 322/600 [01:00<00:47,  5.84it/s][A

 54%|█████▍    | 323/600 [01:00<00:47,  5.87it/s][A

 54%|█████▍    | 324/600 [01:00<00:49,  5.57it/s][A

 54%|█████▍    | 325/600 [01:01<00:49,  5.56it/s][A

 54%|█████▍    | 326/600 [01:01<00:49,  5.49it/s][A

 55%|█████▍    | 327/600 [01:01<00:50,  5.45it/s][A

 55%|█████▍    | 328/600 [01:01<00:50,  5.34it/s][A

 55%|█████▍    | 329/600 [01:01<00:51,  5.31it/s][A

 55%|█████▌    | 330/600 [01:01<00:50,  5.36it/s][A

 55%|█████▌    | 331/600 [01:02<00:50,  5.29it/s][A

 55%|█████▌    | 332/600 [01:02<00:51,  5.18it/s][A

 56%|█████▌    | 333/600 [01:02<00:52,  5.13it/s][A

 56%|█████▌    | 334/600 [01:02<00:51,  5.17it/s][A

 56%|█████▌    | 335/600 [01:02<00:53,  5.00it/s][A

 56%|█████▌    | 336/600 [01:03<00:51,  5.09it/s][A

 56%|█████▌    | 337/600 [01:03<00:49,  5.31it/s][A

 56%|█████▋    | 338/600 [01:03<00:49,  5.33it/s][A

 56%|█████▋    | 339/600 [01:03<00:47,  5.45it/s][A

 57%|█████▋    | 340/600 [01:03<00:49,  5.27it/s][A

 57%|█████▋    | 341/600 [01:04<00:50,  5.16it/s][A

 57%|█████▋    | 342/600 [01:04<00:49,  5.19it/s][A

 57%|█████▋    | 343/600 [01:04<00:48,  5.30it/s][A

 57%|█████▋    | 344/600 [01:04<00:50,  5.09it/s][A

 57%|█████▊    | 345/600 [01:04<00:49,  5.18it/s][A

 58%|█████▊    | 346/600 [01:05<00:48,  5.27it/s][A

 58%|█████▊    | 347/600 [01:05<00:48,  5.19it/s][A

 58%|█████▊    | 348/600 [01:05<00:50,  5.01it/s][A

 58%|█████▊    | 349/600 [01:05<00:49,  5.08it/s][A

 58%|█████▊    | 350/600 [01:05<00:47,  5.22it/s][A

 58%|█████▊    | 351/600 [01:06<00:47,  5.20it/s][A

 59%|█████▊    | 352/600 [01:06<00:46,  5.30it/s][A

 59%|█████▉    | 353/600 [01:06<00:46,  5.26it/s][A

 59%|█████▉    | 354/600 [01:06<00:46,  5.24it/s][A

 59%|█████▉    | 355/600 [01:06<00:46,  5.32it/s][A

 59%|█████▉    | 356/600 [01:06<00:45,  5.40it/s][A

 60%|█████▉    | 357/600 [01:07<00:46,  5.25it/s][A

 60%|█████▉    | 358/600 [01:07<00:46,  5.22it/s][A

 60%|█████▉    | 359/600 [01:07<00:46,  5.21it/s][A

 60%|██████    | 360/600 [01:07<00:44,  5.35it/s][A

 60%|██████    | 361/600 [01:07<00:44,  5.39it/s][A

 60%|██████    | 362/600 [01:08<00:42,  5.57it/s][A

 60%|██████    | 363/600 [01:08<00:42,  5.58it/s][A

 61%|██████    | 364/600 [01:08<00:41,  5.68it/s][A

 61%|██████    | 365/600 [01:08<00:41,  5.60it/s][A

 61%|██████    | 366/600 [01:08<00:40,  5.73it/s][A

 61%|██████    | 367/600 [01:08<00:39,  5.87it/s][A

 61%|██████▏   | 368/600 [01:09<00:39,  5.94it/s][A

 62%|██████▏   | 369/600 [01:09<00:38,  6.00it/s][A

 62%|██████▏   | 370/600 [01:09<00:38,  6.03it/s][A

 62%|██████▏   | 371/600 [01:09<00:37,  6.17it/s][A

 62%|██████▏   | 372/600 [01:09<00:37,  6.01it/s][A

 62%|██████▏   | 373/600 [01:09<00:37,  6.02it/s][A

 62%|██████▏   | 374/600 [01:10<00:37,  6.01it/s][A

 62%|██████▎   | 375/600 [01:10<00:37,  6.06it/s][A

 63%|██████▎   | 376/600 [01:10<00:37,  6.01it/s][A

 63%|██████▎   | 377/600 [01:10<00:38,  5.81it/s][A

 63%|██████▎   | 378/600 [01:10<00:37,  5.85it/s][A

 63%|██████▎   | 379/600 [01:10<00:38,  5.73it/s][A

 63%|██████▎   | 380/600 [01:11<00:37,  5.79it/s][A

 64%|██████▎   | 381/600 [01:11<00:37,  5.90it/s][A

 64%|██████▎   | 382/600 [01:11<00:36,  5.99it/s][A

 64%|██████▍   | 383/600 [01:11<00:37,  5.85it/s][A

 64%|██████▍   | 384/600 [01:11<00:37,  5.78it/s][A

 64%|██████▍   | 385/600 [01:11<00:38,  5.64it/s][A

 64%|██████▍   | 386/600 [01:12<00:37,  5.65it/s][A

 64%|██████▍   | 387/600 [01:12<00:39,  5.33it/s][A

 65%|██████▍   | 388/600 [01:12<00:40,  5.19it/s][A

 65%|██████▍   | 389/600 [01:12<00:40,  5.20it/s][A

 65%|██████▌   | 390/600 [01:12<00:40,  5.14it/s][A

 65%|██████▌   | 391/600 [01:13<00:41,  5.00it/s][A

 65%|██████▌   | 392/600 [01:13<00:41,  5.00it/s][A

 66%|██████▌   | 393/600 [01:13<00:40,  5.14it/s][A

 66%|██████▌   | 394/600 [01:13<00:39,  5.21it/s][A

 66%|██████▌   | 395/600 [01:13<00:39,  5.15it/s][A

 66%|██████▌   | 396/600 [01:14<00:40,  4.99it/s][A

 66%|██████▌   | 397/600 [01:14<00:40,  5.01it/s][A

 66%|██████▋   | 398/600 [01:14<00:40,  5.00it/s][A

 66%|██████▋   | 399/600 [01:14<00:40,  5.02it/s][A

 67%|██████▋   | 400/600 [01:14<00:39,  5.04it/s][A

 67%|██████▋   | 401/600 [01:15<00:39,  5.06it/s][A

 67%|██████▋   | 402/600 [01:15<00:38,  5.20it/s][A

 67%|██████▋   | 403/600 [01:15<00:39,  5.04it/s][A

 67%|██████▋   | 404/600 [01:15<00:37,  5.25it/s][A

 68%|██████▊   | 405/600 [01:15<00:35,  5.53it/s][A

 68%|██████▊   | 406/600 [01:16<00:35,  5.40it/s][A

 68%|██████▊   | 407/600 [01:16<00:35,  5.43it/s][A

 68%|██████▊   | 408/600 [01:16<00:36,  5.27it/s][A

 68%|██████▊   | 409/600 [01:16<00:36,  5.26it/s][A

 68%|██████▊   | 410/600 [01:16<00:36,  5.16it/s][A

 68%|██████▊   | 411/600 [01:17<00:36,  5.18it/s][A

 69%|██████▊   | 412/600 [01:17<00:36,  5.20it/s][A

 69%|██████▉   | 413/600 [01:17<00:34,  5.44it/s][A

 69%|██████▉   | 414/600 [01:17<00:33,  5.59it/s][A

 69%|██████▉   | 415/600 [01:17<00:33,  5.52it/s][A

 69%|██████▉   | 416/600 [01:17<00:32,  5.58it/s][A

 70%|██████▉   | 417/600 [01:18<00:32,  5.61it/s][A

 70%|██████▉   | 418/600 [01:18<00:32,  5.69it/s][A

 70%|██████▉   | 419/600 [01:18<00:31,  5.83it/s][A

 70%|███████   | 420/600 [01:18<00:30,  5.82it/s][A

 70%|███████   | 421/600 [01:18<00:31,  5.75it/s][A

 70%|███████   | 422/600 [01:18<00:31,  5.69it/s][A

 70%|███████   | 423/600 [01:19<00:31,  5.67it/s][A

 71%|███████   | 424/600 [01:19<00:30,  5.73it/s][A

 71%|███████   | 425/600 [01:19<00:30,  5.67it/s][A

 71%|███████   | 426/600 [01:19<00:30,  5.66it/s][A

 71%|███████   | 427/600 [01:19<00:31,  5.45it/s][A

 71%|███████▏  | 428/600 [01:20<00:30,  5.64it/s][A

 72%|███████▏  | 429/600 [01:20<00:30,  5.63it/s][A

 72%|███████▏  | 430/600 [01:20<00:30,  5.64it/s][A

 72%|███████▏  | 431/600 [01:20<00:29,  5.68it/s][A

 72%|███████▏  | 432/600 [01:20<00:28,  5.81it/s][A

 72%|███████▏  | 433/600 [01:20<00:29,  5.67it/s][A

 72%|███████▏  | 434/600 [01:21<00:30,  5.46it/s][A

 72%|███████▎  | 435/600 [01:21<00:29,  5.54it/s][A

 73%|███████▎  | 436/600 [01:21<00:30,  5.41it/s][A

 73%|███████▎  | 437/600 [01:21<00:30,  5.41it/s][A

 73%|███████▎  | 438/600 [01:21<00:30,  5.38it/s][A

 73%|███████▎  | 439/600 [01:22<00:29,  5.41it/s][A

 73%|███████▎  | 440/600 [01:22<00:28,  5.53it/s][A

 74%|███████▎  | 441/600 [01:22<00:28,  5.58it/s][A

 74%|███████▎  | 442/600 [01:22<00:29,  5.39it/s][A

 74%|███████▍  | 443/600 [01:22<00:29,  5.41it/s][A

 74%|███████▍  | 444/600 [01:22<00:28,  5.40it/s][A

 74%|███████▍  | 445/600 [01:23<00:29,  5.33it/s][A

 74%|███████▍  | 446/600 [01:23<00:28,  5.46it/s][A

 74%|███████▍  | 447/600 [01:23<00:28,  5.35it/s][A

 75%|███████▍  | 448/600 [01:23<00:28,  5.36it/s][A

 75%|███████▍  | 449/600 [01:23<00:27,  5.43it/s][A

 75%|███████▌  | 450/600 [01:24<00:27,  5.36it/s][A

 75%|███████▌  | 451/600 [01:24<00:28,  5.21it/s][A

 75%|███████▌  | 452/600 [01:24<00:27,  5.29it/s][A

 76%|███████▌  | 453/600 [01:24<00:27,  5.40it/s][A

 76%|███████▌  | 454/600 [01:24<00:28,  5.12it/s][A

 76%|███████▌  | 455/600 [01:25<00:28,  5.15it/s][A

 76%|███████▌  | 456/600 [01:25<00:27,  5.21it/s][A

 76%|███████▌  | 457/600 [01:25<00:27,  5.26it/s][A

 76%|███████▋  | 458/600 [01:25<00:27,  5.23it/s][A

 76%|███████▋  | 459/600 [01:25<00:27,  5.21it/s][A

 77%|███████▋  | 460/600 [01:26<00:27,  5.13it/s][A

 77%|███████▋  | 461/600 [01:26<00:26,  5.21it/s][A

 77%|███████▋  | 462/600 [01:26<00:27,  5.10it/s][A

 77%|███████▋  | 463/600 [01:26<00:26,  5.15it/s][A

 77%|███████▋  | 464/600 [01:26<00:26,  5.07it/s][A

 78%|███████▊  | 465/600 [01:26<00:26,  5.05it/s][A

 78%|███████▊  | 466/600 [01:27<00:26,  5.14it/s][A

 78%|███████▊  | 467/600 [01:27<00:25,  5.23it/s][A

 78%|███████▊  | 468/600 [01:27<00:25,  5.21it/s][A

 78%|███████▊  | 469/600 [01:27<00:24,  5.39it/s][A

 78%|███████▊  | 470/600 [01:27<00:24,  5.37it/s][A

 78%|███████▊  | 471/600 [01:28<00:24,  5.19it/s][A

 79%|███████▊  | 472/600 [01:28<00:24,  5.30it/s][A

 79%|███████▉  | 473/600 [01:28<00:24,  5.28it/s][A

 79%|███████▉  | 474/600 [01:28<00:23,  5.41it/s][A

 79%|███████▉  | 475/600 [01:28<00:22,  5.46it/s][A

 79%|███████▉  | 476/600 [01:29<00:22,  5.62it/s][A

 80%|███████▉  | 477/600 [01:29<00:21,  5.62it/s][A

 80%|███████▉  | 478/600 [01:29<00:21,  5.73it/s][A

 80%|███████▉  | 479/600 [01:29<00:20,  5.84it/s][A

 80%|████████  | 480/600 [01:29<00:20,  5.97it/s][A

 80%|████████  | 481/600 [01:29<00:20,  5.88it/s][A

 80%|████████  | 482/600 [01:30<00:20,  5.83it/s][A

 80%|████████  | 483/600 [01:30<00:20,  5.66it/s][A

 81%|████████  | 484/600 [01:30<00:20,  5.73it/s][A

 81%|████████  | 485/600 [01:30<00:19,  5.81it/s][A

 81%|████████  | 486/600 [01:30<00:19,  5.87it/s][A

 81%|████████  | 487/600 [01:30<00:18,  6.08it/s][A

 81%|████████▏ | 488/600 [01:31<00:18,  6.03it/s][A

 82%|████████▏ | 489/600 [01:31<00:18,  6.00it/s][A

 82%|████████▏ | 490/600 [01:31<00:18,  5.92it/s][A

 82%|████████▏ | 491/600 [01:31<00:18,  5.81it/s][A

 82%|████████▏ | 492/600 [01:31<00:18,  5.77it/s][A

 82%|████████▏ | 493/600 [01:31<00:18,  5.72it/s][A

 82%|████████▏ | 494/600 [01:32<00:17,  5.91it/s][A

 82%|████████▎ | 495/600 [01:32<00:17,  5.92it/s][A

 83%|████████▎ | 496/600 [01:32<00:17,  5.92it/s][A

 83%|████████▎ | 497/600 [01:32<00:17,  5.91it/s][A

 83%|████████▎ | 498/600 [01:32<00:17,  5.96it/s][A

 83%|████████▎ | 499/600 [01:32<00:17,  5.88it/s][A

 83%|████████▎ | 500/600 [01:33<00:17,  5.88it/s][A

 84%|████████▎ | 501/600 [01:33<00:17,  5.68it/s][A

 84%|████████▎ | 502/600 [01:33<00:17,  5.62it/s][A

 84%|████████▍ | 503/600 [01:33<00:17,  5.40it/s][A

 84%|████████▍ | 504/600 [01:33<00:17,  5.37it/s][A

 84%|████████▍ | 505/600 [01:34<00:17,  5.43it/s][A

 84%|████████▍ | 506/600 [01:34<00:17,  5.26it/s][A

 84%|████████▍ | 507/600 [01:34<00:19,  4.80it/s][A

 85%|████████▍ | 508/600 [01:34<00:18,  5.00it/s][A

 85%|████████▍ | 509/600 [01:34<00:18,  4.92it/s][A

 85%|████████▌ | 510/600 [01:35<00:18,  4.80it/s][A

 85%|████████▌ | 511/600 [01:35<00:18,  4.70it/s][A

 85%|████████▌ | 512/600 [01:35<00:18,  4.74it/s][A

 86%|████████▌ | 513/600 [01:35<00:18,  4.78it/s][A

 86%|████████▌ | 514/600 [01:35<00:17,  4.98it/s][A

 86%|████████▌ | 515/600 [01:36<00:17,  4.98it/s][A

 86%|████████▌ | 516/600 [01:36<00:17,  4.92it/s][A

 86%|████████▌ | 517/600 [01:36<00:17,  4.88it/s][A

 86%|████████▋ | 518/600 [01:36<00:16,  5.06it/s][A

 86%|████████▋ | 519/600 [01:36<00:16,  5.00it/s][A

 87%|████████▋ | 520/600 [01:37<00:16,  4.92it/s][A

 87%|████████▋ | 521/600 [01:37<00:16,  4.93it/s][A

 87%|████████▋ | 522/600 [01:37<00:15,  5.07it/s][A

 87%|████████▋ | 523/600 [01:37<00:15,  4.98it/s][A

 87%|████████▋ | 524/600 [01:37<00:15,  5.01it/s][A

 88%|████████▊ | 525/600 [01:38<00:14,  5.13it/s][A

 88%|████████▊ | 526/600 [01:38<00:14,  5.18it/s][A

 88%|████████▊ | 527/600 [01:38<00:13,  5.31it/s][A

 88%|████████▊ | 528/600 [01:38<00:14,  5.06it/s][A

 88%|████████▊ | 529/600 [01:38<00:13,  5.19it/s][A

 88%|████████▊ | 530/600 [01:39<00:13,  5.04it/s][A

 88%|████████▊ | 531/600 [01:39<00:13,  4.96it/s][A

 89%|████████▊ | 532/600 [01:39<00:13,  5.02it/s][A

 89%|████████▉ | 533/600 [01:39<00:13,  4.99it/s][A

 89%|████████▉ | 534/600 [01:39<00:12,  5.09it/s][A

 89%|████████▉ | 535/600 [01:40<00:12,  5.21it/s][A

 89%|████████▉ | 536/600 [01:40<00:12,  5.30it/s][A

 90%|████████▉ | 537/600 [01:40<00:11,  5.34it/s][A

 90%|████████▉ | 538/600 [01:40<00:11,  5.23it/s][A

 90%|████████▉ | 539/600 [01:40<00:11,  5.13it/s][A

 90%|█████████ | 540/600 [01:41<00:12,  4.81it/s][A

 90%|█████████ | 541/600 [01:41<00:13,  4.40it/s][A

 90%|█████████ | 542/600 [01:41<00:12,  4.53it/s][A

 90%|█████████ | 543/600 [01:41<00:11,  4.75it/s][A

 91%|█████████ | 544/600 [01:41<00:11,  4.83it/s][A

 91%|█████████ | 545/600 [01:42<00:11,  4.86it/s][A

 91%|█████████ | 546/600 [01:42<00:11,  4.83it/s][A

 91%|█████████ | 547/600 [01:42<00:10,  4.95it/s][A

 91%|█████████▏| 548/600 [01:42<00:10,  5.02it/s][A

 92%|█████████▏| 549/600 [01:42<00:09,  5.25it/s][A

 92%|█████████▏| 550/600 [01:43<00:09,  5.33it/s][A

 92%|█████████▏| 551/600 [01:43<00:09,  5.20it/s][A

 92%|█████████▏| 552/600 [01:43<00:08,  5.34it/s][A

 92%|█████████▏| 553/600 [01:43<00:09,  5.08it/s][A

 92%|█████████▏| 554/600 [01:43<00:09,  5.01it/s][A

 92%|█████████▎| 555/600 [01:44<00:09,  4.80it/s][A

 93%|█████████▎| 556/600 [01:44<00:09,  4.79it/s][A

 93%|█████████▎| 557/600 [01:44<00:09,  4.71it/s][A

 93%|█████████▎| 558/600 [01:44<00:08,  4.73it/s][A

 93%|█████████▎| 559/600 [01:44<00:08,  4.89it/s][A

 93%|█████████▎| 560/600 [01:45<00:08,  4.78it/s][A

 94%|█████████▎| 561/600 [01:45<00:08,  4.79it/s][A

 94%|█████████▎| 562/600 [01:45<00:07,  4.95it/s][A

 94%|█████████▍| 563/600 [01:45<00:07,  4.98it/s][A

 94%|█████████▍| 564/600 [01:45<00:07,  5.04it/s][A

 94%|█████████▍| 565/600 [01:46<00:07,  4.95it/s][A

 94%|█████████▍| 566/600 [01:46<00:07,  4.83it/s][A

 94%|█████████▍| 567/600 [01:46<00:06,  4.86it/s][A

 95%|█████████▍| 568/600 [01:46<00:06,  4.64it/s][A

 95%|█████████▍| 569/600 [01:47<00:06,  4.76it/s][A

 95%|█████████▌| 570/600 [01:47<00:06,  4.78it/s][A

 95%|█████████▌| 571/600 [01:47<00:06,  4.66it/s][A

 95%|█████████▌| 572/600 [01:47<00:05,  4.78it/s][A

 96%|█████████▌| 573/600 [01:47<00:05,  4.66it/s][A

 96%|█████████▌| 574/600 [01:48<00:05,  4.70it/s][A

 96%|█████████▌| 575/600 [01:48<00:05,  4.75it/s][A

 96%|█████████▌| 576/600 [01:48<00:04,  4.92it/s][A

 96%|█████████▌| 577/600 [01:48<00:04,  5.04it/s][A

 96%|█████████▋| 578/600 [01:48<00:04,  5.06it/s][A

 96%|█████████▋| 579/600 [01:49<00:04,  5.03it/s][A

 97%|█████████▋| 580/600 [01:49<00:04,  4.77it/s][A

 97%|█████████▋| 581/600 [01:49<00:03,  5.01it/s][A

 97%|█████████▋| 582/600 [01:49<00:03,  5.16it/s][A

 97%|█████████▋| 583/600 [01:49<00:03,  5.11it/s][A

 97%|█████████▋| 584/600 [01:50<00:03,  5.15it/s][A

 98%|█████████▊| 585/600 [01:50<00:02,  5.04it/s][A

 98%|█████████▊| 586/600 [01:50<00:02,  5.12it/s][A

 98%|█████████▊| 587/600 [01:50<00:02,  5.22it/s][A

 98%|█████████▊| 588/600 [01:50<00:02,  5.34it/s][A

 98%|█████████▊| 589/600 [01:50<00:02,  5.47it/s][A

 98%|█████████▊| 590/600 [01:51<00:01,  5.55it/s][A

 98%|█████████▊| 591/600 [01:51<00:01,  5.62it/s][A

 99%|█████████▊| 592/600 [01:51<00:01,  5.69it/s][A

 99%|█████████▉| 593/600 [01:51<00:01,  5.61it/s][A

 99%|█████████▉| 594/600 [01:51<00:01,  5.61it/s][A

 99%|█████████▉| 595/600 [01:52<00:00,  5.73it/s][A

 99%|█████████▉| 596/600 [01:52<00:00,  5.72it/s][A

100%|█████████▉| 597/600 [01:52<00:00,  5.31it/s][A

100%|█████████▉| 598/600 [01:52<00:00,  5.29it/s][A

100%|█████████▉| 599/600 [01:52<00:00,  5.37it/s][A

100%|██████████| 600/600 [01:52<00:00,  5.36it/s][A
                                                      


                                                 
[A
 21%|██        | 900/4384 [1:44:24<6:12:59,  6.42s/it]

100%|██████████| 600/600 [01:52<00:00,  5.36it/s][A

                                                 [A
 21%|██        | 901/4384 [1:44:32<39:31:14, 40.85s/it]
 21%|██        | 902/4384 [1:44:39<29:40:31, 30.68s/it]
 21%|██        | 903/4384 [1:44:46<22:41:52, 23.47s/it]
 21%|██        | 904/4384 [1:44:53<17:54:19, 18.52s/it]
 21%|██        | 905/4384 [1:45:00<14:35:51, 15.11s/it]
 21%|██        | 906/4384 [1:45:07<12:12:23, 12.63s/it]
 21%|██        | 907/4384 [1:45:13<10:30:49, 10.89s/it]
 21%|██        | 908/4384 [1:45:21<9:24:09,  9.74s/it] 
 21%|██        | 909/4384 [1:45:28<8:37:12,  8.93s/it]
 21%|██        | 910/4384 [1:45:34<7:58:14,  8.26s/it]
 21%|██        | 911/4384 [1:45:41<7:27:12,  7.73s/it]
 21%|██        | 912/4384 [1:45:47<7:06:51,  7.38s/it]
 21%|██        | 913/4384 [1:45:54<7:02:44,  7.31s/it]
 21%|██        | 914/4384 [1:46:01<6:45:42,  7.02s/it]
 21%|██        | 915/4384 [1:46:08<6:43:09,  6.97s/it]
 21%|██        | 916/4384 [1:46:15<6:41:24,  6.94s/it]
 21%|██        | 917/4384 [1:46:21<6:32:50,  6.80s/it]
 21%|██        | 918/4384 [1:46:28<6:38:28,  6.90s/it]
 21%|██        | 919/4384 [1:46:35<6:35:35,  6.85s/it]
 21%|██        | 920/4384 [1:46:42<6:33:51,  6.82s/it]
                                                      

 21%|██        | 920/4384 [1:46:42<6:33:51,  6.82s/it]
 21%|██        | 921/4384 [1:46:49<6:35:56,  6.86s/it]
 21%|██        | 922/4384 [1:46:56<6:42:34,  6.98s/it]
 21%|██        | 923/4384 [1:47:02<6:33:03,  6.81s/it]
 21%|██        | 924/4384 [1:47:09<6:26:34,  6.70s/it]
 21%|██        | 925/4384 [1:47:15<6:15:23,  6.51s/it]
 21%|██        | 926/4384 [1:47:21<6:16:45,  6.54s/it]
 21%|██        | 927/4384 [1:47:28<6:20:24,  6.60s/it]
 21%|██        | 928/4384 [1:47:35<6:23:47,  6.66s/it]
 21%|██        | 929/4384 [1:47:42<6:26:35,  6.71s/it]
 21%|██        | 930/4384 [1:47:49<6:29:53,  6.77s/it]
 21%|██        | 931/4384 [1:47:56<6:37:34,  6.91s/it]
 21%|██▏       | 932/4384 [1:48:03<6:40:08,  6.96s/it]
 21%|██▏       | 933/4384 [1:48:10<6:37:37,  6.91s/it]
 21%|██▏       | 934/4384 [1:48:16<6:33:43,  6.85s/it]
 21%|██▏       | 935/4384 [1:48:23<6:29:34,  6.78s/it]
 21%|██▏       | 936/4384 [1:48:30<6:24:48,  6.70s/it]
 21%|██▏       | 937/4384 [1:48:36<6:21:45,  6.65s/it]
 21%|██▏       | 938/4384 [1:48:43<6:29:06,  6.77s/it]
 21%|██▏       | 939/4384 [1:48:50<6:22:32,  6.66s/it]
 21%|██▏       | 940/4384 [1:48:56<6:21:22,  6.64s/it]
                                                      

 21%|██▏       | 940/4384 [1:48:56<6:21:22,  6.64s/it]
 21%|██▏       | 941/4384 [1:49:03<6:26:52,  6.74s/it]
 21%|██▏       | 942/4384 [1:49:09<6:15:51,  6.55s/it]
 22%|██▏       | 943/4384 [1:49:16<6:12:49,  6.50s/it]
 22%|██▏       | 944/4384 [1:49:23<6:19:44,  6.62s/it]
 22%|██▏       | 945/4384 [1:49:29<6:23:52,  6.70s/it]
 22%|██▏       | 946/4384 [1:49:36<6:19:35,  6.62s/it]
 22%|██▏       | 947/4384 [1:49:42<6:17:32,  6.59s/it]
 22%|██▏       | 948/4384 [1:49:49<6:14:23,  6.54s/it]
 22%|██▏       | 949/4384 [1:49:55<6:14:30,  6.54s/it]
 22%|██▏       | 950/4384 [1:50:02<6:14:36,  6.55s/it]
 22%|██▏       | 951/4384 [1:50:08<6:13:15,  6.52s/it]
 22%|██▏       | 952/4384 [1:50:15<6:16:48,  6.59s/it]
 22%|██▏       | 953/4384 [1:50:22<6:20:01,  6.65s/it]
 22%|██▏       | 954/4384 [1:50:28<6:14:22,  6.55s/it]
 22%|██▏       | 955/4384 [1:50:35<6:13:12,  6.53s/it]
 22%|██▏       | 956/4384 [1:50:42<6:17:54,  6.61s/it]
 22%|██▏       | 957/4384 [1:50:48<6:16:49,  6.60s/it]
 22%|██▏       | 958/4384 [1:50:54<6:11:51,  6.51s/it]
 22%|██▏       | 959/4384 [1:51:01<6:12:25,  6.52s/it]
 22%|██▏       | 960/4384 [1:51:07<6:05:52,  6.41s/it]
                                                      

 22%|██▏       | 960/4384 [1:51:07<6:05:52,  6.41s/it]
 22%|██▏       | 961/4384 [1:51:14<6:06:37,  6.43s/it]
 22%|██▏       | 962/4384 [1:51:20<6:08:08,  6.45s/it]
 22%|██▏       | 963/4384 [1:51:26<6:06:54,  6.44s/it]
 22%|██▏       | 964/4384 [1:51:33<6:08:29,  6.46s/it]
 22%|██▏       | 965/4384 [1:51:39<6:05:06,  6.41s/it]
 22%|██▏       | 966/4384 [1:51:46<6:07:45,  6.46s/it]
 22%|██▏       | 967/4384 [1:51:52<6:08:35,  6.47s/it]
 22%|██▏       | 968/4384 [1:51:59<6:10:14,  6.50s/it]
 22%|██▏       | 969/4384 [1:52:05<6:04:53,  6.41s/it]D:\Workspace\AI_training\LinguaForge-Qwen3.5-0.8B-zhTW-en-ja\.venv\Lib\site-packages\triton\language\core.py:2284: UserWarning: tl.make_block_ptr is deprecated. Use TensorDescriptor or tl.make_tensor_descriptor instead.
  warn("tl.make_block_ptr is deprecated. Use TensorDescriptor or tl.make_tensor_descriptor instead.")

 22%|██▏       | 970/4384 [1:52:15<6:56:31,  7.32s/it]
 22%|██▏       | 971/4384 [1:52:21<6:39:10,  7.02s/it]
 22%|██▏       | 972/4384 [1:52:27<6:25:38,  6.78s/it]
 22%|██▏       | 973/4384 [1:52:34<6:21:08,  6.70s/it]
 22%|██▏       | 974/4384 [1:52:40<6:17:57,  6.65s/it]
 22%|██▏       | 975/4384 [1:52:47<6:13:15,  6.57s/it]
 22%|██▏       | 976/4384 [1:52:53<6:12:48,  6.56s/it]
 22%|██▏       | 977/4384 [1:53:00<6:11:55,  6.55s/it]
 22%|██▏       | 978/4384 [1:53:06<6:10:59,  6.54s/it]
 22%|██▏       | 979/4384 [1:53:13<6:14:52,  6.61s/it]
 22%|██▏       | 980/4384 [1:53:19<6:08:45,  6.50s/it]
                                                      

 22%|██▏       | 980/4384 [1:53:19<6:08:45,  6.50s/it]
 22%|██▏       | 981/4384 [1:53:26<6:07:55,  6.49s/it]
 22%|██▏       | 982/4384 [1:53:32<6:07:36,  6.48s/it]
 22%|██▏       | 983/4384 [1:53:39<6:11:47,  6.56s/it]
 22%|██▏       | 984/4384 [1:53:46<6:20:42,  6.72s/it]
 22%|██▏       | 985/4384 [1:53:53<6:21:31,  6.73s/it]
 22%|██▏       | 986/4384 [1:53:59<6:19:25,  6.70s/it]
 23%|██▎       | 987/4384 [1:54:06<6:17:43,  6.67s/it]
 23%|██▎       | 988/4384 [1:54:13<6:16:54,  6.66s/it]
 23%|██▎       | 989/4384 [1:54:19<6:08:10,  6.51s/it]
 23%|██▎       | 990/4384 [1:54:26<6:20:45,  6.73s/it]
 23%|██▎       | 991/4384 [1:54:33<6:24:45,  6.80s/it]
 23%|██▎       | 992/4384 [1:54:40<6:22:52,  6.77s/it]
 23%|██▎       | 993/4384 [1:54:46<6:22:28,  6.77s/it]
 23%|██▎       | 994/4384 [1:54:53<6:18:46,  6.70s/it]
 23%|██▎       | 995/4384 [1:55:00<6:22:58,  6.78s/it]
 23%|██▎       | 996/4384 [1:55:07<6:27:24,  6.86s/it]
 23%|██▎       | 997/4384 [1:55:13<6:18:50,  6.71s/it]
 23%|██▎       | 998/4384 [1:55:20<6:19:58,  6.73s/it]
 23%|██▎       | 999/4384 [1:55:27<6:20:36,  6.75s/it]
 23%|██▎       | 1000/4384 [1:55:33<6:18:33,  6.71s/it]
                                                       

 23%|██▎       | 1000/4384 [1:55:33<6:18:33,  6.71s/it]
 23%|██▎       | 1001/4384 [1:55:40<6:22:54,  6.79s/it]
 23%|██▎       | 1002/4384 [1:55:47<6:27:04,  6.87s/it]
 23%|██▎       | 1003/4384 [1:55:54<6:26:20,  6.86s/it]
 23%|██▎       | 1004/4384 [1:56:01<6:23:49,  6.81s/it]
 23%|██▎       | 1005/4384 [1:56:08<6:23:17,  6.81s/it]
 23%|██▎       | 1006/4384 [1:56:15<6:26:54,  6.87s/it]
 23%|██▎       | 1007/4384 [1:56:22<6:28:53,  6.91s/it]
 23%|██▎       | 1008/4384 [1:56:29<6:27:12,  6.88s/it]
 23%|██▎       | 1009/4384 [1:56:36<6:34:40,  7.02s/it]
 23%|██▎       | 1010/4384 [1:56:43<6:26:02,  6.86s/it]
 23%|██▎       | 1011/4384 [1:56:49<6:23:38,  6.82s/it]
 23%|██▎       | 1012/4384 [1:56:56<6:28:52,  6.92s/it]
 23%|██▎       | 1013/4384 [1:57:03<6:27:16,  6.89s/it]
 23%|██▎       | 1014/4384 [1:57:10<6:31:17,  6.97s/it]
 23%|██▎       | 1015/4384 [1:57:18<6:36:02,  7.05s/it]
 23%|██▎       | 1016/4384 [1:57:25<6:39:04,  7.11s/it]
 23%|██▎       | 1017/4384 [1:57:32<6:32:37,  7.00s/it]
 23%|██▎       | 1018/4384 [1:57:38<6:28:48,  6.93s/it]
 23%|██▎       | 1019/4384 [1:57:44<6:13:56,  6.67s/it]
 23%|██▎       | 1020/4384 [1:57:51<6:16:18,  6.71s/it]
                                                       

 23%|██▎       | 1020/4384 [1:57:51<6:16:18,  6.71s/it]
 23%|██▎       | 1021/4384 [1:57:58<6:15:05,  6.69s/it]
 23%|██▎       | 1022/4384 [1:58:04<6:05:21,  6.52s/it]
 23%|██▎       | 1023/4384 [1:58:10<6:01:46,  6.46s/it]
 23%|██▎       | 1024/4384 [1:58:17<6:09:31,  6.60s/it]
 23%|██▎       | 1025/4384 [1:58:24<6:09:43,  6.60s/it]
 23%|██▎       | 1026/4384 [1:58:30<6:01:24,  6.46s/it]
 23%|██▎       | 1027/4384 [1:58:37<6:05:45,  6.54s/it]
 23%|██▎       | 1028/4384 [1:58:43<6:06:03,  6.54s/it]
 23%|██▎       | 1029/4384 [1:58:50<6:14:21,  6.69s/it]
 23%|██▎       | 1030/4384 [1:58:58<6:24:44,  6.88s/it]
 24%|██▎       | 1031/4384 [1:59:04<6:23:06,  6.86s/it]
 24%|██▎       | 1032/4384 [1:59:11<6:23:13,  6.86s/it]
 24%|██▎       | 1033/4384 [1:59:18<6:24:52,  6.89s/it]
 24%|██▎       | 1034/4384 [1:59:25<6:27:22,  6.94s/it]
 24%|██▎       | 1035/4384 [1:59:32<6:20:55,  6.82s/it]
 24%|██▎       | 1036/4384 [1:59:38<6:09:51,  6.63s/it]
 24%|██▎       | 1037/4384 [1:59:45<6:12:52,  6.68s/it]
 24%|██▎       | 1038/4384 [1:59:52<6:14:05,  6.71s/it]
 24%|██▎       | 1039/4384 [1:59:58<6:07:12,  6.59s/it]
 24%|██▎       | 1040/4384 [2:00:04<6:07:05,  6.59s/it]
                                                       

 24%|██▎       | 1040/4384 [2:00:04<6:07:05,  6.59s/it]
 24%|██▎       | 1041/4384 [2:00:11<6:12:28,  6.69s/it]
 24%|██▍       | 1042/4384 [2:00:19<6:19:33,  6.81s/it]
 24%|██▍       | 1043/4384 [2:00:26<6:25:57,  6.93s/it]
 24%|██▍       | 1044/4384 [2:00:33<6:26:29,  6.94s/it]
 24%|██▍       | 1045/4384 [2:00:40<6:33:17,  7.07s/it]
 24%|██▍       | 1046/4384 [2:00:47<6:32:21,  7.05s/it]
 24%|██▍       | 1047/4384 [2:00:54<6:28:49,  6.99s/it]
 24%|██▍       | 1048/4384 [2:01:01<6:27:03,  6.96s/it]
 24%|██▍       | 1049/4384 [2:01:08<6:25:09,  6.93s/it]
 24%|██▍       | 1050/4384 [2:01:14<6:13:44,  6.73s/it]
 24%|██▍       | 1051/4384 [2:01:20<6:05:35,  6.58s/it]
 24%|██▍       | 1052/4384 [2:01:27<6:02:43,  6.53s/it]
 24%|██▍       | 1053/4384 [2:01:33<6:08:40,  6.64s/it]
 24%|██▍       | 1054/4384 [2:01:40<6:04:29,  6.57s/it]
 24%|██▍       | 1055/4384 [2:01:46<6:04:12,  6.56s/it]
 24%|██▍       | 1056/4384 [2:01:53<6:09:29,  6.66s/it]
 24%|██▍       | 1057/4384 [2:02:00<6:17:35,  6.81s/it]
 24%|██▍       | 1058/4384 [2:02:07<6:18:51,  6.83s/it]
 24%|██▍       | 1059/4384 [2:02:14<6:11:45,  6.71s/it]
 24%|██▍       | 1060/4384 [2:02:20<6:07:18,  6.63s/it]
                                                       

 24%|██▍       | 1060/4384 [2:02:20<6:07:18,  6.63s/it]
 24%|██▍       | 1061/4384 [2:02:26<5:56:49,  6.44s/it]
 24%|██▍       | 1062/4384 [2:02:33<6:00:38,  6.51s/it]
 24%|██▍       | 1063/4384 [2:02:40<6:17:03,  6.81s/it]
 24%|██▍       | 1064/4384 [2:02:47<6:08:50,  6.67s/it]
 24%|██▍       | 1065/4384 [2:02:53<6:07:57,  6.65s/it]
 24%|██▍       | 1066/4384 [2:03:00<6:06:13,  6.62s/it]
 24%|██▍       | 1067/4384 [2:03:06<6:05:25,  6.61s/it]
 24%|██▍       | 1068/4384 [2:03:13<6:05:52,  6.62s/it]
 24%|██▍       | 1069/4384 [2:03:20<6:11:10,  6.72s/it]
 24%|██▍       | 1070/4384 [2:03:27<6:13:30,  6.76s/it]
 24%|██▍       | 1071/4384 [2:03:34<6:13:47,  6.77s/it]
 24%|██▍       | 1072/4384 [2:03:40<6:07:46,  6.66s/it]
 24%|██▍       | 1073/4384 [2:03:47<6:04:55,  6.61s/it]
 24%|██▍       | 1074/4384 [2:03:54<6:14:33,  6.79s/it]
 25%|██▍       | 1075/4384 [2:04:01<6:13:20,  6.77s/it]
 25%|██▍       | 1076/4384 [2:04:07<6:07:08,  6.66s/it]
 25%|██▍       | 1077/4384 [2:04:13<6:04:20,  6.61s/it]
 25%|██▍       | 1078/4384 [2:04:20<6:09:05,  6.70s/it]
 25%|██▍       | 1079/4384 [2:04:27<6:13:16,  6.78s/it]
 25%|██▍       | 1080/4384 [2:04:34<6:16:20,  6.83s/it]
                                                       

 25%|██▍       | 1080/4384 [2:04:34<6:16:20,  6.83s/it]
 25%|██▍       | 1081/4384 [2:04:41<6:14:01,  6.79s/it]
 25%|██▍       | 1082/4384 [2:04:48<6:24:52,  6.99s/it]
 25%|██▍       | 1083/4384 [2:04:54<6:09:00,  6.71s/it]
 25%|██▍       | 1084/4384 [2:05:01<6:00:51,  6.56s/it]
 25%|██▍       | 1085/4384 [2:05:08<6:08:57,  6.71s/it]
 25%|██▍       | 1086/4384 [2:05:14<6:04:59,  6.64s/it]
 25%|██▍       | 1087/4384 [2:05:21<5:59:17,  6.54s/it]
 25%|██▍       | 1088/4384 [2:05:27<5:59:54,  6.55s/it]
 25%|██▍       | 1089/4384 [2:05:34<6:00:11,  6.56s/it]
 25%|██▍       | 1090/4384 [2:05:40<5:51:53,  6.41s/it]
 25%|██▍       | 1091/4384 [2:05:47<6:00:03,  6.56s/it]
 25%|██▍       | 1092/4384 [2:05:53<6:01:57,  6.60s/it]
 25%|██▍       | 1093/4384 [2:06:00<5:55:35,  6.48s/it]
 25%|██▍       | 1094/4384 [2:06:06<5:58:35,  6.54s/it]
 25%|██▍       | 1095/4384 [2:06:14<6:10:22,  6.76s/it]
 25%|██▌       | 1096/4384 [2:06:21<6:15:24,  6.85s/it]
 25%|██▌       | 1097/4384 [2:06:28<6:21:23,  6.96s/it]
 25%|██▌       | 1098/4384 [2:06:34<6:15:52,  6.86s/it]
 25%|██▌       | 1099/4384 [2:06:41<6:17:53,  6.90s/it]
 25%|██▌       | 1100/4384 [2:06:48<6:16:50,  6.88s/it]
                                                       

 25%|██▌       | 1100/4384 [2:06:48<6:16:50,  6.88s/it]
 25%|██▌       | 1101/4384 [2:06:55<6:14:32,  6.84s/it]
 25%|██▌       | 1102/4384 [2:07:02<6:15:56,  6.87s/it]
 25%|██▌       | 1103/4384 [2:07:12<7:06:17,  7.80s/it]
 25%|██▌       | 1104/4384 [2:07:19<6:57:36,  7.64s/it]
 25%|██▌       | 1105/4384 [2:07:26<6:45:35,  7.42s/it]
 25%|██▌       | 1106/4384 [2:07:33<6:37:45,  7.28s/it]
 25%|██▌       | 1107/4384 [2:07:40<6:37:11,  7.27s/it]
 25%|██▌       | 1108/4384 [2:07:48<6:36:35,  7.26s/it]
 25%|██▌       | 1109/4384 [2:07:54<6:24:47,  7.05s/it]
 25%|██▌       | 1110/4384 [2:08:01<6:26:56,  7.09s/it]
 25%|██▌       | 1111/4384 [2:08:08<6:20:46,  6.98s/it]
 25%|██▌       | 1112/4384 [2:08:15<6:15:34,  6.89s/it]
 25%|██▌       | 1113/4384 [2:08:22<6:19:13,  6.96s/it]
 25%|██▌       | 1114/4384 [2:08:29<6:18:30,  6.94s/it]
 25%|██▌       | 1115/4384 [2:08:35<6:13:25,  6.85s/it]
 25%|██▌       | 1116/4384 [2:08:42<6:14:43,  6.88s/it]
 25%|██▌       | 1117/4384 [2:08:49<6:16:30,  6.91s/it]
 26%|██▌       | 1118/4384 [2:08:56<6:13:44,  6.87s/it]
 26%|██▌       | 1119/4384 [2:09:03<6:12:41,  6.85s/it]
 26%|██▌       | 1120/4384 [2:09:09<6:06:51,  6.74s/it]
                                                       

 26%|██▌       | 1120/4384 [2:09:09<6:06:51,  6.74s/it]
 26%|██▌       | 1121/4384 [2:09:16<6:10:17,  6.81s/it]
 26%|██▌       | 1122/4384 [2:09:23<6:09:15,  6.79s/it]
 26%|██▌       | 1123/4384 [2:09:29<5:58:06,  6.59s/it]
 26%|██▌       | 1124/4384 [2:09:36<5:59:53,  6.62s/it]
 26%|██▌       | 1125/4384 [2:09:43<6:00:31,  6.64s/it]
 26%|██▌       | 1126/4384 [2:09:49<5:58:33,  6.60s/it]
 26%|██▌       | 1127/4384 [2:09:56<5:56:57,  6.58s/it]
 26%|██▌       | 1128/4384 [2:10:02<5:57:53,  6.60s/it]
 26%|██▌       | 1129/4384 [2:10:09<6:05:45,  6.74s/it]
 26%|██▌       | 1130/4384 [2:10:16<6:08:22,  6.79s/it]
 26%|██▌       | 1131/4384 [2:10:23<6:01:53,  6.67s/it]
 26%|██▌       | 1132/4384 [2:10:30<6:05:43,  6.75s/it]
 26%|██▌       | 1133/4384 [2:10:36<6:05:45,  6.75s/it]
 26%|██▌       | 1134/4384 [2:10:42<5:53:09,  6.52s/it]
 26%|██▌       | 1135/4384 [2:10:49<6:01:08,  6.67s/it]
 26%|██▌       | 1136/4384 [2:10:56<6:05:56,  6.76s/it]
 26%|██▌       | 1137/4384 [2:11:03<6:01:36,  6.68s/it]
 26%|██▌       | 1138/4384 [2:11:09<5:59:54,  6.65s/it]
 26%|██▌       | 1139/4384 [2:11:16<6:01:22,  6.68s/it]
 26%|██▌       | 1140/4384 [2:11:23<5:56:44,  6.60s/it]
                                                       

 26%|██▌       | 1140/4384 [2:11:23<5:56:44,  6.60s/it]
 26%|██▌       | 1141/4384 [2:11:29<6:01:58,  6.70s/it]
 26%|██▌       | 1142/4384 [2:11:36<6:00:24,  6.67s/it]
 26%|██▌       | 1143/4384 [2:11:43<6:00:04,  6.67s/it]
 26%|██▌       | 1144/4384 [2:11:49<5:59:00,  6.65s/it]
 26%|██▌       | 1145/4384 [2:11:56<6:02:09,  6.71s/it]
 26%|██▌       | 1146/4384 [2:12:03<6:02:12,  6.71s/it]
 26%|██▌       | 1147/4384 [2:12:10<6:02:45,  6.72s/it]
 26%|██▌       | 1148/4384 [2:12:16<6:03:37,  6.74s/it]
 26%|██▌       | 1149/4384 [2:12:24<6:09:56,  6.86s/it]
 26%|██▌       | 1150/4384 [2:12:31<6:20:49,  7.07s/it]
 26%|██▋       | 1151/4384 [2:12:37<6:09:15,  6.85s/it]
 26%|██▋       | 1152/4384 [2:12:44<6:09:37,  6.86s/it]
 26%|██▋       | 1153/4384 [2:12:51<6:13:27,  6.94s/it]
 26%|██▋       | 1154/4384 [2:12:58<6:05:58,  6.80s/it]
 26%|██▋       | 1155/4384 [2:13:05<6:16:13,  6.99s/it]
 26%|██▋       | 1156/4384 [2:13:12<6:10:54,  6.89s/it]
 26%|██▋       | 1157/4384 [2:13:19<6:09:18,  6.87s/it]
 26%|██▋       | 1158/4384 [2:13:26<6:18:00,  7.03s/it]
 26%|██▋       | 1159/4384 [2:13:33<6:11:15,  6.91s/it]
 26%|██▋       | 1160/4384 [2:13:40<6:14:02,  6.96s/it]
                                                       

 26%|██▋       | 1160/4384 [2:13:40<6:14:02,  6.96s/it]
 26%|██▋       | 1161/4384 [2:13:47<6:16:00,  7.00s/it]
 27%|██▋       | 1162/4384 [2:13:54<6:12:44,  6.94s/it]
 27%|██▋       | 1163/4384 [2:14:01<6:13:35,  6.96s/it]
 27%|██▋       | 1164/4384 [2:14:08<6:13:19,  6.96s/it]
 27%|██▋       | 1165/4384 [2:14:14<6:08:51,  6.88s/it]
 27%|██▋       | 1166/4384 [2:14:22<6:12:01,  6.94s/it]
 27%|██▋       | 1167/4384 [2:14:28<6:01:32,  6.74s/it]
 27%|██▋       | 1168/4384 [2:14:35<6:01:51,  6.75s/it]
 27%|██▋       | 1169/4384 [2:14:41<6:02:40,  6.77s/it]
 27%|██▋       | 1170/4384 [2:14:48<5:56:47,  6.66s/it]
 27%|██▋       | 1171/4384 [2:14:55<6:00:38,  6.73s/it]
 27%|██▋       | 1172/4384 [2:15:02<6:02:13,  6.77s/it]
 27%|██▋       | 1173/4384 [2:15:08<6:03:39,  6.80s/it]
 27%|██▋       | 1174/4384 [2:15:16<6:08:12,  6.88s/it]
 27%|██▋       | 1175/4384 [2:15:23<6:18:30,  7.08s/it]
 27%|██▋       | 1176/4384 [2:15:30<6:21:12,  7.13s/it]
 27%|██▋       | 1177/4384 [2:15:37<6:17:49,  7.07s/it]
 27%|██▋       | 1178/4384 [2:15:45<6:28:41,  7.27s/it]
 27%|██▋       | 1179/4384 [2:15:52<6:21:42,  7.15s/it]
 27%|██▋       | 1180/4384 [2:15:59<6:17:26,  7.07s/it]
                                                       

 27%|██▋       | 1180/4384 [2:15:59<6:17:26,  7.07s/it]
 27%|██▋       | 1181/4384 [2:16:06<6:13:23,  6.99s/it]
 27%|██▋       | 1182/4384 [2:16:13<6:22:46,  7.17s/it]
 27%|██▋       | 1183/4384 [2:16:20<6:17:40,  7.08s/it]
 27%|██▋       | 1184/4384 [2:16:27<6:08:50,  6.92s/it]
 27%|██▋       | 1185/4384 [2:16:34<6:10:23,  6.95s/it]
 27%|██▋       | 1186/4384 [2:16:40<6:04:55,  6.85s/it]
 27%|██▋       | 1187/4384 [2:16:47<6:09:39,  6.94s/it]
 27%|██▋       | 1188/4384 [2:16:54<6:09:34,  6.94s/it]
 27%|██▋       | 1189/4384 [2:17:01<6:09:43,  6.94s/it]
 27%|██▋       | 1190/4384 [2:17:08<6:10:24,  6.96s/it]
 27%|██▋       | 1191/4384 [2:17:15<6:13:14,  7.01s/it]
 27%|██▋       | 1192/4384 [2:17:22<6:08:22,  6.92s/it]
 27%|██▋       | 1193/4384 [2:17:29<6:08:24,  6.93s/it]
 27%|██▋       | 1194/4384 [2:17:36<6:11:05,  6.98s/it]
 27%|██▋       | 1195/4384 [2:17:43<6:11:18,  6.99s/it]
 27%|██▋       | 1196/4384 [2:17:50<6:14:25,  7.05s/it]
 27%|██▋       | 1197/4384 [2:17:57<6:09:02,  6.95s/it]
 27%|██▋       | 1198/4384 [2:18:04<6:10:28,  6.98s/it]
 27%|██▋       | 1199/4384 [2:18:11<6:02:42,  6.83s/it]
 27%|██▋       | 1200/4384 [2:18:18<6:05:13,  6.88s/it]
                                                       

{'eval_loss': '2.008', 'eval_runtime': '113.2', 'eval_samples_per_second': '10.61', 'eval_steps_per_second': '5.303', 'eval_entropy': '2.075', 'eval_num_tokens': '9.185e+06', 'eval_mean_token_accuracy': '0.585', 'epoch': '0.4107'}
{'loss': '1.945', 'grad_norm': '1.478', 'learning_rate': '9.178e-05', 'entropy': '2.007', 'num_tokens': '9.387e+06', 'mean_token_accuracy': '0.5811', 'epoch': '0.4198'}
{'loss': '1.99', 'grad_norm': '1.352', 'learning_rate': '9.137e-05', 'entropy': '2.049', 'num_tokens': '9.59e+06', 'mean_token_accuracy': '0.573', 'epoch': '0.429'}
{'loss': '1.956', 'grad_norm': '1.469', 'learning_rate': '9.095e-05', 'entropy': '2.024', 'num_tokens': '9.792e+06', 'mean_token_accuracy': '0.5768', 'epoch': '0.4381'}
{'loss': '1.973', 'grad_norm': '1.653', 'learning_rate': '9.052e-05', 'entropy': '2.024', 'num_tokens': '9.999e+06', 'mean_token_accuracy': '0.5799', 'epoch': '0.4472'}
 27%|██▋       | 1200/4384 [2:18:18<6:05:13,  6.88s/it]
{'loss': '1.926', 'grad_norm': '1.374', 'learning_rate': '9.009e-05', 'entropy': '1.99', 'num_tokens': '1.02e+07', 'mean_token_accuracy': '0.5802', 'epoch': '0.4563'}
{'loss': '1.963', 'grad_norm': '1.423', 'learning_rate': '8.964e-05', 'entropy': '2.021', 'num_tokens': '1.04e+07', 'mean_token_accuracy': '0.5783', 'epoch': '0.4655'}
{'loss': '1.959', 'grad_norm': '1.569', 'learning_rate': '8.919e-05', 'entropy': '2.011', 'num_tokens': '1.061e+07', 'mean_token_accuracy': '0.5816', 'epoch': '0.4746'}
{'loss': '1.945', 'grad_norm': '1.709', 'learning_rate': '8.872e-05', 'entropy': '2.013', 'num_tokens': '1.081e+07', 'mean_token_accuracy': '0.5801', 'epoch': '0.4837'}
{'loss': '1.947', 'grad_norm': '1.354', 'learning_rate': '8.825e-05', 'entropy': '2.005', 'num_tokens': '1.101e+07', 'mean_token_accuracy': '0.5783', 'epoch': '0.4928'}
{'loss': '1.986', 'grad_norm': '1.605', 'learning_rate': '8.777e-05', 'entropy': '2.053', 'num_tokens': '1.122e+07', 'mean_token_accuracy': '0.5744', 'epoch': '0.502'}
{'loss': '1.976', 'grad_norm': '1.49', 'learning_rate': '8.728e-05', 'entropy': '2.038', 'num_tokens': '1.142e+07', 'mean_token_accuracy': '0.5746', 'epoch': '0.5111'}
{'loss': '1.992', 'grad_norm': '1.583', 'learning_rate': '8.679e-05', 'entropy': '2.047', 'num_tokens': '1.163e+07', 'mean_token_accuracy': '0.5742', 'epoch': '0.5202'}
{'loss': '1.962', 'grad_norm': '1.456', 'learning_rate': '8.628e-05', 'entropy': '2.021', 'num_tokens': '1.183e+07', 'mean_token_accuracy': '0.5757', 'epoch': '0.5293'}
{'loss': '1.966', 'grad_norm': '1.528', 'learning_rate': '8.577e-05', 'entropy': '2.03', 'num_tokens': '1.204e+07', 'mean_token_accuracy': '0.5771', 'epoch': '0.5385'}
{'loss': '1.96', 'grad_norm': '1.395', 'learning_rate': '8.525e-05', 'entropy': '2.032', 'num_tokens': '1.224e+07', 'mean_token_accuracy': '0.5776', 'epoch': '0.5476'}

  0%|          | 0/600 [00:00<?, ?it/s][A

  0%|          | 2/600 [00:00<00:59, 10.03it/s][A

  1%|          | 4/600 [00:00<01:24,  7.02it/s][A

  1%|          | 5/600 [00:00<01:34,  6.33it/s][A

  1%|          | 6/600 [00:00<01:41,  5.85it/s][A

  1%|          | 7/600 [00:01<01:55,  5.15it/s][A

  1%|▏         | 8/600 [00:01<02:07,  4.66it/s][A

  2%|▏         | 9/600 [00:01<02:03,  4.78it/s][A

  2%|▏         | 10/600 [00:01<02:01,  4.84it/s][A

  2%|▏         | 11/600 [00:02<02:00,  4.87it/s][A

  2%|▏         | 12/600 [00:02<02:02,  4.80it/s][A

  2%|▏         | 13/600 [00:02<02:04,  4.72it/s][A

  2%|▏         | 14/600 [00:02<02:04,  4.69it/s][A

  2%|▎         | 15/600 [00:02<02:04,  4.68it/s][A

  3%|▎         | 16/600 [00:03<02:05,  4.64it/s][A

  3%|▎         | 17/600 [00:03<02:03,  4.74it/s][A

  3%|▎         | 18/600 [00:03<02:03,  4.72it/s][A

  3%|▎         | 19/600 [00:03<02:03,  4.71it/s][A

  3%|▎         | 20/600 [00:03<02:03,  4.71it/s][A

  4%|▎         | 21/600 [00:04<02:05,  4.63it/s][A

  4%|▎         | 22/600 [00:04<02:01,  4.76it/s][A

  4%|▍         | 23/600 [00:04<01:59,  4.84it/s][A

  4%|▍         | 24/600 [00:04<02:00,  4.79it/s][A

  4%|▍         | 25/600 [00:05<02:04,  4.63it/s][A

  4%|▍         | 26/600 [00:05<02:04,  4.63it/s][A

  4%|▍         | 27/600 [00:05<02:02,  4.68it/s][A

  5%|▍         | 28/600 [00:05<02:03,  4.62it/s][A

  5%|▍         | 29/600 [00:05<02:02,  4.68it/s][A

  5%|▌         | 30/600 [00:06<02:00,  4.74it/s][A

  5%|▌         | 31/600 [00:06<01:56,  4.87it/s][A

  5%|▌         | 32/600 [00:06<01:57,  4.83it/s][A

  6%|▌         | 33/600 [00:06<02:04,  4.54it/s][A

  6%|▌         | 34/600 [00:06<02:05,  4.52it/s][A

  6%|▌         | 35/600 [00:07<02:05,  4.51it/s][A

  6%|▌         | 36/600 [00:07<01:59,  4.71it/s][A

  6%|▌         | 37/600 [00:07<01:55,  4.88it/s][A

  6%|▋         | 38/600 [00:07<01:51,  5.05it/s][A

  6%|▋         | 39/600 [00:07<01:48,  5.18it/s][A

  7%|▋         | 40/600 [00:08<01:47,  5.22it/s][A

  7%|▋         | 41/600 [00:08<01:48,  5.16it/s][A

  7%|▋         | 42/600 [00:08<01:47,  5.19it/s][A

  7%|▋         | 43/600 [00:08<01:48,  5.14it/s][A

  7%|▋         | 44/600 [00:08<01:46,  5.23it/s][A

  8%|▊         | 45/600 [00:09<01:47,  5.16it/s][A

  8%|▊         | 46/600 [00:09<01:50,  5.00it/s][A

  8%|▊         | 47/600 [00:09<01:47,  5.15it/s][A

  8%|▊         | 48/600 [00:09<01:48,  5.11it/s][A

  8%|▊         | 49/600 [00:09<01:49,  5.05it/s][A

  8%|▊         | 50/600 [00:10<01:51,  4.94it/s][A

  8%|▊         | 51/600 [00:10<01:51,  4.92it/s][A

  9%|▊         | 52/600 [00:10<01:48,  5.07it/s][A

  9%|▉         | 53/600 [00:10<01:45,  5.17it/s][A

  9%|▉         | 54/600 [00:10<01:45,  5.16it/s][A

  9%|▉         | 55/600 [00:11<01:45,  5.15it/s][A

  9%|▉         | 56/600 [00:11<01:47,  5.06it/s][A

 10%|▉         | 57/600 [00:11<01:46,  5.08it/s][A

 10%|▉         | 58/600 [00:11<01:44,  5.18it/s][A

 10%|▉         | 59/600 [00:11<01:43,  5.23it/s][A

 10%|█         | 60/600 [00:12<01:44,  5.15it/s][A

 10%|█         | 61/600 [00:12<01:47,  5.03it/s][A

 10%|█         | 62/600 [00:12<01:48,  4.97it/s][A

 10%|█         | 63/600 [00:12<01:44,  5.15it/s][A

 11%|█         | 64/600 [00:12<01:45,  5.06it/s][A

 11%|█         | 65/600 [00:13<01:48,  4.95it/s][A

 11%|█         | 66/600 [00:13<01:50,  4.84it/s][A

 11%|█         | 67/600 [00:13<01:47,  4.97it/s][A

 11%|█▏        | 68/600 [00:13<01:45,  5.06it/s][A

 12%|█▏        | 69/600 [00:13<01:45,  5.03it/s][A

 12%|█▏        | 70/600 [00:14<01:48,  4.89it/s][A

 12%|█▏        | 71/600 [00:14<01:48,  4.88it/s][A

 12%|█▏        | 72/600 [00:14<01:46,  4.95it/s][A

 12%|█▏        | 73/600 [00:14<01:45,  4.98it/s][A

 12%|█▏        | 74/600 [00:14<01:44,  5.04it/s][A

 12%|█▎        | 75/600 [00:15<01:42,  5.12it/s][A

 13%|█▎        | 76/600 [00:15<01:41,  5.18it/s][A

 13%|█▎        | 77/600 [00:15<01:41,  5.14it/s][A

 13%|█▎        | 78/600 [00:15<01:41,  5.13it/s][A

 13%|█▎        | 79/600 [00:15<01:42,  5.06it/s][A

 13%|█▎        | 80/600 [00:16<01:43,  5.00it/s][A

 14%|█▎        | 81/600 [00:16<01:45,  4.90it/s][A

 14%|█▎        | 82/600 [00:16<01:47,  4.83it/s][A

 14%|█▍        | 83/600 [00:16<01:43,  4.98it/s][A

 14%|█▍        | 84/600 [00:16<01:46,  4.86it/s][A

 14%|█▍        | 85/600 [00:17<01:45,  4.88it/s][A

 14%|█▍        | 86/600 [00:17<01:43,  4.96it/s][A

 14%|█▍        | 87/600 [00:17<01:40,  5.11it/s][A

 15%|█▍        | 88/600 [00:17<01:40,  5.11it/s][A

 15%|█▍        | 89/600 [00:17<01:39,  5.14it/s][A

 15%|█▌        | 90/600 [00:18<01:42,  4.98it/s][A

 15%|█▌        | 91/600 [00:18<01:42,  4.99it/s][A

 15%|█▌        | 92/600 [00:18<01:39,  5.12it/s][A

 16%|█▌        | 93/600 [00:18<01:37,  5.21it/s][A

 16%|█▌        | 94/600 [00:18<01:37,  5.18it/s][A

 16%|█▌        | 95/600 [00:19<01:45,  4.80it/s][A

 16%|█▌        | 96/600 [00:19<01:45,  4.79it/s][A

 16%|█▌        | 97/600 [00:19<01:47,  4.69it/s][A

 16%|█▋        | 98/600 [00:19<01:43,  4.83it/s][A

 16%|█▋        | 99/600 [00:19<01:40,  4.99it/s][A

 17%|█▋        | 100/600 [00:20<01:38,  5.08it/s][A

 17%|█▋        | 101/600 [00:20<01:35,  5.21it/s][A

 17%|█▋        | 102/600 [00:20<01:35,  5.24it/s][A

 17%|█▋        | 103/600 [00:20<01:34,  5.24it/s][A

 17%|█▋        | 104/600 [00:20<01:33,  5.28it/s][A

 18%|█▊        | 105/600 [00:21<01:34,  5.22it/s][A

 18%|█▊        | 106/600 [00:21<01:34,  5.22it/s][A

 18%|█▊        | 107/600 [00:21<01:33,  5.29it/s][A

 18%|█▊        | 108/600 [00:21<01:32,  5.33it/s][A

 18%|█▊        | 109/600 [00:21<01:31,  5.39it/s][A

 18%|█▊        | 110/600 [00:21<01:36,  5.08it/s][A

 18%|█▊        | 111/600 [00:22<01:41,  4.82it/s][A

 19%|█▊        | 112/600 [00:22<01:41,  4.82it/s][A

 19%|█▉        | 113/600 [00:22<01:37,  5.00it/s][A

 19%|█▉        | 114/600 [00:22<01:41,  4.78it/s][A

 19%|█▉        | 115/600 [00:23<01:42,  4.72it/s][A

 19%|█▉        | 116/600 [00:23<01:41,  4.76it/s][A

 20%|█▉        | 117/600 [00:23<01:39,  4.86it/s][A

 20%|█▉        | 118/600 [00:23<01:35,  5.03it/s][A

 20%|█▉        | 119/600 [00:23<01:34,  5.10it/s][A

 20%|██        | 120/600 [00:24<01:37,  4.93it/s][A

 20%|██        | 121/600 [00:24<01:39,  4.84it/s][A

 20%|██        | 122/600 [00:24<01:40,  4.76it/s][A

 20%|██        | 123/600 [00:24<01:39,  4.80it/s][A

 21%|██        | 124/600 [00:24<01:43,  4.61it/s][A

 21%|██        | 125/600 [00:25<01:44,  4.53it/s][A

 21%|██        | 126/600 [00:25<01:45,  4.50it/s][A

 21%|██        | 127/600 [00:25<01:44,  4.54it/s][A

 21%|██▏       | 128/600 [00:25<01:43,  4.57it/s][A

 22%|██▏       | 129/600 [00:25<01:40,  4.70it/s][A

 22%|██▏       | 130/600 [00:26<01:38,  4.79it/s][A

 22%|██▏       | 131/600 [00:26<01:34,  4.94it/s][A

 22%|██▏       | 132/600 [00:26<01:34,  4.95it/s][A

 22%|██▏       | 133/600 [00:26<01:34,  4.94it/s][A

 22%|██▏       | 134/600 [00:27<01:39,  4.68it/s][A

 22%|██▎       | 135/600 [00:27<01:36,  4.83it/s][A

 23%|██▎       | 136/600 [00:27<01:37,  4.76it/s][A

 23%|██▎       | 137/600 [00:27<01:39,  4.66it/s][A

 23%|██▎       | 138/600 [00:27<01:39,  4.62it/s][A

 23%|██▎       | 139/600 [00:28<01:39,  4.64it/s][A

 23%|██▎       | 140/600 [00:28<01:36,  4.79it/s][A

 24%|██▎       | 141/600 [00:28<01:37,  4.72it/s][A

 24%|██▎       | 142/600 [00:28<01:34,  4.84it/s][A

 24%|██▍       | 143/600 [00:28<01:32,  4.93it/s][A

 24%|██▍       | 144/600 [00:29<01:30,  5.04it/s][A

 24%|██▍       | 145/600 [00:29<01:27,  5.21it/s][A

 24%|██▍       | 146/600 [00:29<01:25,  5.29it/s][A

 24%|██▍       | 147/600 [00:29<01:25,  5.28it/s][A

 25%|██▍       | 148/600 [00:29<01:25,  5.26it/s][A

 25%|██▍       | 149/600 [00:30<01:27,  5.18it/s][A

 25%|██▌       | 150/600 [00:30<01:26,  5.22it/s][A

 25%|██▌       | 151/600 [00:30<01:24,  5.29it/s][A

 25%|██▌       | 152/600 [00:30<01:23,  5.35it/s][A

 26%|██▌       | 153/600 [00:30<01:25,  5.20it/s][A

 26%|██▌       | 154/600 [00:30<01:24,  5.26it/s][A

 26%|██▌       | 155/600 [00:31<01:27,  5.11it/s][A

 26%|██▌       | 156/600 [00:31<01:27,  5.08it/s][A

 26%|██▌       | 157/600 [00:31<01:27,  5.07it/s][A

 26%|██▋       | 158/600 [00:31<01:25,  5.17it/s][A

 26%|██▋       | 159/600 [00:31<01:23,  5.26it/s][A

 27%|██▋       | 160/600 [00:32<01:22,  5.31it/s][A

 27%|██▋       | 161/600 [00:32<01:22,  5.31it/s][A

 27%|██▋       | 162/600 [00:32<01:24,  5.16it/s][A

 27%|██▋       | 163/600 [00:32<01:24,  5.20it/s][A

 27%|██▋       | 164/600 [00:32<01:24,  5.19it/s][A

 28%|██▊       | 165/600 [00:33<01:25,  5.06it/s][A

 28%|██▊       | 166/600 [00:33<01:25,  5.06it/s][A

 28%|██▊       | 167/600 [00:33<01:23,  5.16it/s][A

 28%|██▊       | 168/600 [00:33<01:24,  5.11it/s][A

 28%|██▊       | 169/600 [00:33<01:22,  5.20it/s][A

 28%|██▊       | 170/600 [00:34<01:22,  5.23it/s][A

 28%|██▊       | 171/600 [00:34<01:24,  5.07it/s][A

 29%|██▊       | 172/600 [00:34<01:29,  4.76it/s][A

 29%|██▉       | 173/600 [00:34<01:30,  4.71it/s][A

 29%|██▉       | 174/600 [00:34<01:28,  4.79it/s][A

 29%|██▉       | 175/600 [00:35<01:27,  4.85it/s][A

 29%|██▉       | 176/600 [00:35<01:27,  4.86it/s][A

 30%|██▉       | 177/600 [00:35<01:22,  5.11it/s][A

 30%|██▉       | 178/600 [00:35<01:22,  5.11it/s][A

 30%|██▉       | 179/600 [00:35<01:22,  5.11it/s][A

 30%|███       | 180/600 [00:36<01:24,  5.00it/s][A

 30%|███       | 181/600 [00:36<01:24,  4.98it/s][A

 30%|███       | 182/600 [00:36<01:23,  5.03it/s][A

 30%|███       | 183/600 [00:36<01:22,  5.06it/s][A

 31%|███       | 184/600 [00:36<01:22,  5.04it/s][A

 31%|███       | 185/600 [00:37<01:21,  5.11it/s][A

 31%|███       | 186/600 [00:37<01:18,  5.27it/s][A

 31%|███       | 187/600 [00:37<01:21,  5.09it/s][A

 31%|███▏      | 188/600 [00:37<01:22,  4.97it/s][A

 32%|███▏      | 189/600 [00:37<01:25,  4.82it/s][A

 32%|███▏      | 190/600 [00:38<01:25,  4.82it/s][A

 32%|███▏      | 191/600 [00:38<01:24,  4.82it/s][A

 32%|███▏      | 192/600 [00:38<01:22,  4.92it/s][A

 32%|███▏      | 193/600 [00:38<01:20,  5.07it/s][A

 32%|███▏      | 194/600 [00:38<01:19,  5.12it/s][A

 32%|███▎      | 195/600 [00:39<01:21,  4.99it/s][A

 33%|███▎      | 196/600 [00:39<01:20,  5.02it/s][A

 33%|███▎      | 197/600 [00:39<01:17,  5.19it/s][A

 33%|███▎      | 198/600 [00:39<01:15,  5.35it/s][A

 33%|███▎      | 199/600 [00:39<01:13,  5.44it/s][A

 33%|███▎      | 200/600 [00:40<01:13,  5.46it/s][A

 34%|███▎      | 201/600 [00:40<01:15,  5.31it/s][A

 34%|███▎      | 202/600 [00:40<01:14,  5.36it/s][A

 34%|███▍      | 203/600 [00:40<01:14,  5.34it/s][A

 34%|███▍      | 204/600 [00:40<01:15,  5.23it/s][A

 34%|███▍      | 205/600 [00:40<01:17,  5.12it/s][A

 34%|███▍      | 206/600 [00:41<01:16,  5.14it/s][A

 34%|███▍      | 207/600 [00:41<01:17,  5.06it/s][A

 35%|███▍      | 208/600 [00:41<01:15,  5.21it/s][A

 35%|███▍      | 209/600 [00:41<01:13,  5.32it/s][A

 35%|███▌      | 210/600 [00:41<01:14,  5.24it/s][A

 35%|███▌      | 211/600 [00:42<01:13,  5.30it/s][A

 35%|███▌      | 212/600 [00:42<01:12,  5.38it/s][A

 36%|███▌      | 213/600 [00:42<01:11,  5.41it/s][A

 36%|███▌      | 214/600 [00:42<01:10,  5.46it/s][A

 36%|███▌      | 215/600 [00:42<01:10,  5.43it/s][A

 36%|███▌      | 216/600 [00:43<01:11,  5.38it/s][A

 36%|███▌      | 217/600 [00:43<01:12,  5.29it/s][A

 36%|███▋      | 218/600 [00:43<01:14,  5.14it/s][A

 36%|███▋      | 219/600 [00:43<01:14,  5.12it/s][A

 37%|███▋      | 220/600 [00:43<01:16,  4.97it/s][A

 37%|███▋      | 221/600 [00:44<01:17,  4.90it/s][A

 37%|███▋      | 222/600 [00:44<01:17,  4.90it/s][A

 37%|███▋      | 223/600 [00:44<01:19,  4.73it/s][A

 37%|███▋      | 224/600 [00:44<01:17,  4.84it/s][A

 38%|███▊      | 225/600 [00:44<01:18,  4.78it/s][A

 38%|███▊      | 226/600 [00:45<01:16,  4.90it/s][A

 38%|███▊      | 227/600 [00:45<01:15,  4.95it/s][A

 38%|███▊      | 228/600 [00:45<01:12,  5.14it/s][A

 38%|███▊      | 229/600 [00:45<01:14,  4.96it/s][A

 38%|███▊      | 230/600 [00:45<01:11,  5.18it/s][A

 38%|███▊      | 231/600 [00:46<01:12,  5.12it/s][A

 39%|███▊      | 232/600 [00:46<01:11,  5.16it/s][A

 39%|███▉      | 233/600 [00:46<01:11,  5.11it/s][A

 39%|███▉      | 234/600 [00:46<01:10,  5.18it/s][A

 39%|███▉      | 235/600 [00:46<01:12,  5.02it/s][A

 39%|███▉      | 236/600 [00:47<01:10,  5.15it/s][A

 40%|███▉      | 237/600 [00:47<01:11,  5.11it/s][A

 40%|███▉      | 238/600 [00:47<01:09,  5.18it/s][A

 40%|███▉      | 239/600 [00:47<01:11,  5.05it/s][A

 40%|████      | 240/600 [00:47<01:09,  5.14it/s][A

 40%|████      | 241/600 [00:48<01:13,  4.90it/s][A

 40%|████      | 242/600 [00:48<01:12,  4.93it/s][A

 40%|████      | 243/600 [00:48<01:11,  5.01it/s][A

 41%|████      | 244/600 [00:48<01:10,  5.06it/s][A

 41%|████      | 245/600 [00:48<01:09,  5.07it/s][A

 41%|████      | 246/600 [00:49<01:13,  4.83it/s][A

 41%|████      | 247/600 [00:49<01:15,  4.69it/s][A

 41%|████▏     | 248/600 [00:49<01:13,  4.80it/s][A

 42%|████▏     | 249/600 [00:49<01:09,  5.02it/s][A

 42%|████▏     | 250/600 [00:49<01:07,  5.19it/s][A

 42%|████▏     | 251/600 [00:50<01:05,  5.34it/s][A

 42%|████▏     | 252/600 [00:50<01:04,  5.39it/s][A

 42%|████▏     | 253/600 [00:50<01:03,  5.46it/s][A

 42%|████▏     | 254/600 [00:50<01:04,  5.37it/s][A

 42%|████▎     | 255/600 [00:50<01:09,  4.97it/s][A

 43%|████▎     | 256/600 [00:51<01:09,  4.92it/s][A

 43%|████▎     | 257/600 [00:51<01:09,  4.96it/s][A

 43%|████▎     | 258/600 [00:51<01:06,  5.16it/s][A

 43%|████▎     | 259/600 [00:51<01:04,  5.27it/s][A

 43%|████▎     | 260/600 [00:51<01:02,  5.45it/s][A

 44%|████▎     | 261/600 [00:51<01:01,  5.52it/s][A

 44%|████▎     | 262/600 [00:52<01:01,  5.47it/s][A

 44%|████▍     | 263/600 [00:52<01:00,  5.54it/s][A

 44%|████▍     | 264/600 [00:52<01:00,  5.57it/s][A

 44%|████▍     | 265/600 [00:52<00:59,  5.60it/s][A

 44%|████▍     | 266/600 [00:52<00:59,  5.62it/s][A

 44%|████▍     | 267/600 [00:53<01:02,  5.35it/s][A

 45%|████▍     | 268/600 [00:53<01:02,  5.28it/s][A

 45%|████▍     | 269/600 [00:53<01:02,  5.32it/s][A

 45%|████▌     | 270/600 [00:53<01:02,  5.30it/s][A

 45%|████▌     | 271/600 [00:53<01:00,  5.42it/s][A

 45%|████▌     | 272/600 [00:53<01:01,  5.38it/s][A

 46%|████▌     | 273/600 [00:54<01:01,  5.35it/s][A

 46%|████▌     | 274/600 [00:54<01:00,  5.41it/s][A

 46%|████▌     | 275/600 [00:54<01:00,  5.40it/s][A

 46%|████▌     | 276/600 [00:54<00:58,  5.50it/s][A

 46%|████▌     | 277/600 [00:54<00:56,  5.69it/s][A

 46%|████▋     | 278/600 [00:55<00:55,  5.75it/s][A

 46%|████▋     | 279/600 [00:55<00:58,  5.45it/s][A

 47%|████▋     | 280/600 [00:55<00:59,  5.36it/s][A

 47%|████▋     | 281/600 [00:55<01:00,  5.27it/s][A

 47%|████▋     | 282/600 [00:55<01:04,  4.93it/s][A

 47%|████▋     | 283/600 [00:56<01:05,  4.86it/s][A

 47%|████▋     | 284/600 [00:56<01:04,  4.92it/s][A

 48%|████▊     | 285/600 [00:56<01:01,  5.14it/s][A

 48%|████▊     | 286/600 [00:56<01:05,  4.82it/s][A

 48%|████▊     | 287/600 [00:56<01:04,  4.88it/s][A

 48%|████▊     | 288/600 [00:57<01:04,  4.82it/s][A

 48%|████▊     | 289/600 [00:57<01:03,  4.89it/s][A

 48%|████▊     | 290/600 [00:57<01:01,  5.01it/s][A

 48%|████▊     | 291/600 [00:57<00:59,  5.21it/s][A

 49%|████▊     | 292/600 [00:57<00:57,  5.33it/s][A

 49%|████▉     | 293/600 [00:58<01:00,  5.05it/s][A

 49%|████▉     | 294/600 [00:58<00:58,  5.26it/s][A

 49%|████▉     | 295/600 [00:58<00:58,  5.24it/s][A

 49%|████▉     | 296/600 [00:58<00:56,  5.40it/s][A

 50%|████▉     | 297/600 [00:58<00:57,  5.29it/s][A

 50%|████▉     | 298/600 [00:58<00:58,  5.16it/s][A

 50%|████▉     | 299/600 [00:59<00:57,  5.19it/s][A

 50%|█████     | 300/600 [00:59<00:56,  5.27it/s][A

 50%|█████     | 301/600 [00:59<00:56,  5.26it/s][A

 50%|█████     | 302/600 [00:59<00:55,  5.32it/s][A

 50%|█████     | 303/600 [00:59<00:56,  5.27it/s][A

 51%|█████     | 304/600 [01:00<00:57,  5.18it/s][A

 51%|█████     | 305/600 [01:00<00:57,  5.09it/s][A

 51%|█████     | 306/600 [01:00<00:56,  5.19it/s][A

 51%|█████     | 307/600 [01:00<00:56,  5.20it/s][A

 51%|█████▏    | 308/600 [01:00<00:55,  5.31it/s][A

 52%|█████▏    | 309/600 [01:01<00:53,  5.43it/s][A

 52%|█████▏    | 310/600 [01:01<00:52,  5.56it/s][A

 52%|█████▏    | 311/600 [01:01<00:52,  5.48it/s][A

 52%|█████▏    | 312/600 [01:01<00:51,  5.56it/s][A

 52%|█████▏    | 313/600 [01:01<00:52,  5.47it/s][A

 52%|█████▏    | 314/600 [01:01<00:52,  5.46it/s][A

 52%|█████▎    | 315/600 [01:02<00:52,  5.44it/s][A

 53%|█████▎    | 316/600 [01:02<00:51,  5.51it/s][A

 53%|█████▎    | 317/600 [01:02<00:50,  5.58it/s][A

 53%|█████▎    | 318/600 [01:02<00:50,  5.60it/s][A

 53%|█████▎    | 319/600 [01:02<00:50,  5.61it/s][A

 53%|█████▎    | 320/600 [01:03<00:50,  5.58it/s][A

 54%|█████▎    | 321/600 [01:03<00:50,  5.51it/s][A

 54%|█████▎    | 322/600 [01:03<00:50,  5.49it/s][A

 54%|█████▍    | 323/600 [01:03<00:53,  5.20it/s][A

 54%|█████▍    | 324/600 [01:03<00:53,  5.18it/s][A

 54%|█████▍    | 325/600 [01:03<00:50,  5.42it/s][A

 54%|█████▍    | 326/600 [01:04<00:50,  5.45it/s][A

 55%|█████▍    | 327/600 [01:04<00:49,  5.52it/s][A

 55%|█████▍    | 328/600 [01:04<00:48,  5.58it/s][A

 55%|█████▍    | 329/600 [01:04<00:48,  5.60it/s][A

 55%|█████▌    | 330/600 [01:04<00:48,  5.57it/s][A

 55%|█████▌    | 331/600 [01:05<00:48,  5.53it/s][A

 55%|█████▌    | 332/600 [01:05<00:50,  5.34it/s][A

 56%|█████▌    | 333/600 [01:05<00:48,  5.45it/s][A

 56%|█████▌    | 334/600 [01:05<00:48,  5.46it/s][A

 56%|█████▌    | 335/600 [01:05<00:49,  5.36it/s][A

 56%|█████▌    | 336/600 [01:06<00:51,  5.16it/s][A

 56%|█████▌    | 337/600 [01:06<00:50,  5.16it/s][A

 56%|█████▋    | 338/600 [01:06<00:50,  5.16it/s][A

 56%|█████▋    | 339/600 [01:06<00:51,  5.10it/s][A

 57%|█████▋    | 340/600 [01:06<00:53,  4.90it/s][A

 57%|█████▋    | 341/600 [01:07<00:54,  4.77it/s][A

 57%|█████▋    | 342/600 [01:07<00:52,  4.89it/s][A

 57%|█████▋    | 343/600 [01:07<00:53,  4.78it/s][A

 57%|█████▋    | 344/600 [01:07<00:53,  4.81it/s][A

 57%|█████▊    | 345/600 [01:07<00:51,  4.93it/s][A

 58%|█████▊    | 346/600 [01:08<00:51,  4.89it/s][A

 58%|█████▊    | 347/600 [01:08<00:50,  5.02it/s][A

 58%|█████▊    | 348/600 [01:08<00:50,  5.01it/s][A

 58%|█████▊    | 349/600 [01:08<00:50,  4.95it/s][A

 58%|█████▊    | 350/600 [01:08<00:51,  4.82it/s][A

 58%|█████▊    | 351/600 [01:09<00:51,  4.85it/s][A

 59%|█████▊    | 352/600 [01:09<00:49,  4.99it/s][A

 59%|█████▉    | 353/600 [01:09<00:51,  4.83it/s][A

 59%|█████▉    | 354/600 [01:09<00:50,  4.86it/s][A

 59%|█████▉    | 355/600 [01:09<00:50,  4.85it/s][A

 59%|█████▉    | 356/600 [01:10<00:49,  4.96it/s][A

 60%|█████▉    | 357/600 [01:10<00:49,  4.92it/s][A

 60%|█████▉    | 358/600 [01:10<00:47,  5.12it/s][A

 60%|█████▉    | 359/600 [01:10<00:46,  5.19it/s][A

 60%|██████    | 360/600 [01:10<00:45,  5.30it/s][A

 60%|██████    | 361/600 [01:11<00:44,  5.42it/s][A

 60%|██████    | 362/600 [01:11<00:43,  5.47it/s][A

 60%|██████    | 363/600 [01:11<00:42,  5.54it/s][A

 61%|██████    | 364/600 [01:11<00:42,  5.62it/s][A

 61%|██████    | 365/600 [01:11<00:41,  5.65it/s][A

 61%|██████    | 366/600 [01:11<00:41,  5.60it/s][A

 61%|██████    | 367/600 [01:12<00:41,  5.62it/s][A

 61%|██████▏   | 368/600 [01:12<00:40,  5.69it/s][A

 62%|██████▏   | 369/600 [01:12<00:40,  5.68it/s][A

 62%|██████▏   | 370/600 [01:12<00:41,  5.57it/s][A

 62%|██████▏   | 371/600 [01:12<00:41,  5.56it/s][A

 62%|██████▏   | 372/600 [01:12<00:41,  5.54it/s][A

 62%|██████▏   | 373/600 [01:13<00:40,  5.67it/s][A

 62%|██████▏   | 374/600 [01:13<00:39,  5.77it/s][A

 62%|██████▎   | 375/600 [01:13<00:38,  5.80it/s][A

 63%|██████▎   | 376/600 [01:13<00:38,  5.83it/s][A

 63%|██████▎   | 377/600 [01:13<00:37,  5.88it/s][A

 63%|██████▎   | 378/600 [01:13<00:38,  5.80it/s][A

 63%|██████▎   | 379/600 [01:14<00:38,  5.69it/s][A

 63%|██████▎   | 380/600 [01:14<00:39,  5.56it/s][A

 64%|██████▎   | 381/600 [01:14<00:39,  5.55it/s][A

 64%|██████▎   | 382/600 [01:14<00:39,  5.56it/s][A

 64%|██████▍   | 383/600 [01:14<00:37,  5.72it/s][A

 64%|██████▍   | 384/600 [01:15<00:37,  5.79it/s][A

 64%|██████▍   | 385/600 [01:15<00:36,  5.83it/s][A

 64%|██████▍   | 386/600 [01:15<00:36,  5.85it/s][A

 64%|██████▍   | 387/600 [01:15<00:36,  5.77it/s][A

 65%|██████▍   | 388/600 [01:15<00:37,  5.63it/s][A

 65%|██████▍   | 389/600 [01:15<00:37,  5.63it/s][A

 65%|██████▌   | 390/600 [01:16<00:39,  5.37it/s][A

 65%|██████▌   | 391/600 [01:16<00:38,  5.43it/s][A

 65%|██████▌   | 392/600 [01:16<00:37,  5.51it/s][A

 66%|██████▌   | 393/600 [01:16<00:38,  5.42it/s][A

 66%|██████▌   | 394/600 [01:16<00:37,  5.46it/s][A

 66%|██████▌   | 395/600 [01:17<00:37,  5.53it/s][A

 66%|██████▌   | 396/600 [01:17<00:38,  5.31it/s][A

 66%|██████▌   | 397/600 [01:17<00:39,  5.11it/s][A

 66%|██████▋   | 398/600 [01:17<00:38,  5.19it/s][A

 66%|██████▋   | 399/600 [01:17<00:37,  5.43it/s][A

 67%|██████▋   | 400/600 [01:18<00:38,  5.18it/s][A

 67%|██████▋   | 401/600 [01:18<00:36,  5.39it/s][A

 67%|██████▋   | 402/600 [01:18<00:36,  5.44it/s][A

 67%|██████▋   | 403/600 [01:18<00:35,  5.51it/s][A

 67%|██████▋   | 404/600 [01:18<00:35,  5.50it/s][A

 68%|██████▊   | 405/600 [01:18<00:35,  5.49it/s][A

 68%|██████▊   | 406/600 [01:19<00:35,  5.51it/s][A

 68%|██████▊   | 407/600 [01:19<00:35,  5.51it/s][A

 68%|██████▊   | 408/600 [01:19<00:34,  5.59it/s][A

 68%|██████▊   | 409/600 [01:19<00:33,  5.74it/s][A

 68%|██████▊   | 410/600 [01:19<00:34,  5.47it/s][A

 68%|██████▊   | 411/600 [01:19<00:34,  5.56it/s][A

 69%|██████▊   | 412/600 [01:20<00:33,  5.59it/s][A

 69%|██████▉   | 413/600 [01:20<00:34,  5.42it/s][A

 69%|██████▉   | 414/600 [01:20<00:34,  5.36it/s][A

 69%|██████▉   | 415/600 [01:20<00:35,  5.21it/s][A

 69%|██████▉   | 416/600 [01:20<00:34,  5.35it/s][A

 70%|██████▉   | 417/600 [01:21<00:34,  5.38it/s][A

 70%|██████▉   | 418/600 [01:21<00:33,  5.44it/s][A

 70%|██████▉   | 419/600 [01:21<00:32,  5.52it/s][A

 70%|███████   | 420/600 [01:21<00:32,  5.57it/s][A

 70%|███████   | 421/600 [01:21<00:32,  5.47it/s][A

 70%|███████   | 422/600 [01:22<00:33,  5.34it/s][A

 70%|███████   | 423/600 [01:22<00:32,  5.45it/s][A

 71%|███████   | 424/600 [01:22<00:32,  5.41it/s][A

 71%|███████   | 425/600 [01:22<00:31,  5.47it/s][A

 71%|███████   | 426/600 [01:22<00:31,  5.61it/s][A

 71%|███████   | 427/600 [01:22<00:31,  5.53it/s][A

 71%|███████▏  | 428/600 [01:23<00:32,  5.32it/s][A

 72%|███████▏  | 429/600 [01:23<00:32,  5.29it/s][A

 72%|███████▏  | 430/600 [01:23<00:31,  5.32it/s][A

 72%|███████▏  | 431/600 [01:23<00:31,  5.45it/s][A

 72%|███████▏  | 432/600 [01:23<00:29,  5.61it/s][A

 72%|███████▏  | 433/600 [01:24<00:29,  5.67it/s][A

 72%|███████▏  | 434/600 [01:24<00:28,  5.74it/s][A

 72%|███████▎  | 435/600 [01:24<00:28,  5.83it/s][A

 73%|███████▎  | 436/600 [01:24<00:28,  5.67it/s][A

 73%|███████▎  | 437/600 [01:24<00:28,  5.73it/s][A

 73%|███████▎  | 438/600 [01:24<00:28,  5.73it/s][A

 73%|███████▎  | 439/600 [01:25<00:28,  5.68it/s][A

 73%|███████▎  | 440/600 [01:25<00:28,  5.63it/s][A

 74%|███████▎  | 441/600 [01:25<00:28,  5.58it/s][A

 74%|███████▎  | 442/600 [01:25<00:27,  5.71it/s][A

 74%|███████▍  | 443/600 [01:25<00:27,  5.65it/s][A

 74%|███████▍  | 444/600 [01:25<00:27,  5.70it/s][A

 74%|███████▍  | 445/600 [01:26<00:28,  5.38it/s][A

 74%|███████▍  | 446/600 [01:26<00:29,  5.20it/s][A

 74%|███████▍  | 447/600 [01:26<00:31,  4.87it/s][A

 75%|███████▍  | 448/600 [01:26<00:31,  4.89it/s][A

 75%|███████▍  | 449/600 [01:27<00:30,  4.97it/s][A

 75%|███████▌  | 450/600 [01:27<00:31,  4.82it/s][A

 75%|███████▌  | 451/600 [01:27<00:32,  4.54it/s][A

 75%|███████▌  | 452/600 [01:27<00:32,  4.57it/s][A

 76%|███████▌  | 453/600 [01:27<00:31,  4.62it/s][A

 76%|███████▌  | 454/600 [01:28<00:30,  4.72it/s][A

 76%|███████▌  | 455/600 [01:28<00:30,  4.82it/s][A

 76%|███████▌  | 456/600 [01:28<00:29,  4.86it/s][A

 76%|███████▌  | 457/600 [01:28<00:29,  4.91it/s][A

 76%|███████▋  | 458/600 [01:28<00:29,  4.84it/s][A

 76%|███████▋  | 459/600 [01:29<00:28,  4.91it/s][A

 77%|███████▋  | 460/600 [01:29<00:29,  4.82it/s][A

 77%|███████▋  | 461/600 [01:29<00:29,  4.77it/s][A

 77%|███████▋  | 462/600 [01:29<00:28,  4.80it/s][A

 77%|███████▋  | 463/600 [01:29<00:29,  4.67it/s][A

 77%|███████▋  | 464/600 [01:30<00:29,  4.68it/s][A

 78%|███████▊  | 465/600 [01:30<00:29,  4.57it/s][A

 78%|███████▊  | 466/600 [01:30<00:29,  4.60it/s][A

 78%|███████▊  | 467/600 [01:30<00:28,  4.73it/s][A

 78%|███████▊  | 468/600 [01:31<00:26,  4.92it/s][A

 78%|███████▊  | 469/600 [01:31<00:26,  5.00it/s][A

 78%|███████▊  | 470/600 [01:31<00:25,  5.04it/s][A

 78%|███████▊  | 471/600 [01:31<00:27,  4.76it/s][A

 79%|███████▊  | 472/600 [01:31<00:27,  4.67it/s][A

 79%|███████▉  | 473/600 [01:32<00:26,  4.79it/s][A

 79%|███████▉  | 474/600 [01:32<00:26,  4.81it/s][A

 79%|███████▉  | 475/600 [01:32<00:24,  5.07it/s][A

 79%|███████▉  | 476/600 [01:32<00:24,  5.07it/s][A

 80%|███████▉  | 477/600 [01:32<00:23,  5.20it/s][A

 80%|███████▉  | 478/600 [01:33<00:23,  5.25it/s][A

 80%|███████▉  | 479/600 [01:33<00:22,  5.39it/s][A

 80%|████████  | 480/600 [01:33<00:22,  5.39it/s][A

 80%|████████  | 481/600 [01:33<00:22,  5.38it/s][A

 80%|████████  | 482/600 [01:33<00:21,  5.40it/s][A

 80%|████████  | 483/600 [01:33<00:21,  5.52it/s][A

 81%|████████  | 484/600 [01:34<00:21,  5.50it/s][A

 81%|████████  | 485/600 [01:34<00:21,  5.37it/s][A

 81%|████████  | 486/600 [01:34<00:22,  5.17it/s][A

 81%|████████  | 487/600 [01:34<00:21,  5.16it/s][A

 81%|████████▏ | 488/600 [01:34<00:21,  5.29it/s][A

 82%|████████▏ | 489/600 [01:35<00:21,  5.17it/s][A

 82%|████████▏ | 490/600 [01:35<00:20,  5.29it/s][A

 82%|████████▏ | 491/600 [01:35<00:20,  5.31it/s][A

 82%|████████▏ | 492/600 [01:35<00:20,  5.21it/s][A

 82%|████████▏ | 493/600 [01:35<00:20,  5.24it/s][A

 82%|████████▏ | 494/600 [01:36<00:20,  5.29it/s][A

 82%|████████▎ | 495/600 [01:36<00:19,  5.43it/s][A

 83%|████████▎ | 496/600 [01:36<00:18,  5.58it/s][A

 83%|████████▎ | 497/600 [01:36<00:18,  5.59it/s][A

 83%|████████▎ | 498/600 [01:36<00:18,  5.52it/s][A

 83%|████████▎ | 499/600 [01:36<00:18,  5.56it/s][A

 83%|████████▎ | 500/600 [01:37<00:17,  5.60it/s][A

 84%|████████▎ | 501/600 [01:37<00:17,  5.55it/s][A

 84%|████████▎ | 502/600 [01:37<00:17,  5.50it/s][A

 84%|████████▍ | 503/600 [01:37<00:17,  5.45it/s][A

 84%|████████▍ | 504/600 [01:37<00:17,  5.52it/s][A

 84%|████████▍ | 505/600 [01:37<00:17,  5.55it/s][A

 84%|████████▍ | 506/600 [01:38<00:16,  5.57it/s][A

 84%|████████▍ | 507/600 [01:38<00:16,  5.62it/s][A

 85%|████████▍ | 508/600 [01:38<00:16,  5.62it/s][A

 85%|████████▍ | 509/600 [01:38<00:16,  5.49it/s][A

 85%|████████▌ | 510/600 [01:38<00:16,  5.45it/s][A

 85%|████████▌ | 511/600 [01:39<00:16,  5.24it/s][A

 85%|████████▌ | 512/600 [01:39<00:17,  5.02it/s][A

 86%|████████▌ | 513/600 [01:39<00:18,  4.78it/s][A

 86%|████████▌ | 514/600 [01:39<00:17,  4.80it/s][A

 86%|████████▌ | 515/600 [01:39<00:16,  5.05it/s][A

 86%|████████▌ | 516/600 [01:40<00:16,  5.19it/s][A

 86%|████████▌ | 517/600 [01:40<00:16,  5.19it/s][A

 86%|████████▋ | 518/600 [01:40<00:15,  5.20it/s][A

 86%|████████▋ | 519/600 [01:40<00:15,  5.15it/s][A

 87%|████████▋ | 520/600 [01:40<00:15,  5.22it/s][A

 87%|████████▋ | 521/600 [01:41<00:15,  5.14it/s][A

 87%|████████▋ | 522/600 [01:41<00:14,  5.22it/s][A

 87%|████████▋ | 523/600 [01:41<00:15,  5.09it/s][A

 87%|████████▋ | 524/600 [01:41<00:14,  5.20it/s][A

 88%|████████▊ | 525/600 [01:41<00:14,  5.14it/s][A

 88%|████████▊ | 526/600 [01:42<00:14,  5.21it/s][A

 88%|████████▊ | 527/600 [01:42<00:13,  5.27it/s][A

 88%|████████▊ | 528/600 [01:42<00:13,  5.30it/s][A

 88%|████████▊ | 529/600 [01:42<00:13,  5.45it/s][A

 88%|████████▊ | 530/600 [01:42<00:13,  5.35it/s][A

 88%|████████▊ | 531/600 [01:42<00:12,  5.47it/s][A

 89%|████████▊ | 532/600 [01:43<00:12,  5.61it/s][A

 89%|████████▉ | 533/600 [01:43<00:11,  5.61it/s][A

 89%|████████▉ | 534/600 [01:43<00:11,  5.59it/s][A

 89%|████████▉ | 535/600 [01:43<00:11,  5.61it/s][A

 89%|████████▉ | 536/600 [01:43<00:11,  5.61it/s][A

 90%|████████▉ | 537/600 [01:44<00:11,  5.60it/s][A

 90%|████████▉ | 538/600 [01:44<00:10,  5.68it/s][A

 90%|████████▉ | 539/600 [01:44<00:10,  5.66it/s][A

 90%|█████████ | 540/600 [01:44<00:10,  5.69it/s][A

 90%|█████████ | 541/600 [01:44<00:10,  5.55it/s][A

 90%|█████████ | 542/600 [01:44<00:10,  5.57it/s][A

 90%|█████████ | 543/600 [01:45<00:10,  5.51it/s][A

 91%|█████████ | 544/600 [01:45<00:09,  5.64it/s][A

 91%|█████████ | 545/600 [01:45<00:09,  5.64it/s][A

 91%|█████████ | 546/600 [01:45<00:09,  5.64it/s][A

 91%|█████████ | 547/600 [01:45<00:09,  5.66it/s][A

 91%|█████████▏| 548/600 [01:45<00:09,  5.77it/s][A

 92%|█████████▏| 549/600 [01:46<00:08,  5.70it/s][A

 92%|█████████▏| 550/600 [01:46<00:08,  5.68it/s][A

 92%|█████████▏| 551/600 [01:46<00:08,  5.66it/s][A

 92%|█████████▏| 552/600 [01:46<00:08,  5.57it/s][A

 92%|█████████▏| 553/600 [01:46<00:08,  5.47it/s][A

 92%|█████████▏| 554/600 [01:47<00:08,  5.53it/s][A

 92%|█████████▎| 555/600 [01:47<00:08,  5.55it/s][A

 93%|█████████▎| 556/600 [01:47<00:07,  5.56it/s][A

 93%|█████████▎| 557/600 [01:47<00:08,  5.36it/s][A

 93%|█████████▎| 558/600 [01:47<00:07,  5.30it/s][A

 93%|█████████▎| 559/600 [01:47<00:07,  5.42it/s][A

 93%|█████████▎| 560/600 [01:48<00:07,  5.26it/s][A

 94%|█████████▎| 561/600 [01:48<00:07,  5.19it/s][A

 94%|█████████▎| 562/600 [01:48<00:07,  5.15it/s][A

 94%|█████████▍| 563/600 [01:48<00:07,  5.15it/s][A

 94%|█████████▍| 564/600 [01:48<00:07,  5.08it/s][A

 94%|█████████▍| 565/600 [01:49<00:06,  5.09it/s][A

 94%|█████████▍| 566/600 [01:49<00:06,  5.03it/s][A

 94%|█████████▍| 567/600 [01:49<00:06,  5.01it/s][A

 95%|█████████▍| 568/600 [01:49<00:06,  5.00it/s][A

 95%|█████████▍| 569/600 [01:49<00:06,  5.02it/s][A

 95%|█████████▌| 570/600 [01:50<00:05,  5.05it/s][A

 95%|█████████▌| 571/600 [01:50<00:05,  5.17it/s][A

 95%|█████████▌| 572/600 [01:50<00:05,  5.12it/s][A

 96%|█████████▌| 573/600 [01:50<00:05,  5.14it/s][A

 96%|█████████▌| 574/600 [01:50<00:04,  5.23it/s][A

 96%|█████████▌| 575/600 [01:51<00:04,  5.12it/s][A

 96%|█████████▌| 576/600 [01:51<00:04,  5.05it/s][A

 96%|█████████▌| 577/600 [01:51<00:04,  5.24it/s][A

 96%|█████████▋| 578/600 [01:51<00:04,  5.35it/s][A

 96%|█████████▋| 579/600 [01:51<00:04,  5.14it/s][A

 97%|█████████▋| 580/600 [01:52<00:03,  5.04it/s][A

 97%|█████████▋| 581/600 [01:52<00:03,  5.17it/s][A

 97%|█████████▋| 582/600 [01:52<00:03,  4.98it/s][A

 97%|█████████▋| 583/600 [01:52<00:03,  4.97it/s][A

 97%|█████████▋| 584/600 [01:52<00:03,  4.90it/s][A

 98%|█████████▊| 585/600 [01:53<00:02,  5.06it/s][A

 98%|█████████▊| 586/600 [01:53<00:02,  5.14it/s][A

 98%|█████████▊| 587/600 [01:53<00:02,  5.14it/s][A

 98%|█████████▊| 588/600 [01:53<00:02,  5.06it/s][A

 98%|█████████▊| 589/600 [01:53<00:02,  5.18it/s][A

 98%|█████████▊| 590/600 [01:54<00:01,  5.29it/s][A

 98%|█████████▊| 591/600 [01:54<00:01,  5.24it/s][A

 99%|█████████▊| 592/600 [01:54<00:01,  5.38it/s][A

 99%|█████████▉| 593/600 [01:54<00:01,  5.37it/s][A

 99%|█████████▉| 594/600 [01:54<00:01,  5.54it/s][A

 99%|█████████▉| 595/600 [01:54<00:00,  5.53it/s][A

 99%|█████████▉| 596/600 [01:55<00:00,  5.53it/s][A

100%|█████████▉| 597/600 [01:55<00:00,  5.51it/s][A

100%|█████████▉| 598/600 [01:55<00:00,  5.45it/s][A

100%|█████████▉| 599/600 [01:55<00:00,  5.47it/s][A

100%|██████████| 600/600 [01:55<00:00,  5.43it/s][A
                                                       


                                                 
[A
 27%|██▋       | 1200/4384 [2:20:14<6:05:13,  6.88s/it]

100%|██████████| 600/600 [01:55<00:00,  5.43it/s][A

                                                 [A
 27%|██▋       | 1201/4384 [2:20:21<37:03:31, 41.91s/it]
 27%|██▋       | 1202/4384 [2:20:28<27:45:01, 31.40s/it]
 27%|██▋       | 1203/4384 [2:20:35<21:13:00, 24.01s/it]
 27%|██▋       | 1204/4384 [2:20:41<16:34:52, 18.77s/it]
 27%|██▋       | 1205/4384 [2:20:48<13:21:02, 15.12s/it]
 28%|██▊       | 1206/4384 [2:20:55<11:08:45, 12.63s/it]
 28%|██▊       | 1207/4384 [2:21:02<9:37:34, 10.91s/it] 
 28%|██▊       | 1208/4384 [2:21:08<8:27:11,  9.58s/it]
 28%|██▊       | 1209/4384 [2:21:15<7:40:25,  8.70s/it]
 28%|██▊       | 1210/4384 [2:21:22<7:10:02,  8.13s/it]
 28%|██▊       | 1211/4384 [2:21:28<6:44:42,  7.65s/it]
 28%|██▊       | 1212/4384 [2:21:35<6:25:33,  7.29s/it]
 28%|██▊       | 1213/4384 [2:21:41<6:17:19,  7.14s/it]
 28%|██▊       | 1214/4384 [2:21:48<6:06:56,  6.95s/it]
 28%|██▊       | 1215/4384 [2:21:55<6:05:28,  6.92s/it]
 28%|██▊       | 1216/4384 [2:22:02<6:04:16,  6.90s/it]
 28%|██▊       | 1217/4384 [2:22:08<5:56:43,  6.76s/it]
 28%|██▊       | 1218/4384 [2:22:15<6:02:42,  6.87s/it]
 28%|██▊       | 1219/4384 [2:22:22<6:02:46,  6.88s/it]
 28%|██▊       | 1220/4384 [2:22:29<5:58:39,  6.80s/it]
                                                       

 28%|██▊       | 1220/4384 [2:22:29<5:58:39,  6.80s/it]
 28%|██▊       | 1221/4384 [2:22:35<5:57:40,  6.78s/it]
 28%|██▊       | 1222/4384 [2:22:42<5:59:53,  6.83s/it]
 28%|██▊       | 1223/4384 [2:22:49<5:51:39,  6.67s/it]
 28%|██▊       | 1224/4384 [2:22:55<5:52:57,  6.70s/it]
 28%|██▊       | 1225/4384 [2:23:03<5:59:32,  6.83s/it]
 28%|██▊       | 1226/4384 [2:23:09<5:53:33,  6.72s/it]
 28%|██▊       | 1227/4384 [2:23:15<5:46:26,  6.58s/it]
 28%|██▊       | 1228/4384 [2:23:22<5:46:57,  6.60s/it]
 28%|██▊       | 1229/4384 [2:23:29<5:50:58,  6.67s/it]
 28%|██▊       | 1230/4384 [2:23:36<5:52:07,  6.70s/it]
 28%|██▊       | 1231/4384 [2:23:42<5:48:18,  6.63s/it]
 28%|██▊       | 1232/4384 [2:23:49<5:53:12,  6.72s/it]
 28%|██▊       | 1233/4384 [2:23:55<5:49:46,  6.66s/it]
 28%|██▊       | 1234/4384 [2:24:02<5:42:09,  6.52s/it]
 28%|██▊       | 1235/4384 [2:24:08<5:42:49,  6.53s/it]
 28%|██▊       | 1236/4384 [2:24:15<5:48:10,  6.64s/it]
 28%|██▊       | 1237/4384 [2:24:21<5:41:30,  6.51s/it]
 28%|██▊       | 1238/4384 [2:24:28<5:39:08,  6.47s/it]
 28%|██▊       | 1239/4384 [2:24:34<5:41:55,  6.52s/it]
 28%|██▊       | 1240/4384 [2:24:41<5:42:24,  6.53s/it]
                                                       

 28%|██▊       | 1240/4384 [2:24:41<5:42:24,  6.53s/it]
 28%|██▊       | 1241/4384 [2:24:47<5:42:12,  6.53s/it]
 28%|██▊       | 1242/4384 [2:24:54<5:40:43,  6.51s/it]
 28%|██▊       | 1243/4384 [2:25:00<5:38:02,  6.46s/it]
 28%|██▊       | 1244/4384 [2:25:07<5:40:46,  6.51s/it]
 28%|██▊       | 1245/4384 [2:25:13<5:37:22,  6.45s/it]
 28%|██▊       | 1246/4384 [2:25:20<5:39:56,  6.50s/it]
 28%|██▊       | 1247/4384 [2:25:27<5:49:16,  6.68s/it]
 28%|██▊       | 1248/4384 [2:25:34<5:54:09,  6.78s/it]
 28%|██▊       | 1249/4384 [2:25:41<5:52:42,  6.75s/it]
 29%|██▊       | 1250/4384 [2:25:48<5:56:05,  6.82s/it]
 29%|██▊       | 1251/4384 [2:25:54<5:57:50,  6.85s/it]
 29%|██▊       | 1252/4384 [2:26:01<5:55:00,  6.80s/it]
 29%|██▊       | 1253/4384 [2:26:08<5:55:11,  6.81s/it]
 29%|██▊       | 1254/4384 [2:26:15<5:57:15,  6.85s/it]
 29%|██▊       | 1255/4384 [2:26:22<5:55:34,  6.82s/it]
 29%|██▊       | 1256/4384 [2:26:28<5:50:41,  6.73s/it]
 29%|██▊       | 1257/4384 [2:26:35<5:49:53,  6.71s/it]
 29%|██▊       | 1258/4384 [2:26:42<6:00:30,  6.92s/it]
 29%|██▊       | 1259/4384 [2:26:49<5:58:14,  6.88s/it]
 29%|██▊       | 1260/4384 [2:26:56<5:56:53,  6.85s/it]
                                                       

 29%|██▊       | 1260/4384 [2:26:56<5:56:53,  6.85s/it]
 29%|██▉       | 1261/4384 [2:27:03<5:59:19,  6.90s/it]
 29%|██▉       | 1262/4384 [2:27:10<6:02:42,  6.97s/it]
 29%|██▉       | 1263/4384 [2:27:17<5:58:27,  6.89s/it]
 29%|██▉       | 1264/4384 [2:27:23<5:56:21,  6.85s/it]
 29%|██▉       | 1265/4384 [2:27:30<5:57:06,  6.87s/it]
 29%|██▉       | 1266/4384 [2:27:37<5:55:32,  6.84s/it]
 29%|██▉       | 1267/4384 [2:27:44<5:58:19,  6.90s/it]
 29%|██▉       | 1268/4384 [2:27:51<6:01:50,  6.97s/it]
 29%|██▉       | 1269/4384 [2:27:58<6:00:50,  6.95s/it]
 29%|██▉       | 1270/4384 [2:28:05<6:00:31,  6.95s/it]
 29%|██▉       | 1271/4384 [2:28:12<5:57:31,  6.89s/it]
 29%|██▉       | 1272/4384 [2:28:19<6:00:43,  6.95s/it]
 29%|██▉       | 1273/4384 [2:28:26<6:00:07,  6.95s/it]
 29%|██▉       | 1274/4384 [2:28:33<5:59:06,  6.93s/it]
 29%|██▉       | 1275/4384 [2:28:40<5:56:56,  6.89s/it]
 29%|██▉       | 1276/4384 [2:28:47<6:00:19,  6.96s/it]
 29%|██▉       | 1277/4384 [2:28:54<5:59:37,  6.94s/it]
 29%|██▉       | 1278/4384 [2:29:00<5:54:43,  6.85s/it]
 29%|██▉       | 1279/4384 [2:29:07<5:54:11,  6.84s/it]
 29%|██▉       | 1280/4384 [2:29:14<5:52:34,  6.82s/it]
                                                       

 29%|██▉       | 1280/4384 [2:29:14<5:52:34,  6.82s/it]
 29%|██▉       | 1281/4384 [2:29:21<5:52:36,  6.82s/it]
 29%|██▉       | 1282/4384 [2:29:27<5:49:46,  6.77s/it]
 29%|██▉       | 1283/4384 [2:29:34<5:48:33,  6.74s/it]
 29%|██▉       | 1284/4384 [2:29:40<5:43:17,  6.64s/it]
 29%|██▉       | 1285/4384 [2:29:47<5:46:14,  6.70s/it]
 29%|██▉       | 1286/4384 [2:29:54<5:51:21,  6.80s/it]
 29%|██▉       | 1287/4384 [2:30:01<5:42:53,  6.64s/it]
 29%|██▉       | 1288/4384 [2:30:07<5:39:36,  6.58s/it]
 29%|██▉       | 1289/4384 [2:30:14<5:39:25,  6.58s/it]
 29%|██▉       | 1290/4384 [2:30:21<5:45:04,  6.69s/it]
 29%|██▉       | 1291/4384 [2:30:27<5:44:32,  6.68s/it]
 29%|██▉       | 1292/4384 [2:30:34<5:40:05,  6.60s/it]
 29%|██▉       | 1293/4384 [2:30:40<5:33:52,  6.48s/it]
 30%|██▉       | 1294/4384 [2:30:47<5:41:11,  6.63s/it]
 30%|██▉       | 1295/4384 [2:30:53<5:42:04,  6.64s/it]
 30%|██▉       | 1296/4384 [2:31:00<5:41:02,  6.63s/it]
 30%|██▉       | 1297/4384 [2:31:07<5:46:24,  6.73s/it]
 30%|██▉       | 1298/4384 [2:31:14<5:47:44,  6.76s/it]
 30%|██▉       | 1299/4384 [2:31:21<5:47:37,  6.76s/it]
 30%|██▉       | 1300/4384 [2:31:28<5:50:20,  6.82s/it]
                                                       

 30%|██▉       | 1300/4384 [2:31:28<5:50:20,  6.82s/it]
 30%|██▉       | 1301/4384 [2:31:35<5:52:46,  6.87s/it]
 30%|██▉       | 1302/4384 [2:31:41<5:52:09,  6.86s/it]
 30%|██▉       | 1303/4384 [2:31:48<5:54:30,  6.90s/it]
 30%|██▉       | 1304/4384 [2:31:55<5:56:07,  6.94s/it]
 30%|██▉       | 1305/4384 [2:32:02<5:52:47,  6.87s/it]
 30%|██▉       | 1306/4384 [2:32:09<5:58:41,  6.99s/it]
 30%|██▉       | 1307/4384 [2:32:16<5:55:32,  6.93s/it]
 30%|██▉       | 1308/4384 [2:32:23<5:57:43,  6.98s/it]
 30%|██▉       | 1309/4384 [2:32:30<5:53:51,  6.90s/it]
 30%|██▉       | 1310/4384 [2:32:37<5:56:00,  6.95s/it]
 30%|██▉       | 1311/4384 [2:32:44<5:53:50,  6.91s/it]
 30%|██▉       | 1312/4384 [2:32:51<5:57:34,  6.98s/it]
 30%|██▉       | 1313/4384 [2:32:58<5:58:49,  7.01s/it]
 30%|██▉       | 1314/4384 [2:33:05<5:57:31,  6.99s/it]
 30%|██▉       | 1315/4384 [2:33:12<5:57:47,  6.99s/it]
 30%|███       | 1316/4384 [2:33:19<5:55:53,  6.96s/it]
 30%|███       | 1317/4384 [2:33:26<5:53:51,  6.92s/it]
 30%|███       | 1318/4384 [2:33:32<5:49:49,  6.85s/it]
 30%|███       | 1319/4384 [2:33:40<5:56:56,  6.99s/it]
 30%|███       | 1320/4384 [2:33:47<5:59:32,  7.04s/it]
                                                       

 30%|███       | 1320/4384 [2:33:47<5:59:32,  7.04s/it]
 30%|███       | 1321/4384 [2:33:54<5:56:52,  6.99s/it]
 30%|███       | 1322/4384 [2:34:00<5:50:51,  6.88s/it]
 30%|███       | 1323/4384 [2:34:07<5:52:58,  6.92s/it]
 30%|███       | 1324/4384 [2:34:14<5:51:33,  6.89s/it]
 30%|███       | 1325/4384 [2:34:21<5:54:28,  6.95s/it]
 30%|███       | 1326/4384 [2:34:29<5:57:27,  7.01s/it]
 30%|███       | 1327/4384 [2:34:35<5:53:13,  6.93s/it]
 30%|███       | 1328/4384 [2:34:42<5:53:29,  6.94s/it]
 30%|███       | 1329/4384 [2:34:49<5:54:30,  6.96s/it]
 30%|███       | 1330/4384 [2:34:56<5:54:58,  6.97s/it]
 30%|███       | 1331/4384 [2:35:03<5:56:43,  7.01s/it]
 30%|███       | 1332/4384 [2:35:10<5:53:16,  6.95s/it]
 30%|███       | 1333/4384 [2:35:17<5:57:54,  7.04s/it]
 30%|███       | 1334/4384 [2:35:24<5:56:38,  7.02s/it]D:\Workspace\AI_training\LinguaForge-Qwen3.5-0.8B-zhTW-en-ja\.venv\Lib\site-packages\triton\language\core.py:2284: UserWarning: tl.make_block_ptr is deprecated. Use TensorDescriptor or tl.make_tensor_descriptor instead.
  warn("tl.make_block_ptr is deprecated. Use TensorDescriptor or tl.make_tensor_descriptor instead.")

 30%|███       | 1335/4384 [2:35:34<6:40:58,  7.89s/it]
 30%|███       | 1336/4384 [2:35:41<6:21:36,  7.51s/it]
 30%|███       | 1337/4384 [2:35:48<6:15:47,  7.40s/it]
 31%|███       | 1338/4384 [2:35:55<6:02:36,  7.14s/it]
 31%|███       | 1339/4384 [2:36:02<5:59:37,  7.09s/it]
 31%|███       | 1340/4384 [2:36:09<6:02:04,  7.14s/it]
                                                       

 31%|███       | 1340/4384 [2:36:09<6:02:04,  7.14s/it]
 31%|███       | 1341/4384 [2:36:16<5:55:55,  7.02s/it]
 31%|███       | 1342/4384 [2:36:22<5:52:59,  6.96s/it]
 31%|███       | 1343/4384 [2:36:29<5:53:47,  6.98s/it]
 31%|███       | 1344/4384 [2:36:37<5:57:34,  7.06s/it]
 31%|███       | 1345/4384 [2:36:44<6:00:59,  7.13s/it]
 31%|███       | 1346/4384 [2:36:51<5:59:11,  7.09s/it]
 31%|███       | 1347/4384 [2:36:58<5:52:08,  6.96s/it]
 31%|███       | 1348/4384 [2:37:04<5:44:00,  6.80s/it]
 31%|███       | 1349/4384 [2:37:11<5:40:41,  6.74s/it]
 31%|███       | 1350/4384 [2:37:17<5:41:43,  6.76s/it]
 31%|███       | 1351/4384 [2:37:24<5:41:20,  6.75s/it]
 31%|███       | 1352/4384 [2:37:31<5:37:43,  6.68s/it]
 31%|███       | 1353/4384 [2:37:37<5:34:16,  6.62s/it]
 31%|███       | 1354/4384 [2:37:43<5:27:08,  6.48s/it]
 31%|███       | 1355/4384 [2:37:50<5:32:58,  6.60s/it]
 31%|███       | 1356/4384 [2:37:57<5:37:01,  6.68s/it]
 31%|███       | 1357/4384 [2:38:03<5:29:27,  6.53s/it]
 31%|███       | 1358/4384 [2:38:10<5:32:45,  6.60s/it]
 31%|███       | 1359/4384 [2:38:17<5:34:41,  6.64s/it]
 31%|███       | 1360/4384 [2:38:23<5:34:00,  6.63s/it]
                                                       

 31%|███       | 1360/4384 [2:38:23<5:34:00,  6.63s/it]
 31%|███       | 1361/4384 [2:38:30<5:27:44,  6.50s/it]
 31%|███       | 1362/4384 [2:38:36<5:31:48,  6.59s/it]
 31%|███       | 1363/4384 [2:38:43<5:28:53,  6.53s/it]
 31%|███       | 1364/4384 [2:38:50<5:34:10,  6.64s/it]
 31%|███       | 1365/4384 [2:38:56<5:36:23,  6.69s/it]
 31%|███       | 1366/4384 [2:39:03<5:35:26,  6.67s/it]
 31%|███       | 1367/4384 [2:39:10<5:40:18,  6.77s/it]
 31%|███       | 1368/4384 [2:39:17<5:42:41,  6.82s/it]
 31%|███       | 1369/4384 [2:39:24<5:42:29,  6.82s/it]
 31%|███▏      | 1370/4384 [2:39:30<5:35:40,  6.68s/it]
 31%|███▏      | 1371/4384 [2:39:37<5:35:34,  6.68s/it]
 31%|███▏      | 1372/4384 [2:39:43<5:35:04,  6.67s/it]
 31%|███▏      | 1373/4384 [2:39:51<5:41:11,  6.80s/it]
 31%|███▏      | 1374/4384 [2:39:57<5:37:47,  6.73s/it]
 31%|███▏      | 1375/4384 [2:40:04<5:34:38,  6.67s/it]
 31%|███▏      | 1376/4384 [2:40:11<5:42:45,  6.84s/it]
 31%|███▏      | 1377/4384 [2:40:18<5:39:52,  6.78s/it]
 31%|███▏      | 1378/4384 [2:40:24<5:29:49,  6.58s/it]
 31%|███▏      | 1379/4384 [2:40:30<5:23:24,  6.46s/it]
 31%|███▏      | 1380/4384 [2:40:37<5:31:01,  6.61s/it]
                                                       

 31%|███▏      | 1380/4384 [2:40:37<5:31:01,  6.61s/it]
 32%|███▏      | 1381/4384 [2:40:43<5:30:33,  6.60s/it]
 32%|███▏      | 1382/4384 [2:40:50<5:30:38,  6.61s/it]
 32%|███▏      | 1383/4384 [2:40:56<5:22:14,  6.44s/it]
 32%|███▏      | 1384/4384 [2:41:03<5:29:26,  6.59s/it]
 32%|███▏      | 1385/4384 [2:41:10<5:34:49,  6.70s/it]
 32%|███▏      | 1386/4384 [2:41:17<5:33:57,  6.68s/it]
 32%|███▏      | 1387/4384 [2:41:24<5:41:02,  6.83s/it]
 32%|███▏      | 1388/4384 [2:41:30<5:34:12,  6.69s/it]
 32%|███▏      | 1389/4384 [2:41:37<5:29:39,  6.60s/it]
 32%|███▏      | 1390/4384 [2:41:43<5:34:12,  6.70s/it]
 32%|███▏      | 1391/4384 [2:41:50<5:36:42,  6.75s/it]
 32%|███▏      | 1392/4384 [2:41:57<5:31:16,  6.64s/it]
 32%|███▏      | 1393/4384 [2:42:04<5:34:02,  6.70s/it]
 32%|███▏      | 1394/4384 [2:42:11<5:39:02,  6.80s/it]
 32%|███▏      | 1395/4384 [2:42:17<5:32:48,  6.68s/it]
 32%|███▏      | 1396/4384 [2:42:24<5:33:13,  6.69s/it]
 32%|███▏      | 1397/4384 [2:42:30<5:33:45,  6.70s/it]
 32%|███▏      | 1398/4384 [2:42:37<5:36:54,  6.77s/it]
 32%|███▏      | 1399/4384 [2:42:45<5:46:21,  6.96s/it]
 32%|███▏      | 1400/4384 [2:42:51<5:36:36,  6.77s/it]
                                                       

 32%|███▏      | 1400/4384 [2:42:51<5:36:36,  6.77s/it]
 32%|███▏      | 1401/4384 [2:42:58<5:37:03,  6.78s/it]
 32%|███▏      | 1402/4384 [2:43:05<5:48:23,  7.01s/it]
 32%|███▏      | 1403/4384 [2:43:13<5:53:03,  7.11s/it]
 32%|███▏      | 1404/4384 [2:43:19<5:45:45,  6.96s/it]
 32%|███▏      | 1405/4384 [2:43:26<5:41:44,  6.88s/it]
 32%|███▏      | 1406/4384 [2:43:33<5:39:25,  6.84s/it]
 32%|███▏      | 1407/4384 [2:43:40<5:42:12,  6.90s/it]
 32%|███▏      | 1408/4384 [2:43:48<5:54:48,  7.15s/it]
 32%|███▏      | 1409/4384 [2:43:54<5:48:16,  7.02s/it]
 32%|███▏      | 1410/4384 [2:44:01<5:47:14,  7.01s/it]
 32%|███▏      | 1411/4384 [2:44:08<5:40:16,  6.87s/it]
 32%|███▏      | 1412/4384 [2:44:15<5:40:29,  6.87s/it]
 32%|███▏      | 1413/4384 [2:44:21<5:38:14,  6.83s/it]
 32%|███▏      | 1414/4384 [2:44:28<5:30:10,  6.67s/it]
 32%|███▏      | 1415/4384 [2:44:34<5:30:10,  6.67s/it]
 32%|███▏      | 1416/4384 [2:44:41<5:32:30,  6.72s/it]
 32%|███▏      | 1417/4384 [2:44:48<5:30:43,  6.69s/it]
 32%|███▏      | 1418/4384 [2:44:55<5:32:55,  6.73s/it]
 32%|███▏      | 1419/4384 [2:45:01<5:31:42,  6.71s/it]
 32%|███▏      | 1420/4384 [2:45:08<5:26:44,  6.61s/it]
                                                       

 32%|███▏      | 1420/4384 [2:45:08<5:26:44,  6.61s/it]
 32%|███▏      | 1421/4384 [2:45:15<5:32:29,  6.73s/it]
 32%|███▏      | 1422/4384 [2:45:21<5:26:06,  6.61s/it]
 32%|███▏      | 1423/4384 [2:45:28<5:32:23,  6.74s/it]
 32%|███▏      | 1424/4384 [2:45:35<5:31:49,  6.73s/it]
 33%|███▎      | 1425/4384 [2:45:41<5:23:58,  6.57s/it]
 33%|███▎      | 1426/4384 [2:45:49<5:39:48,  6.89s/it]
 33%|███▎      | 1427/4384 [2:45:56<5:42:36,  6.95s/it]
 33%|███▎      | 1428/4384 [2:46:02<5:29:58,  6.70s/it]
 33%|███▎      | 1429/4384 [2:46:09<5:31:09,  6.72s/it]
 33%|███▎      | 1430/4384 [2:46:16<5:36:21,  6.83s/it]
 33%|███▎      | 1431/4384 [2:46:22<5:29:21,  6.69s/it]
 33%|███▎      | 1432/4384 [2:46:28<5:24:15,  6.59s/it]
 33%|███▎      | 1433/4384 [2:46:35<5:17:30,  6.46s/it]
 33%|███▎      | 1434/4384 [2:46:41<5:13:33,  6.38s/it]
 33%|███▎      | 1435/4384 [2:46:47<5:16:00,  6.43s/it]
 33%|███▎      | 1436/4384 [2:46:54<5:16:49,  6.45s/it]
 33%|███▎      | 1437/4384 [2:47:00<5:12:10,  6.36s/it]
 33%|███▎      | 1438/4384 [2:47:06<5:12:15,  6.36s/it]
 33%|███▎      | 1439/4384 [2:47:13<5:13:46,  6.39s/it]
 33%|███▎      | 1440/4384 [2:47:19<5:10:29,  6.33s/it]
                                                       

 33%|███▎      | 1440/4384 [2:47:19<5:10:29,  6.33s/it]
 33%|███▎      | 1441/4384 [2:47:25<5:12:23,  6.37s/it]
 33%|███▎      | 1442/4384 [2:47:31<5:07:05,  6.26s/it]
 33%|███▎      | 1443/4384 [2:47:37<5:03:13,  6.19s/it]
 33%|███▎      | 1444/4384 [2:47:44<5:05:05,  6.23s/it]
 33%|███▎      | 1445/4384 [2:47:50<5:07:21,  6.27s/it]
 33%|███▎      | 1446/4384 [2:47:56<5:02:58,  6.19s/it]
 33%|███▎      | 1447/4384 [2:48:02<5:03:41,  6.20s/it]
 33%|███▎      | 1448/4384 [2:48:09<5:08:14,  6.30s/it]
 33%|███▎      | 1449/4384 [2:48:15<5:04:03,  6.22s/it]
 33%|███▎      | 1450/4384 [2:48:21<5:04:03,  6.22s/it]
 33%|███▎      | 1451/4384 [2:48:27<5:00:31,  6.15s/it]
 33%|███▎      | 1452/4384 [2:48:33<5:01:03,  6.16s/it]
 33%|███▎      | 1453/4384 [2:48:40<5:09:16,  6.33s/it]
 33%|███▎      | 1454/4384 [2:48:46<5:09:42,  6.34s/it]
 33%|███▎      | 1455/4384 [2:48:53<5:06:35,  6.28s/it]
 33%|███▎      | 1456/4384 [2:48:59<5:07:22,  6.30s/it]
 33%|███▎      | 1457/4384 [2:49:06<5:15:39,  6.47s/it]
 33%|███▎      | 1458/4384 [2:49:13<5:19:40,  6.56s/it]
 33%|███▎      | 1459/4384 [2:49:19<5:21:31,  6.60s/it]
 33%|███▎      | 1460/4384 [2:49:26<5:16:41,  6.50s/it]
                                                       

 33%|███▎      | 1460/4384 [2:49:26<5:16:41,  6.50s/it]
 33%|███▎      | 1461/4384 [2:49:32<5:17:52,  6.52s/it]
 33%|███▎      | 1462/4384 [2:49:39<5:19:25,  6.56s/it]
 33%|███▎      | 1463/4384 [2:49:45<5:15:02,  6.47s/it]
 33%|███▎      | 1464/4384 [2:49:51<5:06:45,  6.30s/it]
 33%|███▎      | 1465/4384 [2:49:57<5:05:14,  6.27s/it]
 33%|███▎      | 1466/4384 [2:50:04<5:15:26,  6.49s/it]
 33%|███▎      | 1467/4384 [2:50:10<5:13:14,  6.44s/it]
 33%|███▎      | 1468/4384 [2:50:17<5:15:05,  6.48s/it]
 34%|███▎      | 1469/4384 [2:50:23<5:10:46,  6.40s/it]
 34%|███▎      | 1470/4384 [2:50:30<5:13:39,  6.46s/it]
 34%|███▎      | 1471/4384 [2:50:36<5:11:37,  6.42s/it]
 34%|███▎      | 1472/4384 [2:50:42<5:04:44,  6.28s/it]
 34%|███▎      | 1473/4384 [2:50:48<5:06:22,  6.31s/it]
 34%|███▎      | 1474/4384 [2:50:55<5:09:33,  6.38s/it]
 34%|███▎      | 1475/4384 [2:51:01<5:05:10,  6.29s/it]
 34%|███▎      | 1476/4384 [2:51:08<5:06:31,  6.32s/it]
 34%|███▎      | 1477/4384 [2:51:14<5:13:07,  6.46s/it]
 34%|███▎      | 1478/4384 [2:51:21<5:12:55,  6.46s/it]
 34%|███▎      | 1479/4384 [2:51:27<5:13:43,  6.48s/it]
 34%|███▍      | 1480/4384 [2:51:34<5:18:05,  6.57s/it]
                                                       

 34%|███▍      | 1480/4384 [2:51:34<5:18:05,  6.57s/it]
 34%|███▍      | 1481/4384 [2:51:41<5:20:17,  6.62s/it]
 34%|███▍      | 1482/4384 [2:51:48<5:22:07,  6.66s/it]
 34%|███▍      | 1483/4384 [2:51:54<5:25:18,  6.73s/it]
 34%|███▍      | 1484/4384 [2:52:01<5:18:07,  6.58s/it]
 34%|███▍      | 1485/4384 [2:52:07<5:12:10,  6.46s/it]
 34%|███▍      | 1486/4384 [2:52:13<5:14:23,  6.51s/it]
 34%|███▍      | 1487/4384 [2:52:20<5:10:40,  6.43s/it]
 34%|███▍      | 1488/4384 [2:52:26<5:11:46,  6.46s/it]
 34%|███▍      | 1489/4384 [2:52:33<5:17:29,  6.58s/it]
 34%|███▍      | 1490/4384 [2:52:39<5:11:29,  6.46s/it]
 34%|███▍      | 1491/4384 [2:52:46<5:15:10,  6.54s/it]
 34%|███▍      | 1492/4384 [2:52:53<5:23:16,  6.71s/it]
 34%|███▍      | 1493/4384 [2:53:00<5:19:34,  6.63s/it]
 34%|███▍      | 1494/4384 [2:53:06<5:22:16,  6.69s/it]
 34%|███▍      | 1495/4384 [2:53:13<5:27:20,  6.80s/it]
 34%|███▍      | 1496/4384 [2:53:20<5:27:31,  6.80s/it]
 34%|███▍      | 1497/4384 [2:53:26<5:16:23,  6.58s/it]
 34%|███▍      | 1498/4384 [2:53:32<5:10:21,  6.45s/it]
 34%|███▍      | 1499/4384 [2:53:39<5:18:20,  6.62s/it]
 34%|███▍      | 1500/4384 [2:53:47<5:24:26,  6.75s/it]
                                                       

{'eval_loss': '1.981', 'eval_runtime': '116.1', 'eval_samples_per_second': '10.34', 'eval_steps_per_second': '5.169', 'eval_entropy': '2.034', 'eval_num_tokens': '1.224e+07', 'eval_mean_token_accuracy': '0.5884', 'epoch': '0.5476'}
 34%|███▍      | 1500/4384 [2:53:47<5:24:26,  6.75s/it]
{'loss': '1.901', 'grad_norm': '1.432', 'learning_rate': '8.472e-05', 'entropy': '1.959', 'num_tokens': '1.244e+07', 'mean_token_accuracy': '0.588', 'epoch': '0.5567'}
{'loss': '1.922', 'grad_norm': '1.415', 'learning_rate': '8.419e-05', 'entropy': '1.995', 'num_tokens': '1.265e+07', 'mean_token_accuracy': '0.5832', 'epoch': '0.5659'}
{'loss': '1.974', 'grad_norm': '1.528', 'learning_rate': '8.364e-05', 'entropy': '2.025', 'num_tokens': '1.286e+07', 'mean_token_accuracy': '0.5771', 'epoch': '0.575'}
{'loss': '1.929', 'grad_norm': '1.591', 'learning_rate': '8.309e-05', 'entropy': '1.991', 'num_tokens': '1.306e+07', 'mean_token_accuracy': '0.5818', 'epoch': '0.5841'}
{'loss': '1.91', 'grad_norm': '1.633', 'learning_rate': '8.254e-05', 'entropy': '1.969', 'num_tokens': '1.327e+07', 'mean_token_accuracy': '0.5862', 'epoch': '0.5932'}
{'loss': '1.934', 'grad_norm': '1.421', 'learning_rate': '8.197e-05', 'entropy': '1.988', 'num_tokens': '1.347e+07', 'mean_token_accuracy': '0.5787', 'epoch': '0.6024'}
{'loss': '1.88', 'grad_norm': '1.413', 'learning_rate': '8.14e-05', 'entropy': '1.946', 'num_tokens': '1.368e+07', 'mean_token_accuracy': '0.5916', 'epoch': '0.6115'}
{'loss': '1.915', 'grad_norm': '1.351', 'learning_rate': '8.082e-05', 'entropy': '1.976', 'num_tokens': '1.388e+07', 'mean_token_accuracy': '0.5854', 'epoch': '0.6206'}
{'loss': '1.885', 'grad_norm': '1.322', 'learning_rate': '8.024e-05', 'entropy': '1.948', 'num_tokens': '1.408e+07', 'mean_token_accuracy': '0.5904', 'epoch': '0.6297'}
{'loss': '1.926', 'grad_norm': '1.566', 'learning_rate': '7.965e-05', 'entropy': '2.001', 'num_tokens': '1.429e+07', 'mean_token_accuracy': '0.5834', 'epoch': '0.6389'}
{'loss': '1.942', 'grad_norm': '1.78', 'learning_rate': '7.905e-05', 'entropy': '2.008', 'num_tokens': '1.449e+07', 'mean_token_accuracy': '0.5814', 'epoch': '0.648'}
{'loss': '1.962', 'grad_norm': '1.317', 'learning_rate': '7.844e-05', 'entropy': '2.016', 'num_tokens': '1.47e+07', 'mean_token_accuracy': '0.5748', 'epoch': '0.6571'}
{'loss': '1.942', 'grad_norm': '1.605', 'learning_rate': '7.783e-05', 'entropy': '2.011', 'num_tokens': '1.49e+07', 'mean_token_accuracy': '0.582', 'epoch': '0.6662'}
{'loss': '1.929', 'grad_norm': '1.501', 'learning_rate': '7.722e-05', 'entropy': '1.986', 'num_tokens': '1.511e+07', 'mean_token_accuracy': '0.5838', 'epoch': '0.6754'}
{'loss': '1.87', 'grad_norm': '1.459', 'learning_rate': '7.659e-05', 'entropy': '1.93', 'num_tokens': '1.531e+07', 'mean_token_accuracy': '0.5923', 'epoch': '0.6845'}

  0%|          | 0/600 [00:00<?, ?it/s][A

  0%|          | 2/600 [00:00<01:13,  8.10it/s][A

  0%|          | 3/600 [00:00<01:24,  7.03it/s][A

  1%|          | 4/600 [00:00<01:36,  6.16it/s][A

  1%|          | 5/600 [00:00<01:43,  5.77it/s][A

  1%|          | 6/600 [00:00<01:42,  5.79it/s][A

  1%|          | 7/600 [00:01<01:40,  5.89it/s][A

  1%|▏         | 8/600 [00:01<01:45,  5.60it/s][A

  2%|▏         | 9/600 [00:01<01:47,  5.50it/s][A

  2%|▏         | 10/600 [00:01<01:49,  5.41it/s][A

  2%|▏         | 11/600 [00:01<01:49,  5.40it/s][A

  2%|▏         | 12/600 [00:02<01:52,  5.21it/s][A

  2%|▏         | 13/600 [00:02<01:50,  5.29it/s][A

  2%|▏         | 14/600 [00:02<01:46,  5.51it/s][A

  2%|▎         | 15/600 [00:02<01:45,  5.52it/s][A

  3%|▎         | 16/600 [00:02<01:45,  5.52it/s][A

  3%|▎         | 17/600 [00:03<01:49,  5.30it/s][A

  3%|▎         | 18/600 [00:03<01:51,  5.20it/s][A

  3%|▎         | 19/600 [00:03<01:50,  5.25it/s][A

  3%|▎         | 20/600 [00:03<02:00,  4.83it/s][A

  4%|▎         | 21/600 [00:03<01:56,  4.96it/s][A

  4%|▎         | 22/600 [00:04<01:55,  5.02it/s][A

  4%|▍         | 23/600 [00:04<01:58,  4.86it/s][A

  4%|▍         | 24/600 [00:04<01:59,  4.81it/s][A

  4%|▍         | 25/600 [00:04<02:00,  4.77it/s][A

  4%|▍         | 26/600 [00:04<02:03,  4.66it/s][A

  4%|▍         | 27/600 [00:05<02:09,  4.44it/s][A

  5%|▍         | 28/600 [00:05<02:06,  4.51it/s][A

  5%|▍         | 29/600 [00:05<01:59,  4.76it/s][A

  5%|▌         | 30/600 [00:05<01:53,  5.00it/s][A

  5%|▌         | 31/600 [00:05<01:50,  5.13it/s][A

  5%|▌         | 32/600 [00:06<01:50,  5.15it/s][A

  6%|▌         | 33/600 [00:06<01:51,  5.08it/s][A

  6%|▌         | 34/600 [00:06<01:56,  4.86it/s][A

  6%|▌         | 35/600 [00:06<01:52,  5.04it/s][A

  6%|▌         | 36/600 [00:06<01:49,  5.13it/s][A

  6%|▌         | 37/600 [00:07<01:48,  5.20it/s][A

  6%|▋         | 38/600 [00:07<01:46,  5.27it/s][A

  6%|▋         | 39/600 [00:07<01:47,  5.24it/s][A

  7%|▋         | 40/600 [00:07<01:46,  5.24it/s][A

  7%|▋         | 41/600 [00:07<01:50,  5.05it/s][A

  7%|▋         | 42/600 [00:08<01:51,  5.00it/s][A

  7%|▋         | 43/600 [00:08<01:50,  5.02it/s][A

  7%|▋         | 44/600 [00:08<01:47,  5.18it/s][A

  8%|▊         | 45/600 [00:08<01:44,  5.30it/s][A

  8%|▊         | 46/600 [00:08<01:40,  5.52it/s][A

  8%|▊         | 47/600 [00:08<01:38,  5.60it/s][A

  8%|▊         | 48/600 [00:09<01:38,  5.58it/s][A

  8%|▊         | 49/600 [00:09<01:39,  5.57it/s][A

  8%|▊         | 50/600 [00:09<01:35,  5.77it/s][A

  8%|▊         | 51/600 [00:09<01:38,  5.57it/s][A

  9%|▊         | 52/600 [00:09<01:38,  5.56it/s][A

  9%|▉         | 53/600 [00:10<01:39,  5.47it/s][A

  9%|▉         | 54/600 [00:10<01:43,  5.28it/s][A

  9%|▉         | 55/600 [00:10<01:42,  5.30it/s][A

  9%|▉         | 56/600 [00:10<01:40,  5.41it/s][A

 10%|▉         | 57/600 [00:10<01:40,  5.42it/s][A

 10%|▉         | 58/600 [00:11<01:41,  5.36it/s][A

 10%|▉         | 59/600 [00:11<01:41,  5.32it/s][A

 10%|█         | 60/600 [00:11<01:39,  5.40it/s][A

 10%|█         | 61/600 [00:11<01:43,  5.23it/s][A

 10%|█         | 62/600 [00:11<01:42,  5.26it/s][A

 10%|█         | 63/600 [00:11<01:41,  5.30it/s][A

 11%|█         | 64/600 [00:12<01:41,  5.29it/s][A

 11%|█         | 65/600 [00:12<01:43,  5.19it/s][A

 11%|█         | 66/600 [00:12<01:43,  5.15it/s][A

 11%|█         | 67/600 [00:12<01:43,  5.16it/s][A

 11%|█▏        | 68/600 [00:12<01:46,  5.01it/s][A

 12%|█▏        | 69/600 [00:13<01:54,  4.65it/s][A

 12%|█▏        | 70/600 [00:13<01:52,  4.73it/s][A

 12%|█▏        | 71/600 [00:13<01:48,  4.85it/s][A

 12%|█▏        | 72/600 [00:13<01:45,  5.00it/s][A

 12%|█▏        | 73/600 [00:13<01:45,  5.00it/s][A

 12%|█▏        | 74/600 [00:14<01:42,  5.12it/s][A

 12%|█▎        | 75/600 [00:14<01:39,  5.29it/s][A

 13%|█▎        | 76/600 [00:14<01:39,  5.26it/s][A

 13%|█▎        | 77/600 [00:14<01:37,  5.36it/s][A

 13%|█▎        | 78/600 [00:14<01:35,  5.48it/s][A

 13%|█▎        | 79/600 [00:15<01:36,  5.40it/s][A

 13%|█▎        | 80/600 [00:15<01:36,  5.37it/s][A

 14%|█▎        | 81/600 [00:15<01:36,  5.40it/s][A

 14%|█▎        | 82/600 [00:15<01:32,  5.61it/s][A

 14%|█▍        | 83/600 [00:15<01:30,  5.74it/s][A

 14%|█▍        | 84/600 [00:15<01:30,  5.71it/s][A

 14%|█▍        | 85/600 [00:16<01:29,  5.78it/s][A

 14%|█▍        | 86/600 [00:16<01:28,  5.79it/s][A

 14%|█▍        | 87/600 [00:16<01:27,  5.85it/s][A

 15%|█▍        | 88/600 [00:16<01:27,  5.88it/s][A

 15%|█▍        | 89/600 [00:16<01:26,  5.93it/s][A

 15%|█▌        | 90/600 [00:16<01:28,  5.75it/s][A

 15%|█▌        | 91/600 [00:17<01:33,  5.43it/s][A

 15%|█▌        | 92/600 [00:17<01:31,  5.53it/s][A

 16%|█▌        | 93/600 [00:17<01:29,  5.64it/s][A

 16%|█▌        | 94/600 [00:17<01:29,  5.68it/s][A

 16%|█▌        | 95/600 [00:17<01:27,  5.79it/s][A

 16%|█▌        | 96/600 [00:18<01:25,  5.91it/s][A

 16%|█▌        | 97/600 [00:18<01:25,  5.87it/s][A

 16%|█▋        | 98/600 [00:18<01:25,  5.86it/s][A

 16%|█▋        | 99/600 [00:18<01:23,  5.98it/s][A

 17%|█▋        | 100/600 [00:18<01:21,  6.13it/s][A

 17%|█▋        | 101/600 [00:18<01:22,  6.05it/s][A

 17%|█▋        | 102/600 [00:19<01:22,  6.04it/s][A

 17%|█▋        | 103/600 [00:19<01:21,  6.08it/s][A

 17%|█▋        | 104/600 [00:19<01:20,  6.14it/s][A

 18%|█▊        | 105/600 [00:19<01:20,  6.12it/s][A

 18%|█▊        | 106/600 [00:19<01:19,  6.18it/s][A

 18%|█▊        | 107/600 [00:19<01:20,  6.13it/s][A

 18%|█▊        | 108/600 [00:20<01:23,  5.87it/s][A

 18%|█▊        | 109/600 [00:20<01:25,  5.72it/s][A

 18%|█▊        | 110/600 [00:20<01:25,  5.73it/s][A

 18%|█▊        | 111/600 [00:20<01:28,  5.55it/s][A

 19%|█▊        | 112/600 [00:20<01:30,  5.41it/s][A

 19%|█▉        | 113/600 [00:20<01:29,  5.44it/s][A

 19%|█▉        | 114/600 [00:21<01:29,  5.46it/s][A

 19%|█▉        | 115/600 [00:21<01:34,  5.12it/s][A

 19%|█▉        | 116/600 [00:21<01:34,  5.12it/s][A

 20%|█▉        | 117/600 [00:21<01:35,  5.04it/s][A

 20%|█▉        | 118/600 [00:21<01:31,  5.29it/s][A

 20%|█▉        | 119/600 [00:22<01:28,  5.45it/s][A

 20%|██        | 120/600 [00:22<01:28,  5.42it/s][A

 20%|██        | 121/600 [00:22<01:26,  5.57it/s][A

 20%|██        | 122/600 [00:22<01:25,  5.60it/s][A

 20%|██        | 123/600 [00:22<01:28,  5.38it/s][A

 21%|██        | 124/600 [00:23<01:29,  5.29it/s][A

 21%|██        | 125/600 [00:23<01:29,  5.32it/s][A

 21%|██        | 126/600 [00:23<01:27,  5.40it/s][A

 21%|██        | 127/600 [00:23<01:26,  5.49it/s][A

 21%|██▏       | 128/600 [00:23<01:24,  5.60it/s][A

 22%|██▏       | 129/600 [00:23<01:21,  5.76it/s][A

 22%|██▏       | 130/600 [00:24<01:20,  5.86it/s][A

 22%|██▏       | 131/600 [00:24<01:24,  5.56it/s][A

 22%|██▏       | 132/600 [00:24<01:24,  5.56it/s][A

 22%|██▏       | 133/600 [00:24<01:25,  5.44it/s][A

 22%|██▏       | 134/600 [00:24<01:32,  5.05it/s][A

 22%|██▎       | 135/600 [00:25<01:27,  5.30it/s][A

 23%|██▎       | 136/600 [00:25<01:23,  5.59it/s][A

 23%|██▎       | 137/600 [00:25<01:24,  5.47it/s][A

 23%|██▎       | 138/600 [00:25<01:22,  5.58it/s][A

 23%|██▎       | 139/600 [00:25<01:23,  5.52it/s][A

 23%|██▎       | 140/600 [00:25<01:22,  5.59it/s][A

 24%|██▎       | 141/600 [00:26<01:24,  5.42it/s][A

 24%|██▎       | 142/600 [00:26<01:24,  5.43it/s][A

 24%|██▍       | 143/600 [00:26<01:25,  5.32it/s][A

 24%|██▍       | 144/600 [00:26<01:23,  5.49it/s][A

 24%|██▍       | 145/600 [00:26<01:21,  5.57it/s][A

 24%|██▍       | 146/600 [00:27<01:21,  5.58it/s][A

 24%|██▍       | 147/600 [00:27<01:21,  5.58it/s][A

 25%|██▍       | 148/600 [00:27<01:19,  5.68it/s][A

 25%|██▍       | 149/600 [00:27<01:19,  5.67it/s][A

 25%|██▌       | 150/600 [00:27<01:20,  5.62it/s][A

 25%|██▌       | 151/600 [00:27<01:20,  5.58it/s][A

 25%|██▌       | 152/600 [00:28<01:19,  5.63it/s][A

 26%|██▌       | 153/600 [00:28<01:17,  5.74it/s][A

 26%|██▌       | 154/600 [00:28<01:18,  5.67it/s][A

 26%|██▌       | 155/600 [00:28<01:17,  5.71it/s][A

 26%|██▌       | 156/600 [00:28<01:18,  5.68it/s][A

 26%|██▌       | 157/600 [00:28<01:20,  5.53it/s][A

 26%|██▋       | 158/600 [00:29<01:19,  5.53it/s][A

 26%|██▋       | 159/600 [00:29<01:18,  5.65it/s][A

 27%|██▋       | 160/600 [00:29<01:19,  5.56it/s][A

 27%|██▋       | 161/600 [00:29<01:17,  5.67it/s][A

 27%|██▋       | 162/600 [00:29<01:18,  5.58it/s][A

 27%|██▋       | 163/600 [00:30<01:17,  5.61it/s][A

 27%|██▋       | 164/600 [00:30<01:17,  5.66it/s][A

 28%|██▊       | 165/600 [00:30<01:15,  5.76it/s][A

 28%|██▊       | 166/600 [00:30<01:15,  5.71it/s][A

 28%|██▊       | 167/600 [00:30<01:16,  5.65it/s][A

 28%|██▊       | 168/600 [00:30<01:19,  5.41it/s][A

 28%|██▊       | 169/600 [00:31<01:23,  5.17it/s][A

 28%|██▊       | 170/600 [00:31<01:24,  5.09it/s][A

 28%|██▊       | 171/600 [00:31<01:24,  5.09it/s][A

 29%|██▊       | 172/600 [00:31<01:27,  4.89it/s][A

 29%|██▉       | 173/600 [00:31<01:23,  5.10it/s][A

 29%|██▉       | 174/600 [00:32<01:23,  5.10it/s][A

 29%|██▉       | 175/600 [00:32<01:22,  5.14it/s][A

 29%|██▉       | 176/600 [00:32<01:22,  5.17it/s][A

 30%|██▉       | 177/600 [00:32<01:19,  5.29it/s][A

 30%|██▉       | 178/600 [00:32<01:26,  4.89it/s][A

 30%|██▉       | 179/600 [00:33<01:26,  4.86it/s][A

 30%|███       | 180/600 [00:33<01:27,  4.78it/s][A

 30%|███       | 181/600 [00:33<01:24,  4.94it/s][A

 30%|███       | 182/600 [00:33<01:23,  4.99it/s][A

 30%|███       | 183/600 [00:33<01:21,  5.15it/s][A

 31%|███       | 184/600 [00:34<01:20,  5.19it/s][A

 31%|███       | 185/600 [00:34<01:22,  5.03it/s][A

 31%|███       | 186/600 [00:34<01:24,  4.88it/s][A

 31%|███       | 187/600 [00:34<01:27,  4.74it/s][A

 31%|███▏      | 188/600 [00:34<01:25,  4.84it/s][A

 32%|███▏      | 189/600 [00:35<01:25,  4.83it/s][A

 32%|███▏      | 190/600 [00:35<01:22,  4.97it/s][A

 32%|███▏      | 191/600 [00:35<01:21,  4.99it/s][A

 32%|███▏      | 192/600 [00:35<01:19,  5.11it/s][A

 32%|███▏      | 193/600 [00:35<01:21,  5.00it/s][A

 32%|███▏      | 194/600 [00:36<01:20,  5.01it/s][A

 32%|███▎      | 195/600 [00:36<01:19,  5.07it/s][A

 33%|███▎      | 196/600 [00:36<01:15,  5.35it/s][A

 33%|███▎      | 197/600 [00:36<01:14,  5.40it/s][A

 33%|███▎      | 198/600 [00:36<01:12,  5.56it/s][A

 33%|███▎      | 199/600 [00:37<01:11,  5.62it/s][A

 33%|███▎      | 200/600 [00:37<01:10,  5.66it/s][A

 34%|███▎      | 201/600 [00:37<01:09,  5.71it/s][A

 34%|███▎      | 202/600 [00:37<01:08,  5.82it/s][A

 34%|███▍      | 203/600 [00:37<01:07,  5.91it/s][A

 34%|███▍      | 204/600 [00:37<01:06,  5.95it/s][A

 34%|███▍      | 205/600 [00:38<01:07,  5.87it/s][A

 34%|███▍      | 206/600 [00:38<01:07,  5.87it/s][A

 34%|███▍      | 207/600 [00:38<01:12,  5.44it/s][A

 35%|███▍      | 208/600 [00:38<01:11,  5.49it/s][A

 35%|███▍      | 209/600 [00:38<01:10,  5.53it/s][A

 35%|███▌      | 210/600 [00:38<01:11,  5.48it/s][A

 35%|███▌      | 211/600 [00:39<01:08,  5.69it/s][A

 35%|███▌      | 212/600 [00:39<01:06,  5.81it/s][A

 36%|███▌      | 213/600 [00:39<01:06,  5.78it/s][A

 36%|███▌      | 214/600 [00:39<01:07,  5.69it/s][A

 36%|███▌      | 215/600 [00:39<01:07,  5.73it/s][A

 36%|███▌      | 216/600 [00:40<01:08,  5.64it/s][A

 36%|███▌      | 217/600 [00:40<01:07,  5.68it/s][A

 36%|███▋      | 218/600 [00:40<01:06,  5.74it/s][A

 36%|███▋      | 219/600 [00:40<01:04,  5.89it/s][A

 37%|███▋      | 220/600 [00:40<01:06,  5.74it/s][A

 37%|███▋      | 221/600 [00:40<01:04,  5.83it/s][A

 37%|███▋      | 222/600 [00:41<01:03,  5.95it/s][A

 37%|███▋      | 223/600 [00:41<01:02,  6.04it/s][A

 37%|███▋      | 224/600 [00:41<01:04,  5.83it/s][A

 38%|███▊      | 225/600 [00:41<01:03,  5.86it/s][A

 38%|███▊      | 226/600 [00:41<01:05,  5.68it/s][A

 38%|███▊      | 227/600 [00:41<01:08,  5.47it/s][A

 38%|███▊      | 228/600 [00:42<01:11,  5.21it/s][A

 38%|███▊      | 229/600 [00:42<01:07,  5.48it/s][A

 38%|███▊      | 230/600 [00:42<01:09,  5.30it/s][A

 38%|███▊      | 231/600 [00:42<01:10,  5.23it/s][A

 39%|███▊      | 232/600 [00:42<01:10,  5.21it/s][A

 39%|███▉      | 233/600 [00:43<01:10,  5.18it/s][A

 39%|███▉      | 234/600 [00:43<01:09,  5.30it/s][A

 39%|███▉      | 235/600 [00:43<01:10,  5.18it/s][A

 39%|███▉      | 236/600 [00:43<01:10,  5.15it/s][A

 40%|███▉      | 237/600 [00:43<01:10,  5.18it/s][A

 40%|███▉      | 238/600 [00:44<01:07,  5.35it/s][A

 40%|███▉      | 239/600 [00:44<01:07,  5.32it/s][A

 40%|████      | 240/600 [00:44<01:08,  5.24it/s][A

 40%|████      | 241/600 [00:44<01:07,  5.28it/s][A

 40%|████      | 242/600 [00:44<01:07,  5.31it/s][A

 40%|████      | 243/600 [00:44<01:07,  5.32it/s][A

 41%|████      | 244/600 [00:45<01:07,  5.28it/s][A

 41%|████      | 245/600 [00:45<01:08,  5.17it/s][A

 41%|████      | 246/600 [00:45<01:08,  5.18it/s][A

 41%|████      | 247/600 [00:45<01:07,  5.26it/s][A

 41%|████▏     | 248/600 [00:45<01:07,  5.20it/s][A

 42%|████▏     | 249/600 [00:46<01:09,  5.06it/s][A

 42%|████▏     | 250/600 [00:46<01:07,  5.20it/s][A

 42%|████▏     | 251/600 [00:46<01:07,  5.16it/s][A

 42%|████▏     | 252/600 [00:46<01:11,  4.89it/s][A

 42%|████▏     | 253/600 [00:46<01:10,  4.93it/s][A

 42%|████▏     | 254/600 [00:47<01:11,  4.84it/s][A

 42%|████▎     | 255/600 [00:47<01:11,  4.86it/s][A

 43%|████▎     | 256/600 [00:47<01:10,  4.90it/s][A

 43%|████▎     | 257/600 [00:47<01:08,  5.04it/s][A

 43%|████▎     | 258/600 [00:47<01:05,  5.25it/s][A

 43%|████▎     | 259/600 [00:48<01:01,  5.53it/s][A

 43%|████▎     | 260/600 [00:48<01:01,  5.55it/s][A

 44%|████▎     | 261/600 [00:48<01:00,  5.59it/s][A

 44%|████▎     | 262/600 [00:48<01:00,  5.60it/s][A

 44%|████▍     | 263/600 [00:48<00:59,  5.64it/s][A

 44%|████▍     | 264/600 [00:48<00:59,  5.68it/s][A

 44%|████▍     | 265/600 [00:49<01:00,  5.56it/s][A

 44%|████▍     | 266/600 [00:49<00:58,  5.73it/s][A

 44%|████▍     | 267/600 [00:49<00:57,  5.79it/s][A

 45%|████▍     | 268/600 [00:49<00:56,  5.92it/s][A

 45%|████▍     | 269/600 [00:49<00:54,  6.03it/s][A

 45%|████▌     | 270/600 [00:49<00:54,  6.07it/s][A

 45%|████▌     | 271/600 [00:50<00:53,  6.10it/s][A

 45%|████▌     | 272/600 [00:50<00:55,  5.92it/s][A

 46%|████▌     | 273/600 [00:50<00:57,  5.68it/s][A

 46%|████▌     | 274/600 [00:50<00:56,  5.72it/s][A

 46%|████▌     | 275/600 [00:50<00:57,  5.65it/s][A

 46%|████▌     | 276/600 [00:51<00:57,  5.66it/s][A

 46%|████▌     | 277/600 [00:51<00:56,  5.74it/s][A

 46%|████▋     | 278/600 [00:51<00:55,  5.82it/s][A

 46%|████▋     | 279/600 [00:51<00:53,  5.96it/s][A

 47%|████▋     | 280/600 [00:51<00:52,  6.05it/s][A

 47%|████▋     | 281/600 [00:51<00:53,  5.94it/s][A

 47%|████▋     | 282/600 [00:52<00:56,  5.66it/s][A

 47%|████▋     | 283/600 [00:52<00:57,  5.51it/s][A

 47%|████▋     | 284/600 [00:52<00:57,  5.53it/s][A

 48%|████▊     | 285/600 [00:52<00:57,  5.44it/s][A

 48%|████▊     | 286/600 [00:52<00:58,  5.38it/s][A

 48%|████▊     | 287/600 [00:52<00:56,  5.52it/s][A

 48%|████▊     | 288/600 [00:53<00:56,  5.53it/s][A

 48%|████▊     | 289/600 [00:53<00:56,  5.50it/s][A

 48%|████▊     | 290/600 [00:53<00:58,  5.34it/s][A

 48%|████▊     | 291/600 [00:53<00:59,  5.16it/s][A

 49%|████▊     | 292/600 [00:53<01:00,  5.06it/s][A

 49%|████▉     | 293/600 [00:54<01:02,  4.94it/s][A

 49%|████▉     | 294/600 [00:54<01:01,  4.96it/s][A

 49%|████▉     | 295/600 [00:54<00:59,  5.11it/s][A

 49%|████▉     | 296/600 [00:54<00:57,  5.24it/s][A

 50%|████▉     | 297/600 [00:54<00:58,  5.21it/s][A

 50%|████▉     | 298/600 [00:55<00:55,  5.42it/s][A

 50%|████▉     | 299/600 [00:55<00:54,  5.57it/s][A

 50%|█████     | 300/600 [00:55<00:52,  5.68it/s][A

 50%|█████     | 301/600 [00:55<00:51,  5.83it/s][A

 50%|█████     | 302/600 [00:55<00:49,  6.08it/s][A

 50%|█████     | 303/600 [00:55<00:50,  5.85it/s][A

 51%|█████     | 304/600 [00:56<00:53,  5.49it/s][A

 51%|█████     | 305/600 [00:56<00:53,  5.56it/s][A

 51%|█████     | 306/600 [00:56<00:53,  5.46it/s][A

 51%|█████     | 307/600 [00:56<00:57,  5.13it/s][A

 51%|█████▏    | 308/600 [00:56<00:57,  5.07it/s][A

 52%|█████▏    | 309/600 [00:57<00:57,  5.07it/s][A

 52%|█████▏    | 310/600 [00:57<00:56,  5.09it/s][A

 52%|█████▏    | 311/600 [00:57<00:56,  5.10it/s][A

 52%|█████▏    | 312/600 [00:57<00:56,  5.10it/s][A

 52%|█████▏    | 313/600 [00:57<00:54,  5.24it/s][A

 52%|█████▏    | 314/600 [00:58<00:55,  5.17it/s][A

 52%|█████▎    | 315/600 [00:58<00:56,  5.09it/s][A

 53%|█████▎    | 316/600 [00:58<00:54,  5.17it/s][A

 53%|█████▎    | 317/600 [00:58<00:53,  5.31it/s][A

 53%|█████▎    | 318/600 [00:58<00:52,  5.39it/s][A

 53%|█████▎    | 319/600 [00:59<00:50,  5.57it/s][A

 53%|█████▎    | 320/600 [00:59<00:50,  5.57it/s][A

 54%|█████▎    | 321/600 [00:59<00:51,  5.39it/s][A

 54%|█████▎    | 322/600 [00:59<00:52,  5.30it/s][A

 54%|█████▍    | 323/600 [00:59<00:53,  5.22it/s][A

 54%|█████▍    | 324/600 [01:00<00:55,  4.96it/s][A

 54%|█████▍    | 325/600 [01:00<00:53,  5.12it/s][A

 54%|█████▍    | 326/600 [01:00<00:51,  5.32it/s][A

 55%|█████▍    | 327/600 [01:00<00:50,  5.38it/s][A

 55%|█████▍    | 328/600 [01:00<00:50,  5.38it/s][A

 55%|█████▍    | 329/600 [01:00<00:51,  5.22it/s][A

 55%|█████▌    | 330/600 [01:01<00:51,  5.24it/s][A

 55%|█████▌    | 331/600 [01:01<00:49,  5.42it/s][A

 55%|█████▌    | 332/600 [01:01<00:47,  5.60it/s][A

 56%|█████▌    | 333/600 [01:01<00:48,  5.56it/s][A

 56%|█████▌    | 334/600 [01:01<00:49,  5.36it/s][A

 56%|█████▌    | 335/600 [01:02<00:52,  5.05it/s][A

 56%|█████▌    | 336/600 [01:02<01:00,  4.34it/s][A

 56%|█████▌    | 337/600 [01:02<01:08,  3.85it/s][A

 56%|█████▋    | 338/600 [01:02<01:06,  3.93it/s][A

 56%|█████▋    | 339/600 [01:03<01:02,  4.20it/s][A

 57%|█████▋    | 340/600 [01:03<00:58,  4.44it/s][A

 57%|█████▋    | 341/600 [01:03<00:56,  4.55it/s][A

 57%|█████▋    | 342/600 [01:03<00:53,  4.81it/s][A

 57%|█████▋    | 343/600 [01:03<00:53,  4.83it/s][A

 57%|█████▋    | 344/600 [01:04<00:53,  4.79it/s][A

 57%|█████▊    | 345/600 [01:04<00:51,  4.91it/s][A

 58%|█████▊    | 346/600 [01:04<00:50,  5.02it/s][A

 58%|█████▊    | 347/600 [01:04<00:50,  5.01it/s][A

 58%|█████▊    | 348/600 [01:04<00:47,  5.26it/s][A

 58%|█████▊    | 349/600 [01:05<00:48,  5.22it/s][A

 58%|█████▊    | 350/600 [01:05<00:48,  5.11it/s][A

 58%|█████▊    | 351/600 [01:05<00:50,  4.93it/s][A

 59%|█████▊    | 352/600 [01:05<00:53,  4.66it/s][A

 59%|█████▉    | 353/600 [01:05<00:52,  4.71it/s][A

 59%|█████▉    | 354/600 [01:06<00:50,  4.83it/s][A

 59%|█████▉    | 355/600 [01:06<00:50,  4.89it/s][A

 59%|█████▉    | 356/600 [01:06<00:47,  5.15it/s][A

 60%|█████▉    | 357/600 [01:06<00:47,  5.08it/s][A

 60%|█████▉    | 358/600 [01:06<00:46,  5.16it/s][A

 60%|█████▉    | 359/600 [01:07<00:46,  5.18it/s][A

 60%|██████    | 360/600 [01:07<00:45,  5.25it/s][A

 60%|██████    | 361/600 [01:07<00:46,  5.12it/s][A

 60%|██████    | 362/600 [01:07<00:44,  5.34it/s][A

 60%|██████    | 363/600 [01:07<00:46,  5.11it/s][A

 61%|██████    | 364/600 [01:08<00:46,  5.09it/s][A

 61%|██████    | 365/600 [01:08<00:45,  5.15it/s][A

 61%|██████    | 366/600 [01:08<00:45,  5.17it/s][A

 61%|██████    | 367/600 [01:08<00:46,  5.03it/s][A

 61%|██████▏   | 368/600 [01:08<00:45,  5.05it/s][A

 62%|██████▏   | 369/600 [01:09<00:44,  5.14it/s][A

 62%|██████▏   | 370/600 [01:09<00:42,  5.36it/s][A

 62%|██████▏   | 371/600 [01:09<00:41,  5.57it/s][A

 62%|██████▏   | 372/600 [01:09<00:40,  5.66it/s][A

 62%|██████▏   | 373/600 [01:09<00:38,  5.82it/s][A

 62%|██████▏   | 374/600 [01:09<00:38,  5.82it/s][A

 62%|██████▎   | 375/600 [01:10<00:38,  5.80it/s][A

 63%|██████▎   | 376/600 [01:10<00:38,  5.76it/s][A

 63%|██████▎   | 377/600 [01:10<00:39,  5.68it/s][A

 63%|██████▎   | 378/600 [01:10<00:38,  5.74it/s][A

 63%|██████▎   | 379/600 [01:10<00:38,  5.80it/s][A

 63%|██████▎   | 380/600 [01:10<00:39,  5.61it/s][A

 64%|██████▎   | 381/600 [01:11<00:38,  5.71it/s][A

 64%|██████▎   | 382/600 [01:11<00:39,  5.54it/s][A

 64%|██████▍   | 383/600 [01:11<00:39,  5.43it/s][A

 64%|██████▍   | 384/600 [01:11<00:39,  5.45it/s][A

 64%|██████▍   | 385/600 [01:11<00:40,  5.31it/s][A

 64%|██████▍   | 386/600 [01:12<00:41,  5.22it/s][A

 64%|██████▍   | 387/600 [01:12<00:41,  5.16it/s][A

 65%|██████▍   | 388/600 [01:12<00:41,  5.14it/s][A

 65%|██████▍   | 389/600 [01:12<00:40,  5.26it/s][A

 65%|██████▌   | 390/600 [01:12<00:39,  5.26it/s][A

 65%|██████▌   | 391/600 [01:13<00:39,  5.29it/s][A

 65%|██████▌   | 392/600 [01:13<00:39,  5.28it/s][A

 66%|██████▌   | 393/600 [01:13<00:39,  5.26it/s][A

 66%|██████▌   | 394/600 [01:13<00:38,  5.39it/s][A

 66%|██████▌   | 395/600 [01:13<00:37,  5.53it/s][A

 66%|██████▌   | 396/600 [01:13<00:36,  5.62it/s][A

 66%|██████▌   | 397/600 [01:14<00:38,  5.32it/s][A

 66%|██████▋   | 398/600 [01:14<00:38,  5.25it/s][A

 66%|██████▋   | 399/600 [01:14<00:38,  5.19it/s][A

 67%|██████▋   | 400/600 [01:14<00:40,  4.92it/s][A

 67%|██████▋   | 401/600 [01:14<00:40,  4.92it/s][A

 67%|██████▋   | 402/600 [01:15<00:39,  4.96it/s][A

 67%|██████▋   | 403/600 [01:15<00:39,  5.01it/s][A

 67%|██████▋   | 404/600 [01:15<00:40,  4.88it/s][A

 68%|██████▊   | 405/600 [01:15<00:38,  5.09it/s][A

 68%|██████▊   | 406/600 [01:15<00:38,  5.08it/s][A

 68%|██████▊   | 407/600 [01:16<00:37,  5.19it/s][A

 68%|██████▊   | 408/600 [01:16<00:37,  5.12it/s][A

 68%|██████▊   | 409/600 [01:16<00:37,  5.13it/s][A

 68%|██████▊   | 410/600 [01:16<00:38,  4.88it/s][A

 68%|██████▊   | 411/600 [01:16<00:38,  4.92it/s][A

 69%|██████▊   | 412/600 [01:17<00:37,  5.07it/s][A

 69%|██████▉   | 413/600 [01:17<00:36,  5.06it/s][A

 69%|██████▉   | 414/600 [01:17<00:36,  5.13it/s][A

 69%|██████▉   | 415/600 [01:17<00:36,  5.13it/s][A

 69%|██████▉   | 416/600 [01:17<00:36,  5.00it/s][A

 70%|██████▉   | 417/600 [01:18<00:36,  5.06it/s][A

 70%|██████▉   | 418/600 [01:18<00:35,  5.15it/s][A

 70%|██████▉   | 419/600 [01:18<00:35,  5.15it/s][A

 70%|███████   | 420/600 [01:18<00:35,  5.04it/s][A

 70%|███████   | 421/600 [01:18<00:35,  5.01it/s][A

 70%|███████   | 422/600 [01:19<00:36,  4.94it/s][A

 70%|███████   | 423/600 [01:19<00:36,  4.86it/s][A

 71%|███████   | 424/600 [01:19<00:35,  4.93it/s][A

 71%|███████   | 425/600 [01:19<00:34,  5.14it/s][A

 71%|███████   | 426/600 [01:19<00:32,  5.29it/s][A

 71%|███████   | 427/600 [01:20<00:33,  5.16it/s][A

 71%|███████▏  | 428/600 [01:20<00:33,  5.15it/s][A

 72%|███████▏  | 429/600 [01:20<00:34,  4.99it/s][A

 72%|███████▏  | 430/600 [01:20<00:34,  4.94it/s][A

 72%|███████▏  | 431/600 [01:20<00:34,  4.89it/s][A

 72%|███████▏  | 432/600 [01:21<00:33,  5.00it/s][A

 72%|███████▏  | 433/600 [01:21<00:33,  5.05it/s][A

 72%|███████▏  | 434/600 [01:21<00:32,  5.15it/s][A

 72%|███████▎  | 435/600 [01:21<00:30,  5.35it/s][A

 73%|███████▎  | 436/600 [01:21<00:30,  5.32it/s][A

 73%|███████▎  | 437/600 [01:22<00:30,  5.38it/s][A

 73%|███████▎  | 438/600 [01:22<00:30,  5.38it/s][A

 73%|███████▎  | 439/600 [01:22<00:29,  5.49it/s][A

 73%|███████▎  | 440/600 [01:22<00:28,  5.54it/s][A

 74%|███████▎  | 441/600 [01:22<00:28,  5.65it/s][A

 74%|███████▎  | 442/600 [01:22<00:27,  5.75it/s][A

 74%|███████▍  | 443/600 [01:23<00:27,  5.69it/s][A

 74%|███████▍  | 444/600 [01:23<00:26,  5.81it/s][A

 74%|███████▍  | 445/600 [01:23<00:27,  5.65it/s][A

 74%|███████▍  | 446/600 [01:23<00:26,  5.71it/s][A

 74%|███████▍  | 447/600 [01:23<00:26,  5.74it/s][A

 75%|███████▍  | 448/600 [01:23<00:26,  5.81it/s][A

 75%|███████▍  | 449/600 [01:24<00:25,  5.94it/s][A

 75%|███████▌  | 450/600 [01:24<00:24,  6.02it/s][A

 75%|███████▌  | 451/600 [01:24<00:24,  6.08it/s][A

 75%|███████▌  | 452/600 [01:24<00:24,  5.95it/s][A

 76%|███████▌  | 453/600 [01:24<00:24,  5.99it/s][A

 76%|███████▌  | 454/600 [01:24<00:23,  6.14it/s][A

 76%|███████▌  | 455/600 [01:25<00:24,  6.00it/s][A

 76%|███████▌  | 456/600 [01:25<00:25,  5.66it/s][A

 76%|███████▌  | 457/600 [01:25<00:25,  5.55it/s][A

 76%|███████▋  | 458/600 [01:25<00:27,  5.16it/s][A

 76%|███████▋  | 459/600 [01:25<00:26,  5.26it/s][A

 77%|███████▋  | 460/600 [01:26<00:26,  5.28it/s][A

 77%|███████▋  | 461/600 [01:26<00:25,  5.46it/s][A

 77%|███████▋  | 462/600 [01:26<00:25,  5.38it/s][A

 77%|███████▋  | 463/600 [01:26<00:25,  5.30it/s][A

 77%|███████▋  | 464/600 [01:26<00:25,  5.32it/s][A

 78%|███████▊  | 465/600 [01:26<00:25,  5.32it/s][A

 78%|███████▊  | 466/600 [01:27<00:25,  5.36it/s][A

 78%|███████▊  | 467/600 [01:27<00:24,  5.37it/s][A

 78%|███████▊  | 468/600 [01:27<00:23,  5.51it/s][A

 78%|███████▊  | 469/600 [01:27<00:23,  5.52it/s][A

 78%|███████▊  | 470/600 [01:27<00:23,  5.65it/s][A

 78%|███████▊  | 471/600 [01:28<00:22,  5.62it/s][A

 79%|███████▊  | 472/600 [01:28<00:23,  5.51it/s][A

 79%|███████▉  | 473/600 [01:28<00:23,  5.39it/s][A

 79%|███████▉  | 474/600 [01:28<00:22,  5.50it/s][A

 79%|███████▉  | 475/600 [01:28<00:22,  5.47it/s][A

 79%|███████▉  | 476/600 [01:29<00:23,  5.27it/s][A

 80%|███████▉  | 477/600 [01:29<00:22,  5.49it/s][A

 80%|███████▉  | 478/600 [01:29<00:21,  5.66it/s][A

 80%|███████▉  | 479/600 [01:29<00:21,  5.56it/s][A

 80%|████████  | 480/600 [01:29<00:22,  5.40it/s][A

 80%|████████  | 481/600 [01:29<00:22,  5.37it/s][A

 80%|████████  | 482/600 [01:30<00:21,  5.46it/s][A

 80%|████████  | 483/600 [01:30<00:22,  5.30it/s][A

 81%|████████  | 484/600 [01:30<00:21,  5.48it/s][A

 81%|████████  | 485/600 [01:30<00:20,  5.52it/s][A

 81%|████████  | 486/600 [01:30<00:20,  5.54it/s][A

 81%|████████  | 487/600 [01:30<00:19,  5.70it/s][A

 81%|████████▏ | 488/600 [01:31<00:19,  5.76it/s][A

 82%|████████▏ | 489/600 [01:31<00:19,  5.70it/s][A

 82%|████████▏ | 490/600 [01:31<00:18,  5.81it/s][A

 82%|████████▏ | 491/600 [01:31<00:18,  5.80it/s][A

 82%|████████▏ | 492/600 [01:31<00:18,  5.96it/s][A

 82%|████████▏ | 493/600 [01:31<00:17,  6.02it/s][A

 82%|████████▏ | 494/600 [01:32<00:17,  6.00it/s][A

 82%|████████▎ | 495/600 [01:32<00:17,  5.92it/s][A

 83%|████████▎ | 496/600 [01:32<00:17,  5.88it/s][A

 83%|████████▎ | 497/600 [01:32<00:17,  5.80it/s][A

 83%|████████▎ | 498/600 [01:32<00:18,  5.61it/s][A

 83%|████████▎ | 499/600 [01:33<00:17,  5.71it/s][A

 83%|████████▎ | 500/600 [01:33<00:17,  5.83it/s][A

 84%|████████▎ | 501/600 [01:33<00:16,  5.90it/s][A

 84%|████████▎ | 502/600 [01:33<00:16,  6.00it/s][A

 84%|████████▍ | 503/600 [01:33<00:16,  6.02it/s][A

 84%|████████▍ | 504/600 [01:33<00:15,  6.01it/s][A

 84%|████████▍ | 505/600 [01:34<00:16,  5.86it/s][A

 84%|████████▍ | 506/600 [01:34<00:16,  5.82it/s][A

 84%|████████▍ | 507/600 [01:34<00:15,  5.83it/s][A

 85%|████████▍ | 508/600 [01:34<00:15,  5.83it/s][A

 85%|████████▍ | 509/600 [01:34<00:15,  5.95it/s][A

 85%|████████▌ | 510/600 [01:34<00:14,  6.03it/s][A

 85%|████████▌ | 511/600 [01:35<00:14,  6.04it/s][A

 85%|████████▌ | 512/600 [01:35<00:15,  5.83it/s][A

 86%|████████▌ | 513/600 [01:35<00:14,  5.91it/s][A

 86%|████████▌ | 514/600 [01:35<00:14,  5.74it/s][A

 86%|████████▌ | 515/600 [01:35<00:14,  5.74it/s][A

 86%|████████▌ | 516/600 [01:35<00:14,  5.63it/s][A

 86%|████████▌ | 517/600 [01:36<00:14,  5.65it/s][A

 86%|████████▋ | 518/600 [01:36<00:13,  5.87it/s][A

 86%|████████▋ | 519/600 [01:36<00:14,  5.71it/s][A

 87%|████████▋ | 520/600 [01:36<00:13,  5.81it/s][A

 87%|████████▋ | 521/600 [01:36<00:13,  5.67it/s][A

 87%|████████▋ | 522/600 [01:36<00:13,  5.73it/s][A

 87%|████████▋ | 523/600 [01:37<00:13,  5.71it/s][A

 87%|████████▋ | 524/600 [01:37<00:14,  5.41it/s][A

 88%|████████▊ | 525/600 [01:37<00:13,  5.44it/s][A

 88%|████████▊ | 526/600 [01:37<00:13,  5.38it/s][A

 88%|████████▊ | 527/600 [01:37<00:13,  5.47it/s][A

 88%|████████▊ | 528/600 [01:38<00:13,  5.35it/s][A

 88%|████████▊ | 529/600 [01:38<00:13,  5.37it/s][A

 88%|████████▊ | 530/600 [01:38<00:13,  5.32it/s][A

 88%|████████▊ | 531/600 [01:38<00:13,  5.28it/s][A

 89%|████████▊ | 532/600 [01:38<00:12,  5.31it/s][A

 89%|████████▉ | 533/600 [01:39<00:12,  5.21it/s][A

 89%|████████▉ | 534/600 [01:39<00:12,  5.40it/s][A

 89%|████████▉ | 535/600 [01:39<00:12,  5.22it/s][A

 89%|████████▉ | 536/600 [01:39<00:11,  5.38it/s][A

 90%|████████▉ | 537/600 [01:39<00:11,  5.36it/s][A

 90%|████████▉ | 538/600 [01:39<00:11,  5.61it/s][A

 90%|████████▉ | 539/600 [01:40<00:10,  5.62it/s][A

 90%|█████████ | 540/600 [01:40<00:10,  5.56it/s][A

 90%|█████████ | 541/600 [01:40<00:10,  5.61it/s][A

 90%|█████████ | 542/600 [01:40<00:10,  5.54it/s][A

 90%|█████████ | 543/600 [01:40<00:10,  5.58it/s][A

 91%|█████████ | 544/600 [01:41<00:10,  5.55it/s][A

 91%|█████████ | 545/600 [01:41<00:09,  5.63it/s][A

 91%|█████████ | 546/600 [01:41<00:09,  5.79it/s][A

 91%|█████████ | 547/600 [01:41<00:09,  5.74it/s][A

 91%|█████████▏| 548/600 [01:41<00:09,  5.68it/s][A

 92%|█████████▏| 549/600 [01:41<00:08,  5.74it/s][A

 92%|█████████▏| 550/600 [01:42<00:09,  5.45it/s][A

 92%|█████████▏| 551/600 [01:42<00:08,  5.53it/s][A

 92%|█████████▏| 552/600 [01:42<00:08,  5.59it/s][A

 92%|█████████▏| 553/600 [01:42<00:08,  5.46it/s][A

 92%|█████████▏| 554/600 [01:42<00:08,  5.53it/s][A

 92%|█████████▎| 555/600 [01:42<00:07,  5.67it/s][A

 93%|█████████▎| 556/600 [01:43<00:07,  5.76it/s][A

 93%|█████████▎| 557/600 [01:43<00:07,  5.63it/s][A

 93%|█████████▎| 558/600 [01:43<00:07,  5.63it/s][A

 93%|█████████▎| 559/600 [01:43<00:07,  5.74it/s][A

 93%|█████████▎| 560/600 [01:43<00:06,  5.86it/s][A

 94%|█████████▎| 561/600 [01:44<00:06,  5.98it/s][A

 94%|█████████▎| 562/600 [01:44<00:06,  6.06it/s][A

 94%|█████████▍| 563/600 [01:44<00:06,  6.05it/s][A

 94%|█████████▍| 564/600 [01:44<00:06,  5.96it/s][A

 94%|█████████▍| 565/600 [01:44<00:05,  5.90it/s][A

 94%|█████████▍| 566/600 [01:44<00:05,  5.89it/s][A

 94%|█████████▍| 567/600 [01:45<00:05,  5.69it/s][A

 95%|█████████▍| 568/600 [01:45<00:05,  5.69it/s][A

 95%|█████████▍| 569/600 [01:45<00:05,  5.82it/s][A

 95%|█████████▌| 570/600 [01:45<00:05,  5.83it/s][A

 95%|█████████▌| 571/600 [01:45<00:04,  5.90it/s][A

 95%|█████████▌| 572/600 [01:45<00:04,  5.90it/s][A

 96%|█████████▌| 573/600 [01:46<00:04,  5.99it/s][A

 96%|█████████▌| 574/600 [01:46<00:04,  5.88it/s][A

 96%|█████████▌| 575/600 [01:46<00:04,  5.72it/s][A

 96%|█████████▌| 576/600 [01:46<00:04,  5.72it/s][A

 96%|█████████▌| 577/600 [01:46<00:04,  5.57it/s][A

 96%|█████████▋| 578/600 [01:46<00:04,  5.25it/s][A

 96%|█████████▋| 579/600 [01:47<00:04,  5.03it/s][A

 97%|█████████▋| 580/600 [01:47<00:03,  5.02it/s][A

 97%|█████████▋| 581/600 [01:47<00:03,  5.23it/s][A

 97%|█████████▋| 582/600 [01:47<00:03,  5.16it/s][A

 97%|█████████▋| 583/600 [01:47<00:03,  5.24it/s][A

 97%|█████████▋| 584/600 [01:48<00:02,  5.35it/s][A

 98%|█████████▊| 585/600 [01:48<00:02,  5.46it/s][A

 98%|█████████▊| 586/600 [01:48<00:02,  5.56it/s][A

 98%|█████████▊| 587/600 [01:48<00:02,  5.36it/s][A

 98%|█████████▊| 588/600 [01:48<00:02,  5.43it/s][A

 98%|█████████▊| 589/600 [01:49<00:02,  5.40it/s][A

 98%|█████████▊| 590/600 [01:49<00:01,  5.48it/s][A

 98%|█████████▊| 591/600 [01:49<00:01,  5.34it/s][A

 99%|█████████▊| 592/600 [01:49<00:01,  5.39it/s][A

 99%|█████████▉| 593/600 [01:49<00:01,  5.31it/s][A

 99%|█████████▉| 594/600 [01:49<00:01,  5.39it/s][A

 99%|█████████▉| 595/600 [01:50<00:00,  5.25it/s][A

 99%|█████████▉| 596/600 [01:50<00:00,  5.35it/s][A

100%|█████████▉| 597/600 [01:50<00:00,  5.27it/s][A

100%|█████████▉| 598/600 [01:50<00:00,  5.30it/s][A

100%|█████████▉| 599/600 [01:50<00:00,  5.27it/s][A

100%|██████████| 600/600 [01:51<00:00,  5.40it/s][A
                                                       


                                                 
[A
 34%|███▍      | 1500/4384 [2:55:38<5:24:26,  6.75s/it]

100%|██████████| 600/600 [01:51<00:00,  5.40it/s][A

                                                 [A
 34%|███▍      | 1501/4384 [2:55:45<32:19:46, 40.37s/it]
 34%|███▍      | 1502/4384 [2:55:52<24:10:13, 30.19s/it]
 34%|███▍      | 1503/4384 [2:55:58<18:27:37, 23.07s/it]
 34%|███▍      | 1504/4384 [2:56:05<14:27:36, 18.08s/it]
 34%|███▍      | 1505/4384 [2:56:11<11:45:03, 14.69s/it]
 34%|███▍      | 1506/4384 [2:56:19<10:00:04, 12.51s/it]
 34%|███▍      | 1507/4384 [2:56:25<8:32:19, 10.68s/it] 
 34%|███▍      | 1508/4384 [2:56:32<7:37:46,  9.55s/it]
 34%|███▍      | 1509/4384 [2:56:39<6:59:39,  8.76s/it]
 34%|███▍      | 1510/4384 [2:56:46<6:30:34,  8.15s/it]
 34%|███▍      | 1511/4384 [2:56:52<6:07:18,  7.67s/it]
 34%|███▍      | 1512/4384 [2:56:59<5:49:15,  7.30s/it]
 35%|███▍      | 1513/4384 [2:57:05<5:35:57,  7.02s/it]
 35%|███▍      | 1514/4384 [2:57:12<5:26:56,  6.84s/it]
 35%|███▍      | 1515/4384 [2:57:18<5:24:15,  6.78s/it]
 35%|███▍      | 1516/4384 [2:57:25<5:18:34,  6.66s/it]
 35%|███▍      | 1517/4384 [2:57:31<5:20:33,  6.71s/it]
 35%|███▍      | 1518/4384 [2:57:38<5:15:02,  6.60s/it]
 35%|███▍      | 1519/4384 [2:57:44<5:10:13,  6.50s/it]
 35%|███▍      | 1520/4384 [2:57:50<5:08:36,  6.47s/it]
                                                       

 35%|███▍      | 1520/4384 [2:57:50<5:08:36,  6.47s/it]
 35%|███▍      | 1521/4384 [2:57:57<5:12:35,  6.55s/it]
 35%|███▍      | 1522/4384 [2:58:04<5:17:08,  6.65s/it]
 35%|███▍      | 1523/4384 [2:58:10<5:09:07,  6.48s/it]
 35%|███▍      | 1524/4384 [2:58:16<5:05:38,  6.41s/it]
 35%|███▍      | 1525/4384 [2:58:23<5:03:39,  6.37s/it]
 35%|███▍      | 1526/4384 [2:58:29<5:06:54,  6.44s/it]
 35%|███▍      | 1527/4384 [2:58:35<5:00:03,  6.30s/it]
 35%|███▍      | 1528/4384 [2:58:42<5:04:37,  6.40s/it]
 35%|███▍      | 1529/4384 [2:58:49<5:09:21,  6.50s/it]
 35%|███▍      | 1530/4384 [2:58:55<5:08:26,  6.48s/it]
 35%|███▍      | 1531/4384 [2:59:02<5:08:49,  6.49s/it]
 35%|███▍      | 1532/4384 [2:59:08<5:09:56,  6.52s/it]
 35%|███▍      | 1533/4384 [2:59:15<5:06:45,  6.46s/it]
 35%|███▍      | 1534/4384 [2:59:21<5:02:46,  6.37s/it]
 35%|███▌      | 1535/4384 [2:59:28<5:10:56,  6.55s/it]
 35%|███▌      | 1536/4384 [2:59:34<5:11:08,  6.55s/it]
 35%|███▌      | 1537/4384 [2:59:41<5:11:06,  6.56s/it]
 35%|███▌      | 1538/4384 [2:59:47<5:11:24,  6.57s/it]
 35%|███▌      | 1539/4384 [2:59:54<5:17:20,  6.69s/it]
 35%|███▌      | 1540/4384 [3:00:01<5:17:22,  6.70s/it]
                                                       

 35%|███▌      | 1540/4384 [3:00:01<5:17:22,  6.70s/it]
 35%|███▌      | 1541/4384 [3:00:08<5:19:13,  6.74s/it]
 35%|███▌      | 1542/4384 [3:00:14<5:16:58,  6.69s/it]
 35%|███▌      | 1543/4384 [3:00:21<5:13:38,  6.62s/it]
 35%|███▌      | 1544/4384 [3:00:27<5:10:03,  6.55s/it]
 35%|███▌      | 1545/4384 [3:00:34<5:05:33,  6.46s/it]
 35%|███▌      | 1546/4384 [3:00:41<5:13:48,  6.63s/it]
 35%|███▌      | 1547/4384 [3:00:47<5:12:18,  6.61s/it]
 35%|███▌      | 1548/4384 [3:00:53<5:06:57,  6.49s/it]
 35%|███▌      | 1549/4384 [3:01:00<5:03:14,  6.42s/it]
 35%|███▌      | 1550/4384 [3:01:07<5:10:24,  6.57s/it]
 35%|███▌      | 1551/4384 [3:01:13<5:10:49,  6.58s/it]
 35%|███▌      | 1552/4384 [3:01:20<5:20:14,  6.78s/it]
 35%|███▌      | 1553/4384 [3:01:27<5:16:45,  6.71s/it]
 35%|███▌      | 1554/4384 [3:01:33<5:06:51,  6.51s/it]
 35%|███▌      | 1555/4384 [3:01:40<5:11:52,  6.61s/it]
 35%|███▌      | 1556/4384 [3:01:46<5:07:49,  6.53s/it]
 36%|███▌      | 1557/4384 [3:01:53<5:05:38,  6.49s/it]
 36%|███▌      | 1558/4384 [3:01:59<5:11:31,  6.61s/it]
 36%|███▌      | 1559/4384 [3:02:07<5:21:32,  6.83s/it]
 36%|███▌      | 1560/4384 [3:02:14<5:24:25,  6.89s/it]
                                                       

 36%|███▌      | 1560/4384 [3:02:14<5:24:25,  6.89s/it]
 36%|███▌      | 1561/4384 [3:02:21<5:22:27,  6.85s/it]
 36%|███▌      | 1562/4384 [3:02:28<5:22:38,  6.86s/it]
 36%|███▌      | 1563/4384 [3:02:34<5:13:51,  6.68s/it]
 36%|███▌      | 1564/4384 [3:02:41<5:19:02,  6.79s/it]
 36%|███▌      | 1565/4384 [3:02:47<5:17:37,  6.76s/it]
 36%|███▌      | 1566/4384 [3:02:54<5:18:06,  6.77s/it]
 36%|███▌      | 1567/4384 [3:03:01<5:15:52,  6.73s/it]
 36%|███▌      | 1568/4384 [3:03:08<5:19:16,  6.80s/it]
 36%|███▌      | 1569/4384 [3:03:15<5:19:28,  6.81s/it]
 36%|███▌      | 1570/4384 [3:03:21<5:18:31,  6.79s/it]
 36%|███▌      | 1571/4384 [3:03:28<5:19:49,  6.82s/it]
 36%|███▌      | 1572/4384 [3:03:35<5:15:56,  6.74s/it]
 36%|███▌      | 1573/4384 [3:03:41<5:10:59,  6.64s/it]
 36%|███▌      | 1574/4384 [3:03:48<5:08:20,  6.58s/it]
 36%|███▌      | 1575/4384 [3:03:55<5:10:39,  6.64s/it]
 36%|███▌      | 1576/4384 [3:04:01<5:11:33,  6.66s/it]
 36%|███▌      | 1577/4384 [3:04:08<5:15:44,  6.75s/it]
 36%|███▌      | 1578/4384 [3:04:15<5:17:04,  6.78s/it]
 36%|███▌      | 1579/4384 [3:04:22<5:23:34,  6.92s/it]
 36%|███▌      | 1580/4384 [3:04:29<5:22:18,  6.90s/it]
                                                       

 36%|███▌      | 1580/4384 [3:04:29<5:22:18,  6.90s/it]
 36%|███▌      | 1581/4384 [3:04:36<5:21:34,  6.88s/it]
 36%|███▌      | 1582/4384 [3:04:43<5:24:48,  6.96s/it]
 36%|███▌      | 1583/4384 [3:04:50<5:18:11,  6.82s/it]
 36%|███▌      | 1584/4384 [3:04:56<5:16:40,  6.79s/it]
 36%|███▌      | 1585/4384 [3:05:03<5:18:56,  6.84s/it]
 36%|███▌      | 1586/4384 [3:05:10<5:22:03,  6.91s/it]
 36%|███▌      | 1587/4384 [3:05:17<5:17:11,  6.80s/it]
 36%|███▌      | 1588/4384 [3:05:23<5:08:18,  6.62s/it]
 36%|███▌      | 1589/4384 [3:05:30<5:16:37,  6.80s/it]
 36%|███▋      | 1590/4384 [3:05:37<5:11:58,  6.70s/it]
 36%|███▋      | 1591/4384 [3:05:44<5:16:43,  6.80s/it]
 36%|███▋      | 1592/4384 [3:05:50<5:13:36,  6.74s/it]
 36%|███▋      | 1593/4384 [3:05:57<5:15:20,  6.78s/it]
 36%|███▋      | 1594/4384 [3:06:04<5:17:35,  6.83s/it]
 36%|███▋      | 1595/4384 [3:06:11<5:14:22,  6.76s/it]
 36%|███▋      | 1596/4384 [3:06:18<5:15:42,  6.79s/it]
 36%|███▋      | 1597/4384 [3:06:24<5:15:28,  6.79s/it]
 36%|███▋      | 1598/4384 [3:06:31<5:15:44,  6.80s/it]
 36%|███▋      | 1599/4384 [3:06:38<5:18:04,  6.85s/it]
 36%|███▋      | 1600/4384 [3:06:45<5:21:24,  6.93s/it]
                                                       

 36%|███▋      | 1600/4384 [3:06:45<5:21:24,  6.93s/it]
 37%|███▋      | 1601/4384 [3:06:52<5:18:06,  6.86s/it]
 37%|███▋      | 1602/4384 [3:06:59<5:17:49,  6.85s/it]
 37%|███▋      | 1603/4384 [3:07:06<5:16:35,  6.83s/it]
 37%|███▋      | 1604/4384 [3:07:13<5:16:17,  6.83s/it]
 37%|███▋      | 1605/4384 [3:07:19<5:16:22,  6.83s/it]
 37%|███▋      | 1606/4384 [3:07:26<5:14:26,  6.79s/it]
 37%|███▋      | 1607/4384 [3:07:33<5:15:38,  6.82s/it]
 37%|███▋      | 1608/4384 [3:07:40<5:12:49,  6.76s/it]
 37%|███▋      | 1609/4384 [3:07:47<5:20:02,  6.92s/it]
 37%|███▋      | 1610/4384 [3:07:54<5:22:23,  6.97s/it]
 37%|███▋      | 1611/4384 [3:08:01<5:17:40,  6.87s/it]
 37%|███▋      | 1612/4384 [3:08:07<5:09:03,  6.69s/it]
 37%|███▋      | 1613/4384 [3:08:13<5:05:39,  6.62s/it]
 37%|███▋      | 1614/4384 [3:08:20<5:04:55,  6.60s/it]
 37%|███▋      | 1615/4384 [3:08:27<5:07:01,  6.65s/it]
 37%|███▋      | 1616/4384 [3:08:33<5:02:28,  6.56s/it]
 37%|███▋      | 1617/4384 [3:08:39<4:57:18,  6.45s/it]
 37%|███▋      | 1618/4384 [3:08:46<4:59:30,  6.50s/it]
 37%|███▋      | 1619/4384 [3:08:52<5:00:15,  6.52s/it]
 37%|███▋      | 1620/4384 [3:08:58<4:48:45,  6.27s/it]
                                                       

 37%|███▋      | 1620/4384 [3:08:58<4:48:45,  6.27s/it]
 37%|███▋      | 1621/4384 [3:09:04<4:41:51,  6.12s/it]
 37%|███▋      | 1622/4384 [3:09:10<4:40:39,  6.10s/it]
 37%|███▋      | 1623/4384 [3:09:16<4:42:31,  6.14s/it]
 37%|███▋      | 1624/4384 [3:09:22<4:38:05,  6.05s/it]
 37%|███▋      | 1625/4384 [3:09:28<4:41:53,  6.13s/it]
 37%|███▋      | 1626/4384 [3:09:35<4:44:49,  6.20s/it]
 37%|███▋      | 1627/4384 [3:09:41<4:44:38,  6.19s/it]
 37%|███▋      | 1628/4384 [3:09:47<4:38:38,  6.07s/it]
 37%|███▋      | 1629/4384 [3:09:52<4:35:37,  6.00s/it]
 37%|███▋      | 1630/4384 [3:09:58<4:31:22,  5.91s/it]
 37%|███▋      | 1631/4384 [3:10:04<4:35:34,  6.01s/it]
 37%|███▋      | 1632/4384 [3:10:10<4:35:18,  6.00s/it]
 37%|███▋      | 1633/4384 [3:10:17<4:39:21,  6.09s/it]
 37%|███▋      | 1634/4384 [3:10:22<4:35:41,  6.01s/it]
 37%|███▋      | 1635/4384 [3:10:28<4:29:02,  5.87s/it]
 37%|███▋      | 1636/4384 [3:10:34<4:28:31,  5.86s/it]
 37%|███▋      | 1637/4384 [3:10:40<4:37:32,  6.06s/it]
 37%|███▋      | 1638/4384 [3:10:46<4:38:09,  6.08s/it]
 37%|███▋      | 1639/4384 [3:10:52<4:35:57,  6.03s/it]
 37%|███▋      | 1640/4384 [3:10:58<4:35:20,  6.02s/it]
                                                       

 37%|███▋      | 1640/4384 [3:10:58<4:35:20,  6.02s/it]
 37%|███▋      | 1641/4384 [3:11:04<4:35:04,  6.02s/it]
 37%|███▋      | 1642/4384 [3:11:10<4:31:14,  5.94s/it]
 37%|███▋      | 1643/4384 [3:11:16<4:35:40,  6.03s/it]
 38%|███▊      | 1644/4384 [3:11:23<4:45:34,  6.25s/it]
 38%|███▊      | 1645/4384 [3:11:29<4:43:35,  6.21s/it]
 38%|███▊      | 1646/4384 [3:11:36<4:43:11,  6.21s/it]
 38%|███▊      | 1647/4384 [3:11:42<4:49:41,  6.35s/it]
 38%|███▊      | 1648/4384 [3:11:49<5:01:10,  6.60s/it]
 38%|███▊      | 1649/4384 [3:11:57<5:13:18,  6.87s/it]
 38%|███▊      | 1650/4384 [3:12:04<5:20:32,  7.03s/it]
 38%|███▊      | 1651/4384 [3:12:11<5:19:54,  7.02s/it]
 38%|███▊      | 1652/4384 [3:12:17<5:06:15,  6.73s/it]
 38%|███▊      | 1653/4384 [3:12:24<5:02:31,  6.65s/it]
 38%|███▊      | 1654/4384 [3:12:30<5:02:42,  6.65s/it]
 38%|███▊      | 1655/4384 [3:12:38<5:13:11,  6.89s/it]
 38%|███▊      | 1656/4384 [3:12:44<5:07:47,  6.77s/it]
 38%|███▊      | 1657/4384 [3:12:52<5:22:02,  7.09s/it]
 38%|███▊      | 1658/4384 [3:12:59<5:24:19,  7.14s/it]
 38%|███▊      | 1659/4384 [3:13:07<5:32:12,  7.31s/it]
 38%|███▊      | 1660/4384 [3:13:15<5:32:34,  7.33s/it]
                                                       

 38%|███▊      | 1660/4384 [3:13:15<5:32:34,  7.33s/it]
 38%|███▊      | 1661/4384 [3:13:21<5:26:28,  7.19s/it]
 38%|███▊      | 1662/4384 [3:13:29<5:30:47,  7.29s/it]
 38%|███▊      | 1663/4384 [3:13:36<5:21:49,  7.10s/it]
 38%|███▊      | 1664/4384 [3:13:43<5:24:01,  7.15s/it]
 38%|███▊      | 1665/4384 [3:13:49<5:13:37,  6.92s/it]
 38%|███▊      | 1666/4384 [3:13:56<5:07:51,  6.80s/it]
 38%|███▊      | 1667/4384 [3:14:02<5:02:21,  6.68s/it]
 38%|███▊      | 1668/4384 [3:14:09<4:58:58,  6.60s/it]
 38%|███▊      | 1669/4384 [3:14:15<5:00:18,  6.64s/it]
 38%|███▊      | 1670/4384 [3:14:22<4:59:08,  6.61s/it]
 38%|███▊      | 1671/4384 [3:14:28<4:55:26,  6.53s/it]
 38%|███▊      | 1672/4384 [3:14:34<4:49:26,  6.40s/it]
 38%|███▊      | 1673/4384 [3:14:41<4:51:03,  6.44s/it]
 38%|███▊      | 1674/4384 [3:14:48<4:54:15,  6.51s/it]
 38%|███▊      | 1675/4384 [3:14:54<4:57:11,  6.58s/it]
 38%|███▊      | 1676/4384 [3:15:01<4:55:36,  6.55s/it]
 38%|███▊      | 1677/4384 [3:15:08<4:59:01,  6.63s/it]
 38%|███▊      | 1678/4384 [3:15:14<4:50:13,  6.44s/it]
 38%|███▊      | 1679/4384 [3:15:20<4:51:25,  6.46s/it]
 38%|███▊      | 1680/4384 [3:15:27<4:52:38,  6.49s/it]
                                                       

 38%|███▊      | 1680/4384 [3:15:27<4:52:38,  6.49s/it]
 38%|███▊      | 1681/4384 [3:15:33<4:52:11,  6.49s/it]
 38%|███▊      | 1682/4384 [3:15:40<4:53:49,  6.52s/it]
 38%|███▊      | 1683/4384 [3:15:46<4:56:00,  6.58s/it]
 38%|███▊      | 1684/4384 [3:15:53<5:02:47,  6.73s/it]
 38%|███▊      | 1685/4384 [3:16:00<4:55:02,  6.56s/it]
 38%|███▊      | 1686/4384 [3:16:06<4:47:38,  6.40s/it]
 38%|███▊      | 1687/4384 [3:16:12<4:46:52,  6.38s/it]
 39%|███▊      | 1688/4384 [3:16:18<4:47:57,  6.41s/it]
 39%|███▊      | 1689/4384 [3:16:25<4:47:49,  6.41s/it]
 39%|███▊      | 1690/4384 [3:16:31<4:44:00,  6.33s/it]
 39%|███▊      | 1691/4384 [3:16:37<4:43:44,  6.32s/it]
 39%|███▊      | 1692/4384 [3:16:44<4:42:35,  6.30s/it]
 39%|███▊      | 1693/4384 [3:16:50<4:42:54,  6.31s/it]
 39%|███▊      | 1694/4384 [3:16:56<4:39:08,  6.23s/it]
 39%|███▊      | 1695/4384 [3:17:02<4:39:46,  6.24s/it]
 39%|███▊      | 1696/4384 [3:17:08<4:37:36,  6.20s/it]
 39%|███▊      | 1697/4384 [3:17:15<4:42:26,  6.31s/it]
 39%|███▊      | 1698/4384 [3:17:22<4:47:15,  6.42s/it]
 39%|███▉      | 1699/4384 [3:17:28<4:50:46,  6.50s/it]
 39%|███▉      | 1700/4384 [3:17:35<4:47:24,  6.43s/it]
                                                       

 39%|███▉      | 1700/4384 [3:17:35<4:47:24,  6.43s/it]
 39%|███▉      | 1701/4384 [3:17:41<4:48:58,  6.46s/it]
 39%|███▉      | 1702/4384 [3:17:47<4:47:21,  6.43s/it]
 39%|███▉      | 1703/4384 [3:17:54<4:44:20,  6.36s/it]
 39%|███▉      | 1704/4384 [3:18:00<4:41:38,  6.31s/it]
 39%|███▉      | 1705/4384 [3:18:07<4:50:27,  6.51s/it]
 39%|███▉      | 1706/4384 [3:18:13<4:47:05,  6.43s/it]
 39%|███▉      | 1707/4384 [3:18:19<4:42:38,  6.33s/it]
 39%|███▉      | 1708/4384 [3:18:25<4:41:33,  6.31s/it]
 39%|███▉      | 1709/4384 [3:18:33<4:55:59,  6.64s/it]
 39%|███▉      | 1710/4384 [3:18:39<4:56:05,  6.64s/it]
 39%|███▉      | 1711/4384 [3:18:46<4:56:23,  6.65s/it]
 39%|███▉      | 1712/4384 [3:18:52<4:44:46,  6.39s/it]
 39%|███▉      | 1713/4384 [3:18:58<4:43:31,  6.37s/it]
 39%|███▉      | 1714/4384 [3:19:05<4:43:23,  6.37s/it]
 39%|███▉      | 1715/4384 [3:19:12<4:53:34,  6.60s/it]
 39%|███▉      | 1716/4384 [3:19:20<5:13:17,  7.05s/it]
 39%|███▉      | 1717/4384 [3:19:26<5:08:20,  6.94s/it]
 39%|███▉      | 1718/4384 [3:19:33<5:05:59,  6.89s/it]
 39%|███▉      | 1719/4384 [3:19:40<5:06:09,  6.89s/it]
 39%|███▉      | 1720/4384 [3:19:47<5:01:36,  6.79s/it]
                                                       

 39%|███▉      | 1720/4384 [3:19:47<5:01:36,  6.79s/it]
 39%|███▉      | 1721/4384 [3:19:53<4:58:23,  6.72s/it]
 39%|███▉      | 1722/4384 [3:20:00<4:57:49,  6.71s/it]
 39%|███▉      | 1723/4384 [3:20:06<4:54:36,  6.64s/it]
 39%|███▉      | 1724/4384 [3:20:13<4:54:20,  6.64s/it]
 39%|███▉      | 1725/4384 [3:20:19<4:47:48,  6.49s/it]
 39%|███▉      | 1726/4384 [3:20:25<4:41:55,  6.36s/it]
 39%|███▉      | 1727/4384 [3:20:32<4:46:41,  6.47s/it]
 39%|███▉      | 1728/4384 [3:20:38<4:41:02,  6.35s/it]
 39%|███▉      | 1729/4384 [3:20:44<4:33:36,  6.18s/it]
 39%|███▉      | 1730/4384 [3:20:50<4:31:41,  6.14s/it]
 39%|███▉      | 1731/4384 [3:20:56<4:29:04,  6.09s/it]
 40%|███▉      | 1732/4384 [3:21:02<4:27:23,  6.05s/it]
 40%|███▉      | 1733/4384 [3:21:08<4:26:59,  6.04s/it]
 40%|███▉      | 1734/4384 [3:21:14<4:29:24,  6.10s/it]
 40%|███▉      | 1735/4384 [3:21:20<4:27:48,  6.07s/it]
 40%|███▉      | 1736/4384 [3:21:27<4:34:00,  6.21s/it]
 40%|███▉      | 1737/4384 [3:21:33<4:34:48,  6.23s/it]
 40%|███▉      | 1738/4384 [3:21:39<4:38:20,  6.31s/it]
 40%|███▉      | 1739/4384 [3:21:46<4:45:12,  6.47s/it]
 40%|███▉      | 1740/4384 [3:21:53<4:43:54,  6.44s/it]
                                                       

 40%|███▉      | 1740/4384 [3:21:53<4:43:54,  6.44s/it]
 40%|███▉      | 1741/4384 [3:21:59<4:43:37,  6.44s/it]
 40%|███▉      | 1742/4384 [3:22:06<4:50:43,  6.60s/it]
 40%|███▉      | 1743/4384 [3:22:12<4:44:11,  6.46s/it]
 40%|███▉      | 1744/4384 [3:22:19<4:46:06,  6.50s/it]
 40%|███▉      | 1745/4384 [3:22:25<4:47:14,  6.53s/it]
 40%|███▉      | 1746/4384 [3:22:32<4:48:40,  6.57s/it]
 40%|███▉      | 1747/4384 [3:22:38<4:45:49,  6.50s/it]
 40%|███▉      | 1748/4384 [3:22:45<4:47:59,  6.56s/it]
 40%|███▉      | 1749/4384 [3:22:52<4:54:17,  6.70s/it]
 40%|███▉      | 1750/4384 [3:22:59<4:54:12,  6.70s/it]
 40%|███▉      | 1751/4384 [3:23:06<5:02:54,  6.90s/it]
 40%|███▉      | 1752/4384 [3:23:12<4:54:53,  6.72s/it]
 40%|███▉      | 1753/4384 [3:23:19<4:51:19,  6.64s/it]
 40%|████      | 1754/4384 [3:23:25<4:48:04,  6.57s/it]
 40%|████      | 1755/4384 [3:23:31<4:39:44,  6.38s/it]
 40%|████      | 1756/4384 [3:23:38<4:45:01,  6.51s/it]
 40%|████      | 1757/4384 [3:23:45<4:48:16,  6.58s/it]
 40%|████      | 1758/4384 [3:23:52<4:49:24,  6.61s/it]
 40%|████      | 1759/4384 [3:23:58<4:53:38,  6.71s/it]
 40%|████      | 1760/4384 [3:24:05<4:45:49,  6.54s/it]
                                                       

 40%|████      | 1760/4384 [3:24:05<4:45:49,  6.54s/it]
 40%|████      | 1761/4384 [3:24:11<4:42:28,  6.46s/it]
 40%|████      | 1762/4384 [3:24:18<4:48:19,  6.60s/it]
 40%|████      | 1763/4384 [3:24:24<4:42:54,  6.48s/it]
 40%|████      | 1764/4384 [3:24:30<4:38:57,  6.39s/it]
 40%|████      | 1765/4384 [3:24:36<4:36:54,  6.34s/it]
 40%|████      | 1766/4384 [3:24:43<4:38:41,  6.39s/it]
 40%|████      | 1767/4384 [3:24:50<4:45:40,  6.55s/it]
 40%|████      | 1768/4384 [3:24:57<4:52:33,  6.71s/it]
 40%|████      | 1769/4384 [3:25:03<4:45:23,  6.55s/it]
 40%|████      | 1770/4384 [3:25:09<4:39:33,  6.42s/it]
 40%|████      | 1771/4384 [3:25:16<4:38:02,  6.38s/it]
 40%|████      | 1772/4384 [3:25:22<4:40:44,  6.45s/it]
 40%|████      | 1773/4384 [3:25:29<4:44:23,  6.54s/it]
 40%|████      | 1774/4384 [3:25:35<4:40:29,  6.45s/it]
 40%|████      | 1775/4384 [3:25:41<4:37:10,  6.37s/it]
 41%|████      | 1776/4384 [3:25:48<4:37:43,  6.39s/it]
 41%|████      | 1777/4384 [3:25:54<4:33:42,  6.30s/it]
 41%|████      | 1778/4384 [3:26:00<4:31:54,  6.26s/it]
 41%|████      | 1779/4384 [3:26:06<4:33:09,  6.29s/it]
 41%|████      | 1780/4384 [3:26:13<4:31:32,  6.26s/it]
                                                       

 41%|████      | 1780/4384 [3:26:13<4:31:32,  6.26s/it]
 41%|████      | 1781/4384 [3:26:19<4:30:46,  6.24s/it]
 41%|████      | 1782/4384 [3:26:25<4:33:10,  6.30s/it]
 41%|████      | 1783/4384 [3:26:31<4:31:05,  6.25s/it]
 41%|████      | 1784/4384 [3:26:37<4:27:59,  6.18s/it]
 41%|████      | 1785/4384 [3:26:44<4:32:03,  6.28s/it]
 41%|████      | 1786/4384 [3:26:51<4:39:26,  6.45s/it]
 41%|████      | 1787/4384 [3:26:57<4:41:55,  6.51s/it]
 41%|████      | 1788/4384 [3:27:04<4:41:01,  6.50s/it]
 41%|████      | 1789/4384 [3:27:10<4:36:32,  6.39s/it]
 41%|████      | 1790/4384 [3:27:16<4:32:47,  6.31s/it]
 41%|████      | 1791/4384 [3:27:22<4:31:39,  6.29s/it]
 41%|████      | 1792/4384 [3:27:29<4:34:07,  6.35s/it]
 41%|████      | 1793/4384 [3:27:35<4:37:46,  6.43s/it]
 41%|████      | 1794/4384 [3:27:42<4:38:50,  6.46s/it]
 41%|████      | 1795/4384 [3:27:49<4:41:21,  6.52s/it]
 41%|████      | 1796/4384 [3:27:56<4:47:25,  6.66s/it]
 41%|████      | 1797/4384 [3:28:02<4:48:03,  6.68s/it]
 41%|████      | 1798/4384 [3:28:09<4:45:18,  6.62s/it]
 41%|████      | 1799/4384 [3:28:15<4:42:17,  6.55s/it]
 41%|████      | 1800/4384 [3:28:22<4:39:40,  6.49s/it]
                                                       

 41%|████      | 1800/4384 [3:28:22<4:39:40,  6.49s/it]
{'eval_loss': '1.961', 'eval_runtime': '111.3', 'eval_samples_per_second': '10.78', 'eval_steps_per_second': '5.39', 'eval_entropy': '1.991', 'eval_num_tokens': '1.531e+07', 'eval_mean_token_accuracy': '0.5914', 'epoch': '0.6845'}
{'loss': '1.892', 'grad_norm': '1.541', 'learning_rate': '7.596e-05', 'entropy': '1.966', 'num_tokens': '1.551e+07', 'mean_token_accuracy': '0.5899', 'epoch': '0.6936'}
{'loss': '1.936', 'grad_norm': '1.501', 'learning_rate': '7.533e-05', 'entropy': '1.987', 'num_tokens': '1.572e+07', 'mean_token_accuracy': '0.5799', 'epoch': '0.7028'}
{'loss': '1.914', 'grad_norm': '1.469', 'learning_rate': '7.469e-05', 'entropy': '1.98', 'num_tokens': '1.592e+07', 'mean_token_accuracy': '0.5839', 'epoch': '0.7119'}
{'loss': '1.956', 'grad_norm': '1.524', 'learning_rate': '7.404e-05', 'entropy': '2.03', 'num_tokens': '1.612e+07', 'mean_token_accuracy': '0.5791', 'epoch': '0.721'}
{'loss': '1.922', 'grad_norm': '1.403', 'learning_rate': '7.339e-05', 'entropy': '1.983', 'num_tokens': '1.633e+07', 'mean_token_accuracy': '0.5827', 'epoch': '0.7301'}
{'loss': '1.915', 'grad_norm': '1.513', 'learning_rate': '7.274e-05', 'entropy': '1.985', 'num_tokens': '1.653e+07', 'mean_token_accuracy': '0.5879', 'epoch': '0.7393'}
{'loss': '1.966', 'grad_norm': '1.515', 'learning_rate': '7.208e-05', 'entropy': '2.028', 'num_tokens': '1.674e+07', 'mean_token_accuracy': '0.5772', 'epoch': '0.7484'}
{'loss': '1.923', 'grad_norm': '1.576', 'learning_rate': '7.141e-05', 'entropy': '1.986', 'num_tokens': '1.694e+07', 'mean_token_accuracy': '0.5854', 'epoch': '0.7575'}
{'loss': '1.929', 'grad_norm': '1.646', 'learning_rate': '7.074e-05', 'entropy': '1.987', 'num_tokens': '1.714e+07', 'mean_token_accuracy': '0.5872', 'epoch': '0.7666'}
{'loss': '1.871', 'grad_norm': '1.468', 'learning_rate': '7.007e-05', 'entropy': '1.936', 'num_tokens': '1.734e+07', 'mean_token_accuracy': '0.5923', 'epoch': '0.7758'}
{'loss': '1.887', 'grad_norm': '1.62', 'learning_rate': '6.939e-05', 'entropy': '1.952', 'num_tokens': '1.755e+07', 'mean_token_accuracy': '0.5905', 'epoch': '0.7849'}
{'loss': '1.901', 'grad_norm': '1.55', 'learning_rate': '6.871e-05', 'entropy': '1.968', 'num_tokens': '1.775e+07', 'mean_token_accuracy': '0.587', 'epoch': '0.794'}
{'loss': '1.981', 'grad_norm': '1.613', 'learning_rate': '6.802e-05', 'entropy': '2.027', 'num_tokens': '1.795e+07', 'mean_token_accuracy': '0.5749', 'epoch': '0.8031'}
{'loss': '1.879', 'grad_norm': '1.286', 'learning_rate': '6.733e-05', 'entropy': '1.94', 'num_tokens': '1.816e+07', 'mean_token_accuracy': '0.5913', 'epoch': '0.8123'}
{'loss': '1.936', 'grad_norm': '1.379', 'learning_rate': '6.663e-05', 'entropy': '1.99', 'num_tokens': '1.836e+07', 'mean_token_accuracy': '0.5825', 'epoch': '0.8214'}

  0%|          | 0/600 [00:00<?, ?it/s][A

  0%|          | 2/600 [00:00<00:50, 11.87it/s][A

  1%|          | 4/600 [00:00<01:17,  7.66it/s][A

  1%|          | 5/600 [00:00<01:25,  6.92it/s][A

  1%|          | 6/600 [00:00<01:30,  6.56it/s][A

  1%|          | 7/600 [00:01<01:32,  6.45it/s][A

  1%|▏         | 8/600 [00:01<01:35,  6.22it/s][A

  2%|▏         | 9/600 [00:01<01:34,  6.26it/s][A

  2%|▏         | 10/600 [00:01<01:34,  6.27it/s][A

  2%|▏         | 11/600 [00:01<01:38,  5.99it/s][A

  2%|▏         | 12/600 [00:01<01:45,  5.59it/s][A

  2%|▏         | 13/600 [00:02<01:47,  5.48it/s][A

  2%|▏         | 14/600 [00:02<01:44,  5.58it/s][A

  2%|▎         | 15/600 [00:02<01:43,  5.65it/s][A

  3%|▎         | 16/600 [00:02<01:39,  5.85it/s][A

  3%|▎         | 17/600 [00:02<01:37,  5.96it/s][A

  3%|▎         | 18/600 [00:02<01:49,  5.33it/s][A

  3%|▎         | 19/600 [00:03<01:49,  5.30it/s][A

  3%|▎         | 20/600 [00:03<01:53,  5.10it/s][A

  4%|▎         | 21/600 [00:03<01:52,  5.15it/s][A

  4%|▎         | 22/600 [00:03<01:58,  4.89it/s][A

  4%|▍         | 23/600 [00:03<01:55,  4.99it/s][A

  4%|▍         | 24/600 [00:04<01:55,  4.97it/s][A

  4%|▍         | 25/600 [00:04<01:55,  4.99it/s][A

  4%|▍         | 26/600 [00:04<01:54,  5.01it/s][A

  4%|▍         | 27/600 [00:04<01:53,  5.05it/s][A

  5%|▍         | 28/600 [00:04<01:53,  5.04it/s][A

  5%|▍         | 29/600 [00:05<01:56,  4.89it/s][A

  5%|▌         | 30/600 [00:05<01:58,  4.83it/s][A

  5%|▌         | 31/600 [00:05<01:54,  4.97it/s][A

  5%|▌         | 32/600 [00:05<01:50,  5.16it/s][A

  6%|▌         | 33/600 [00:05<01:46,  5.32it/s][A

  6%|▌         | 34/600 [00:06<01:45,  5.34it/s][A

  6%|▌         | 35/600 [00:06<01:49,  5.15it/s][A

  6%|▌         | 36/600 [00:06<01:49,  5.15it/s][A

  6%|▌         | 37/600 [00:06<01:51,  5.07it/s][A

  6%|▋         | 38/600 [00:06<01:51,  5.05it/s][A

  6%|▋         | 39/600 [00:07<01:52,  5.01it/s][A

  7%|▋         | 40/600 [00:07<01:53,  4.95it/s][A

  7%|▋         | 41/600 [00:07<01:45,  5.27it/s][A

  7%|▋         | 42/600 [00:07<01:48,  5.17it/s][A

  7%|▋         | 43/600 [00:07<01:48,  5.12it/s][A

  7%|▋         | 44/600 [00:08<01:49,  5.07it/s][A

  8%|▊         | 45/600 [00:08<01:48,  5.13it/s][A

  8%|▊         | 46/600 [00:08<01:51,  4.99it/s][A

  8%|▊         | 47/600 [00:08<01:47,  5.15it/s][A

  8%|▊         | 48/600 [00:08<01:42,  5.39it/s][A

  8%|▊         | 49/600 [00:09<01:40,  5.51it/s][A

  8%|▊         | 50/600 [00:09<01:38,  5.60it/s][A

  8%|▊         | 51/600 [00:09<01:39,  5.51it/s][A

  9%|▊         | 52/600 [00:09<01:55,  4.73it/s][A

  9%|▉         | 53/600 [00:09<01:52,  4.84it/s][A

  9%|▉         | 54/600 [00:10<01:52,  4.84it/s][A

  9%|▉         | 55/600 [00:10<01:47,  5.09it/s][A

  9%|▉         | 56/600 [00:10<01:45,  5.18it/s][A

 10%|▉         | 57/600 [00:10<01:42,  5.28it/s][A

 10%|▉         | 58/600 [00:10<01:41,  5.33it/s][A

 10%|▉         | 59/600 [00:10<01:41,  5.32it/s][A

 10%|█         | 60/600 [00:11<01:41,  5.32it/s][A

 10%|█         | 61/600 [00:11<01:38,  5.48it/s][A

 10%|█         | 62/600 [00:11<01:38,  5.44it/s][A

 10%|█         | 63/600 [00:11<01:38,  5.46it/s][A

 11%|█         | 64/600 [00:11<01:36,  5.57it/s][A

 11%|█         | 65/600 [00:12<01:37,  5.47it/s][A

 11%|█         | 66/600 [00:12<01:34,  5.63it/s][A

 11%|█         | 67/600 [00:12<01:36,  5.51it/s][A

 11%|█▏        | 68/600 [00:12<01:45,  5.04it/s][A

 12%|█▏        | 69/600 [00:12<01:44,  5.06it/s][A

 12%|█▏        | 70/600 [00:13<01:49,  4.83it/s][A

 12%|█▏        | 71/600 [00:13<01:47,  4.90it/s][A

 12%|█▏        | 72/600 [00:13<01:45,  4.99it/s][A

 12%|█▏        | 73/600 [00:13<01:41,  5.20it/s][A

 12%|█▏        | 74/600 [00:13<01:38,  5.34it/s][A

 12%|█▎        | 75/600 [00:14<01:40,  5.25it/s][A

 13%|█▎        | 76/600 [00:14<01:38,  5.29it/s][A

 13%|█▎        | 77/600 [00:14<01:38,  5.29it/s][A

 13%|█▎        | 78/600 [00:14<01:37,  5.35it/s][A

 13%|█▎        | 79/600 [00:14<01:37,  5.36it/s][A

 13%|█▎        | 80/600 [00:14<01:33,  5.57it/s][A

 14%|█▎        | 81/600 [00:15<01:36,  5.38it/s][A

 14%|█▎        | 82/600 [00:15<01:34,  5.51it/s][A

 14%|█▍        | 83/600 [00:15<01:32,  5.57it/s][A

 14%|█▍        | 84/600 [00:15<01:35,  5.40it/s][A

 14%|█▍        | 85/600 [00:15<01:35,  5.42it/s][A

 14%|█▍        | 86/600 [00:16<01:34,  5.44it/s][A

 14%|█▍        | 87/600 [00:16<01:33,  5.51it/s][A

 15%|█▍        | 88/600 [00:16<01:31,  5.60it/s][A

 15%|█▍        | 89/600 [00:16<01:34,  5.43it/s][A

 15%|█▌        | 90/600 [00:16<01:38,  5.17it/s][A

 15%|█▌        | 91/600 [00:16<01:34,  5.38it/s][A

 15%|█▌        | 92/600 [00:17<01:31,  5.54it/s][A

 16%|█▌        | 93/600 [00:17<01:32,  5.48it/s][A

 16%|█▌        | 94/600 [00:17<01:36,  5.27it/s][A

 16%|█▌        | 95/600 [00:17<01:38,  5.15it/s][A

 16%|█▌        | 96/600 [00:17<01:38,  5.14it/s][A

 16%|█▌        | 97/600 [00:18<01:35,  5.29it/s][A

 16%|█▋        | 98/600 [00:18<01:33,  5.36it/s][A

 16%|█▋        | 99/600 [00:18<01:36,  5.18it/s][A

 17%|█▋        | 100/600 [00:18<01:34,  5.27it/s][A

 17%|█▋        | 101/600 [00:18<01:37,  5.11it/s][A

 17%|█▋        | 102/600 [00:19<01:37,  5.10it/s][A

 17%|█▋        | 103/600 [00:19<01:35,  5.20it/s][A

 17%|█▋        | 104/600 [00:19<01:36,  5.15it/s][A

 18%|█▊        | 105/600 [00:19<01:34,  5.24it/s][A

 18%|█▊        | 106/600 [00:19<01:30,  5.45it/s][A

 18%|█▊        | 107/600 [00:19<01:27,  5.64it/s][A

 18%|█▊        | 108/600 [00:20<01:27,  5.65it/s][A

 18%|█▊        | 109/600 [00:20<01:26,  5.67it/s][A

 18%|█▊        | 110/600 [00:20<01:25,  5.75it/s][A

 18%|█▊        | 111/600 [00:20<01:27,  5.57it/s][A

 19%|█▊        | 112/600 [00:20<01:27,  5.58it/s][A

 19%|█▉        | 113/600 [00:21<01:26,  5.63it/s][A

 19%|█▉        | 114/600 [00:21<01:26,  5.60it/s][A

 19%|█▉        | 115/600 [00:21<01:26,  5.59it/s][A

 19%|█▉        | 116/600 [00:21<01:26,  5.58it/s][A

 20%|█▉        | 117/600 [00:21<01:26,  5.58it/s][A

 20%|█▉        | 118/600 [00:21<01:25,  5.62it/s][A

 20%|█▉        | 119/600 [00:22<01:29,  5.34it/s][A

 20%|██        | 120/600 [00:22<01:30,  5.28it/s][A

 20%|██        | 121/600 [00:22<01:32,  5.19it/s][A

 20%|██        | 122/600 [00:22<01:34,  5.05it/s][A

 20%|██        | 123/600 [00:22<01:32,  5.13it/s][A

 21%|██        | 124/600 [00:23<01:35,  4.98it/s][A

 21%|██        | 125/600 [00:23<01:30,  5.26it/s][A

 21%|██        | 126/600 [00:23<01:29,  5.27it/s][A

 21%|██        | 127/600 [00:23<01:30,  5.26it/s][A

 21%|██▏       | 128/600 [00:23<01:31,  5.18it/s][A

 22%|██▏       | 129/600 [00:24<01:28,  5.31it/s][A

 22%|██▏       | 130/600 [00:24<01:28,  5.31it/s][A

 22%|██▏       | 131/600 [00:24<01:27,  5.34it/s][A

 22%|██▏       | 132/600 [00:24<01:32,  5.06it/s][A

 22%|██▏       | 133/600 [00:24<01:31,  5.08it/s][A

 22%|██▏       | 134/600 [00:25<01:37,  4.80it/s][A

 22%|██▎       | 135/600 [00:25<01:38,  4.72it/s][A

 23%|██▎       | 136/600 [00:25<01:39,  4.68it/s][A

 23%|██▎       | 137/600 [00:25<01:39,  4.66it/s][A

 23%|██▎       | 138/600 [00:25<01:35,  4.86it/s][A

 23%|██▎       | 139/600 [00:26<01:34,  4.87it/s][A

 23%|██▎       | 140/600 [00:26<01:33,  4.93it/s][A

 24%|██▎       | 141/600 [00:26<01:28,  5.20it/s][A

 24%|██▎       | 142/600 [00:26<01:31,  5.00it/s][A

 24%|██▍       | 143/600 [00:26<01:30,  5.03it/s][A

 24%|██▍       | 144/600 [00:27<01:30,  5.05it/s][A

 24%|██▍       | 145/600 [00:27<01:26,  5.24it/s][A

 24%|██▍       | 146/600 [00:27<01:24,  5.36it/s][A

 24%|██▍       | 147/600 [00:27<01:23,  5.43it/s][A

 25%|██▍       | 148/600 [00:27<01:24,  5.37it/s][A

 25%|██▍       | 149/600 [00:28<01:20,  5.61it/s][A

 25%|██▌       | 150/600 [00:28<01:22,  5.48it/s][A

 25%|██▌       | 151/600 [00:28<01:24,  5.34it/s][A

 25%|██▌       | 152/600 [00:28<01:22,  5.44it/s][A

 26%|██▌       | 153/600 [00:28<01:20,  5.56it/s][A

 26%|██▌       | 154/600 [00:28<01:21,  5.46it/s][A

 26%|██▌       | 155/600 [00:29<01:20,  5.50it/s][A

 26%|██▌       | 156/600 [00:29<01:19,  5.56it/s][A

 26%|██▌       | 157/600 [00:29<01:19,  5.55it/s][A

 26%|██▋       | 158/600 [00:29<01:23,  5.27it/s][A

 26%|██▋       | 159/600 [00:29<01:22,  5.37it/s][A

 27%|██▋       | 160/600 [00:30<01:18,  5.64it/s][A

 27%|██▋       | 161/600 [00:30<01:16,  5.71it/s][A

 27%|██▋       | 162/600 [00:30<01:16,  5.71it/s][A

 27%|██▋       | 163/600 [00:30<01:16,  5.73it/s][A

 27%|██▋       | 164/600 [00:30<01:19,  5.51it/s][A

 28%|██▊       | 165/600 [00:30<01:18,  5.56it/s][A

 28%|██▊       | 166/600 [00:31<01:16,  5.66it/s][A

 28%|██▊       | 167/600 [00:31<01:14,  5.81it/s][A

 28%|██▊       | 168/600 [00:31<01:14,  5.83it/s][A

 28%|██▊       | 169/600 [00:31<01:13,  5.90it/s][A

 28%|██▊       | 170/600 [00:31<01:12,  5.90it/s][A

 28%|██▊       | 171/600 [00:31<01:13,  5.83it/s][A

 29%|██▊       | 172/600 [00:32<01:19,  5.39it/s][A

 29%|██▉       | 173/600 [00:32<01:18,  5.47it/s][A

 29%|██▉       | 174/600 [00:32<01:17,  5.51it/s][A

 29%|██▉       | 175/600 [00:32<01:15,  5.63it/s][A

 29%|██▉       | 176/600 [00:32<01:11,  5.90it/s][A

 30%|██▉       | 177/600 [00:32<01:10,  5.97it/s][A

 30%|██▉       | 178/600 [00:33<01:10,  5.95it/s][A

 30%|██▉       | 179/600 [00:33<01:10,  5.93it/s][A

 30%|███       | 180/600 [00:33<01:10,  5.95it/s][A

 30%|███       | 181/600 [00:33<01:10,  5.93it/s][A

 30%|███       | 182/600 [00:33<01:10,  5.94it/s][A

 30%|███       | 183/600 [00:34<01:11,  5.80it/s][A

 31%|███       | 184/600 [00:34<01:10,  5.86it/s][A

 31%|███       | 185/600 [00:34<01:08,  6.02it/s][A

 31%|███       | 186/600 [00:34<01:10,  5.87it/s][A

 31%|███       | 187/600 [00:34<01:12,  5.71it/s][A

 31%|███▏      | 188/600 [00:34<01:11,  5.80it/s][A

 32%|███▏      | 189/600 [00:35<01:13,  5.58it/s][A

 32%|███▏      | 190/600 [00:35<01:15,  5.43it/s][A

 32%|███▏      | 191/600 [00:35<01:14,  5.53it/s][A

 32%|███▏      | 192/600 [00:35<01:11,  5.71it/s][A

 32%|███▏      | 193/600 [00:35<01:12,  5.64it/s][A

 32%|███▏      | 194/600 [00:35<01:10,  5.77it/s][A

 32%|███▎      | 195/600 [00:36<01:10,  5.71it/s][A

 33%|███▎      | 196/600 [00:36<01:09,  5.82it/s][A

 33%|███▎      | 197/600 [00:36<01:10,  5.73it/s][A

 33%|███▎      | 198/600 [00:36<01:12,  5.54it/s][A

 33%|███▎      | 199/600 [00:36<01:11,  5.62it/s][A

 33%|███▎      | 200/600 [00:36<01:09,  5.78it/s][A

 34%|███▎      | 201/600 [00:37<01:10,  5.64it/s][A

 34%|███▎      | 202/600 [00:37<01:09,  5.70it/s][A

 34%|███▍      | 203/600 [00:37<01:11,  5.59it/s][A

 34%|███▍      | 204/600 [00:37<01:10,  5.59it/s][A

 34%|███▍      | 205/600 [00:37<01:09,  5.71it/s][A

 34%|███▍      | 206/600 [00:38<01:08,  5.77it/s][A

 34%|███▍      | 207/600 [00:38<01:14,  5.25it/s][A

 35%|███▍      | 208/600 [00:38<01:12,  5.42it/s][A

 35%|███▍      | 209/600 [00:38<01:10,  5.53it/s][A

 35%|███▌      | 210/600 [00:38<01:07,  5.80it/s][A

 35%|███▌      | 211/600 [00:38<01:04,  6.04it/s][A

 35%|███▌      | 212/600 [00:39<01:02,  6.19it/s][A

 36%|███▌      | 213/600 [00:39<01:05,  5.89it/s][A

 36%|███▌      | 214/600 [00:39<01:09,  5.57it/s][A

 36%|███▌      | 215/600 [00:39<01:10,  5.48it/s][A

 36%|███▌      | 216/600 [00:39<01:09,  5.51it/s][A

 36%|███▌      | 217/600 [00:40<01:08,  5.62it/s][A

 36%|███▋      | 218/600 [00:40<01:05,  5.82it/s][A

 36%|███▋      | 219/600 [00:40<01:05,  5.83it/s][A

 37%|███▋      | 220/600 [00:40<01:05,  5.77it/s][A

 37%|███▋      | 221/600 [00:40<01:05,  5.81it/s][A

 37%|███▋      | 222/600 [00:40<01:03,  5.95it/s][A

 37%|███▋      | 223/600 [00:40<01:01,  6.08it/s][A

 37%|███▋      | 224/600 [00:41<01:03,  5.94it/s][A

 38%|███▊      | 225/600 [00:41<01:03,  5.91it/s][A

 38%|███▊      | 226/600 [00:41<01:02,  5.98it/s][A

 38%|███▊      | 227/600 [00:41<01:01,  6.09it/s][A

 38%|███▊      | 228/600 [00:41<00:59,  6.23it/s][A

 38%|███▊      | 229/600 [00:41<01:02,  5.98it/s][A

 38%|███▊      | 230/600 [00:42<01:03,  5.86it/s][A

 38%|███▊      | 231/600 [00:42<01:03,  5.85it/s][A

 39%|███▊      | 232/600 [00:42<01:04,  5.68it/s][A

 39%|███▉      | 233/600 [00:42<01:03,  5.75it/s][A

 39%|███▉      | 234/600 [00:42<01:05,  5.58it/s][A

 39%|███▉      | 235/600 [00:43<01:06,  5.49it/s][A

 39%|███▉      | 236/600 [00:43<01:04,  5.65it/s][A

 40%|███▉      | 237/600 [00:43<01:03,  5.72it/s][A

 40%|███▉      | 238/600 [00:43<01:04,  5.61it/s][A

 40%|███▉      | 239/600 [00:43<01:06,  5.45it/s][A

 40%|████      | 240/600 [00:43<01:05,  5.52it/s][A

 40%|████      | 241/600 [00:44<01:05,  5.48it/s][A

 40%|████      | 242/600 [00:44<01:04,  5.52it/s][A

 40%|████      | 243/600 [00:44<01:06,  5.36it/s][A

 41%|████      | 244/600 [00:44<01:05,  5.47it/s][A

 41%|████      | 245/600 [00:44<01:04,  5.49it/s][A

 41%|████      | 246/600 [00:45<01:06,  5.32it/s][A

 41%|████      | 247/600 [00:45<01:09,  5.08it/s][A

 41%|████▏     | 248/600 [00:45<01:10,  5.02it/s][A

 42%|████▏     | 249/600 [00:45<01:10,  4.98it/s][A

 42%|████▏     | 250/600 [00:45<01:12,  4.85it/s][A

 42%|████▏     | 251/600 [00:46<01:11,  4.91it/s][A

 42%|████▏     | 252/600 [00:46<01:09,  4.97it/s][A

 42%|████▏     | 253/600 [00:46<01:08,  5.08it/s][A

 42%|████▏     | 254/600 [00:46<01:09,  5.00it/s][A

 42%|████▎     | 255/600 [00:46<01:09,  4.93it/s][A

 43%|████▎     | 256/600 [00:47<01:11,  4.79it/s][A

 43%|████▎     | 257/600 [00:47<01:11,  4.80it/s][A

 43%|████▎     | 258/600 [00:47<01:09,  4.90it/s][A

 43%|████▎     | 259/600 [00:47<01:09,  4.92it/s][A

 43%|████▎     | 260/600 [00:47<01:06,  5.09it/s][A

 44%|████▎     | 261/600 [00:48<01:08,  4.98it/s][A

 44%|████▎     | 262/600 [00:48<01:11,  4.75it/s][A

 44%|████▍     | 263/600 [00:48<01:09,  4.84it/s][A

 44%|████▍     | 264/600 [00:48<01:09,  4.87it/s][A

 44%|████▍     | 265/600 [00:49<01:10,  4.73it/s][A

 44%|████▍     | 266/600 [00:49<01:10,  4.76it/s][A

 44%|████▍     | 267/600 [00:49<01:10,  4.69it/s][A

 45%|████▍     | 268/600 [00:49<01:12,  4.61it/s][A

 45%|████▍     | 269/600 [00:49<01:09,  4.78it/s][A

 45%|████▌     | 270/600 [00:50<01:08,  4.79it/s][A

 45%|████▌     | 271/600 [00:50<01:08,  4.81it/s][A

 45%|████▌     | 272/600 [00:50<01:08,  4.76it/s][A

 46%|████▌     | 273/600 [00:50<01:09,  4.72it/s][A

 46%|████▌     | 274/600 [00:50<01:07,  4.86it/s][A

 46%|████▌     | 275/600 [00:51<01:05,  4.93it/s][A

 46%|████▌     | 276/600 [00:51<01:04,  5.00it/s][A

 46%|████▌     | 277/600 [00:51<01:06,  4.86it/s][A

 46%|████▋     | 278/600 [00:51<01:03,  5.03it/s][A

 46%|████▋     | 279/600 [00:51<01:01,  5.19it/s][A

 47%|████▋     | 280/600 [00:52<01:01,  5.18it/s][A

 47%|████▋     | 281/600 [00:52<01:01,  5.19it/s][A

 47%|████▋     | 282/600 [00:52<01:02,  5.07it/s][A

 47%|████▋     | 283/600 [00:52<01:01,  5.18it/s][A

 47%|████▋     | 284/600 [00:52<01:00,  5.20it/s][A

 48%|████▊     | 285/600 [00:53<00:59,  5.31it/s][A

 48%|████▊     | 286/600 [00:53<01:00,  5.22it/s][A

 48%|████▊     | 287/600 [00:53<01:01,  5.12it/s][A

 48%|████▊     | 288/600 [00:53<01:00,  5.18it/s][A

 48%|████▊     | 289/600 [00:53<00:59,  5.26it/s][A

 48%|████▊     | 290/600 [00:53<00:58,  5.31it/s][A

 48%|████▊     | 291/600 [00:54<00:55,  5.54it/s][A

 49%|████▊     | 292/600 [00:54<00:55,  5.56it/s][A

 49%|████▉     | 293/600 [00:54<00:56,  5.43it/s][A

 49%|████▉     | 294/600 [00:54<00:55,  5.48it/s][A

 49%|████▉     | 295/600 [00:54<00:55,  5.50it/s][A

 49%|████▉     | 296/600 [00:55<00:55,  5.48it/s][A

 50%|████▉     | 297/600 [00:55<00:55,  5.50it/s][A

 50%|████▉     | 298/600 [00:55<00:54,  5.56it/s][A

 50%|████▉     | 299/600 [00:55<00:53,  5.61it/s][A

 50%|█████     | 300/600 [00:55<00:54,  5.50it/s][A

 50%|█████     | 301/600 [00:55<00:56,  5.26it/s][A

 50%|█████     | 302/600 [00:56<00:56,  5.27it/s][A

 50%|█████     | 303/600 [00:56<00:54,  5.43it/s][A

 51%|█████     | 304/600 [00:56<00:57,  5.14it/s][A

 51%|█████     | 305/600 [00:56<00:55,  5.34it/s][A

 51%|█████     | 306/600 [00:56<00:55,  5.34it/s][A

 51%|█████     | 307/600 [00:57<00:55,  5.32it/s][A

 51%|█████▏    | 308/600 [00:57<00:54,  5.33it/s][A

 52%|█████▏    | 309/600 [00:57<00:59,  4.92it/s][A

 52%|█████▏    | 310/600 [00:57<00:59,  4.89it/s][A

 52%|█████▏    | 311/600 [00:57<00:59,  4.83it/s][A

 52%|█████▏    | 312/600 [00:58<01:01,  4.72it/s][A

 52%|█████▏    | 313/600 [00:58<00:59,  4.80it/s][A

 52%|█████▏    | 314/600 [00:58<01:00,  4.71it/s][A

 52%|█████▎    | 315/600 [00:58<01:00,  4.68it/s][A

 53%|█████▎    | 316/600 [00:59<01:00,  4.72it/s][A

 53%|█████▎    | 317/600 [00:59<01:02,  4.54it/s][A

 53%|█████▎    | 318/600 [00:59<01:00,  4.64it/s][A

 53%|█████▎    | 319/600 [00:59<00:58,  4.84it/s][A

 53%|█████▎    | 320/600 [00:59<00:53,  5.24it/s][A

 54%|█████▎    | 321/600 [00:59<00:49,  5.60it/s][A

 54%|█████▎    | 322/600 [01:00<00:47,  5.81it/s][A

 54%|█████▍    | 323/600 [01:00<00:49,  5.63it/s][A

 54%|█████▍    | 324/600 [01:00<00:53,  5.16it/s][A

 54%|█████▍    | 325/600 [01:00<00:56,  4.88it/s][A

 54%|█████▍    | 326/600 [01:00<00:54,  4.98it/s][A

 55%|█████▍    | 327/600 [01:01<00:55,  4.94it/s][A

 55%|█████▍    | 328/600 [01:01<00:52,  5.19it/s][A

 55%|█████▍    | 329/600 [01:01<00:54,  5.00it/s][A

 55%|█████▌    | 330/600 [01:01<00:54,  5.00it/s][A

 55%|█████▌    | 331/600 [01:01<00:53,  5.04it/s][A

 55%|█████▌    | 332/600 [01:02<00:51,  5.17it/s][A

 56%|█████▌    | 333/600 [01:02<00:50,  5.24it/s][A

 56%|█████▌    | 334/600 [01:02<00:50,  5.31it/s][A

 56%|█████▌    | 335/600 [01:02<00:49,  5.36it/s][A

 56%|█████▌    | 336/600 [01:02<00:48,  5.46it/s][A

 56%|█████▌    | 337/600 [01:03<00:48,  5.38it/s][A

 56%|█████▋    | 338/600 [01:03<00:48,  5.44it/s][A

 56%|█████▋    | 339/600 [01:03<00:46,  5.65it/s][A

 57%|█████▋    | 340/600 [01:03<00:45,  5.71it/s][A

 57%|█████▋    | 341/600 [01:03<00:46,  5.52it/s][A

 57%|█████▋    | 342/600 [01:03<00:45,  5.63it/s][A

 57%|█████▋    | 343/600 [01:04<00:45,  5.60it/s][A

 57%|█████▋    | 344/600 [01:04<00:45,  5.63it/s][A

 57%|█████▊    | 345/600 [01:04<00:44,  5.68it/s][A

 58%|█████▊    | 346/600 [01:04<00:44,  5.70it/s][A

 58%|█████▊    | 347/600 [01:04<00:44,  5.66it/s][A

 58%|█████▊    | 348/600 [01:04<00:44,  5.69it/s][A

 58%|█████▊    | 349/600 [01:05<00:45,  5.52it/s][A

 58%|█████▊    | 350/600 [01:05<00:45,  5.46it/s][A

 58%|█████▊    | 351/600 [01:05<00:45,  5.45it/s][A

 59%|█████▊    | 352/600 [01:05<00:45,  5.50it/s][A

 59%|█████▉    | 353/600 [01:05<00:44,  5.58it/s][A

 59%|█████▉    | 354/600 [01:06<00:44,  5.53it/s][A

 59%|█████▉    | 355/600 [01:06<00:43,  5.68it/s][A

 59%|█████▉    | 356/600 [01:06<00:42,  5.71it/s][A

 60%|█████▉    | 357/600 [01:06<00:42,  5.71it/s][A

 60%|█████▉    | 358/600 [01:06<00:43,  5.54it/s][A

 60%|█████▉    | 359/600 [01:06<00:45,  5.32it/s][A

 60%|██████    | 360/600 [01:07<00:45,  5.30it/s][A

 60%|██████    | 361/600 [01:07<00:44,  5.34it/s][A

 60%|██████    | 362/600 [01:07<00:47,  5.05it/s][A

 60%|██████    | 363/600 [01:07<00:47,  5.00it/s][A

 61%|██████    | 364/600 [01:07<00:46,  5.10it/s][A

 61%|██████    | 365/600 [01:08<00:45,  5.14it/s][A

 61%|██████    | 366/600 [01:08<00:45,  5.12it/s][A

 61%|██████    | 367/600 [01:08<00:47,  4.93it/s][A

 61%|██████▏   | 368/600 [01:08<00:45,  5.08it/s][A

 62%|██████▏   | 369/600 [01:08<00:44,  5.16it/s][A

 62%|██████▏   | 370/600 [01:10<02:11,  1.76it/s][A

 62%|██████▏   | 371/600 [01:10<01:45,  2.17it/s][A

 62%|██████▏   | 372/600 [01:10<01:27,  2.61it/s][A

 62%|██████▏   | 373/600 [01:10<01:13,  3.07it/s][A

 62%|██████▏   | 374/600 [01:11<01:03,  3.56it/s][A

 62%|██████▎   | 375/600 [01:11<00:57,  3.89it/s][A

 63%|██████▎   | 376/600 [01:11<00:51,  4.36it/s][A

 63%|██████▎   | 377/600 [01:11<00:49,  4.47it/s][A

 63%|██████▎   | 378/600 [01:11<00:49,  4.51it/s][A

 63%|██████▎   | 379/600 [01:12<00:46,  4.72it/s][A

 63%|██████▎   | 380/600 [01:12<00:45,  4.84it/s][A

 64%|██████▎   | 381/600 [01:12<00:44,  4.97it/s][A

 64%|██████▎   | 382/600 [01:12<00:43,  4.96it/s][A

 64%|██████▍   | 383/600 [01:12<00:42,  5.15it/s][A

 64%|██████▍   | 384/600 [01:13<00:44,  4.82it/s][A

 64%|██████▍   | 385/600 [01:13<00:44,  4.82it/s][A

 64%|██████▍   | 386/600 [01:13<00:44,  4.77it/s][A

 64%|██████▍   | 387/600 [01:13<00:43,  4.89it/s][A

 65%|██████▍   | 388/600 [01:13<00:42,  4.99it/s][A

 65%|██████▍   | 389/600 [01:14<00:41,  5.14it/s][A

 65%|██████▌   | 390/600 [01:14<00:39,  5.30it/s][A

 65%|██████▌   | 391/600 [01:14<00:39,  5.31it/s][A

 65%|██████▌   | 392/600 [01:14<00:37,  5.52it/s][A

 66%|██████▌   | 393/600 [01:14<00:37,  5.53it/s][A

 66%|██████▌   | 394/600 [01:15<00:37,  5.54it/s][A

 66%|██████▌   | 395/600 [01:15<00:36,  5.65it/s][A

 66%|██████▌   | 396/600 [01:15<00:35,  5.74it/s][A

 66%|██████▌   | 397/600 [01:15<00:35,  5.67it/s][A

 66%|██████▋   | 398/600 [01:15<00:35,  5.69it/s][A

 66%|██████▋   | 399/600 [01:15<00:35,  5.63it/s][A

 67%|██████▋   | 400/600 [01:16<00:36,  5.54it/s][A

 67%|██████▋   | 401/600 [01:16<00:35,  5.62it/s][A

 67%|██████▋   | 402/600 [01:16<00:34,  5.77it/s][A

 67%|██████▋   | 403/600 [01:16<00:34,  5.70it/s][A

 67%|██████▋   | 404/600 [01:16<00:33,  5.78it/s][A

 68%|██████▊   | 405/600 [01:16<00:33,  5.90it/s][A

 68%|██████▊   | 406/600 [01:17<00:34,  5.70it/s][A

 68%|██████▊   | 407/600 [01:17<00:34,  5.56it/s][A

 68%|██████▊   | 408/600 [01:17<00:33,  5.79it/s][A

 68%|██████▊   | 409/600 [01:17<00:33,  5.74it/s][A

 68%|██████▊   | 410/600 [01:17<00:32,  5.92it/s][A

 68%|██████▊   | 411/600 [01:17<00:31,  5.93it/s][A

 69%|██████▊   | 412/600 [01:18<00:31,  5.98it/s][A

 69%|██████▉   | 413/600 [01:18<00:31,  5.96it/s][A

 69%|██████▉   | 414/600 [01:18<00:30,  6.00it/s][A

 69%|██████▉   | 415/600 [01:18<00:31,  5.88it/s][A

 69%|██████▉   | 416/600 [01:18<00:31,  5.81it/s][A

 70%|██████▉   | 417/600 [01:18<00:31,  5.84it/s][A

 70%|██████▉   | 418/600 [01:19<00:31,  5.78it/s][A

 70%|██████▉   | 419/600 [01:19<00:32,  5.62it/s][A

 70%|███████   | 420/600 [01:19<00:33,  5.39it/s][A

 70%|███████   | 421/600 [01:19<00:32,  5.45it/s][A

 70%|███████   | 422/600 [01:19<00:32,  5.55it/s][A

 70%|███████   | 423/600 [01:20<00:32,  5.49it/s][A

 71%|███████   | 424/600 [01:20<00:32,  5.47it/s][A

 71%|███████   | 425/600 [01:20<00:32,  5.37it/s][A

 71%|███████   | 426/600 [01:20<00:33,  5.15it/s][A

 71%|███████   | 427/600 [01:20<00:34,  5.00it/s][A

 71%|███████▏  | 428/600 [01:21<00:34,  4.97it/s][A

 72%|███████▏  | 429/600 [01:21<00:35,  4.87it/s][A

 72%|███████▏  | 430/600 [01:21<00:33,  5.02it/s][A

 72%|███████▏  | 431/600 [01:21<00:32,  5.18it/s][A

 72%|███████▏  | 432/600 [01:21<00:30,  5.42it/s][A

 72%|███████▏  | 433/600 [01:22<00:30,  5.54it/s][A

 72%|███████▏  | 434/600 [01:22<00:30,  5.45it/s][A

 72%|███████▎  | 435/600 [01:22<00:31,  5.28it/s][A

 73%|███████▎  | 436/600 [01:22<00:32,  4.98it/s][A

 73%|███████▎  | 437/600 [01:22<00:32,  5.02it/s][A

 73%|███████▎  | 438/600 [01:23<00:30,  5.29it/s][A

 73%|███████▎  | 439/600 [01:23<00:31,  5.16it/s][A

 73%|███████▎  | 440/600 [01:23<00:30,  5.27it/s][A

 74%|███████▎  | 441/600 [01:23<00:31,  5.12it/s][A

 74%|███████▎  | 442/600 [01:23<00:30,  5.10it/s][A

 74%|███████▍  | 443/600 [01:23<00:30,  5.09it/s][A

 74%|███████▍  | 444/600 [01:24<00:29,  5.26it/s][A

 74%|███████▍  | 445/600 [01:24<00:29,  5.28it/s][A

 74%|███████▍  | 446/600 [01:24<00:27,  5.52it/s][A

 74%|███████▍  | 447/600 [01:24<00:28,  5.31it/s][A

 75%|███████▍  | 448/600 [01:24<00:28,  5.36it/s][A

 75%|███████▍  | 449/600 [01:25<00:28,  5.36it/s][A

 75%|███████▌  | 450/600 [01:25<00:27,  5.39it/s][A

 75%|███████▌  | 451/600 [01:25<00:27,  5.39it/s][A

 75%|███████▌  | 452/600 [01:25<00:27,  5.29it/s][A

 76%|███████▌  | 453/600 [01:25<00:27,  5.32it/s][A

 76%|███████▌  | 454/600 [01:26<00:26,  5.45it/s][A

 76%|███████▌  | 455/600 [01:26<00:26,  5.53it/s][A

 76%|███████▌  | 456/600 [01:26<00:25,  5.58it/s][A

 76%|███████▌  | 457/600 [01:26<00:25,  5.64it/s][A

 76%|███████▋  | 458/600 [01:26<00:24,  5.79it/s][A

 76%|███████▋  | 459/600 [01:26<00:23,  5.94it/s][A

 77%|███████▋  | 460/600 [01:27<00:22,  6.12it/s][A

 77%|███████▋  | 461/600 [01:27<00:22,  6.20it/s][A

 77%|███████▋  | 462/600 [01:27<00:21,  6.29it/s][A

 77%|███████▋  | 463/600 [01:27<00:21,  6.43it/s][A

 77%|███████▋  | 464/600 [01:27<00:21,  6.20it/s][A

 78%|███████▊  | 465/600 [01:27<00:22,  5.94it/s][A

 78%|███████▊  | 466/600 [01:28<00:22,  5.86it/s][A

 78%|███████▊  | 467/600 [01:28<00:23,  5.63it/s][A

 78%|███████▊  | 468/600 [01:28<00:23,  5.61it/s][A

 78%|███████▊  | 469/600 [01:28<00:23,  5.66it/s][A

 78%|███████▊  | 470/600 [01:28<00:22,  5.75it/s][A

 78%|███████▊  | 471/600 [01:28<00:22,  5.64it/s][A

 79%|███████▊  | 472/600 [01:29<00:22,  5.58it/s][A

 79%|███████▉  | 473/600 [01:29<00:22,  5.55it/s][A

 79%|███████▉  | 474/600 [01:29<00:22,  5.49it/s][A

 79%|███████▉  | 475/600 [01:29<00:22,  5.53it/s][A

 79%|███████▉  | 476/600 [01:29<00:22,  5.49it/s][A

 80%|███████▉  | 477/600 [01:29<00:21,  5.61it/s][A

 80%|███████▉  | 478/600 [01:30<00:22,  5.54it/s][A

 80%|███████▉  | 479/600 [01:30<00:23,  5.26it/s][A

 80%|████████  | 480/600 [01:30<00:22,  5.36it/s][A

 80%|████████  | 481/600 [01:30<00:22,  5.28it/s][A

 80%|████████  | 482/600 [01:30<00:21,  5.40it/s][A

 80%|████████  | 483/600 [01:31<00:21,  5.47it/s][A

 81%|████████  | 484/600 [01:31<00:21,  5.40it/s][A

 81%|████████  | 485/600 [01:31<00:21,  5.39it/s][A

 81%|████████  | 486/600 [01:31<00:21,  5.42it/s][A

 81%|████████  | 487/600 [01:31<00:20,  5.49it/s][A

 81%|████████▏ | 488/600 [01:32<00:20,  5.53it/s][A

 82%|████████▏ | 489/600 [01:32<00:20,  5.51it/s][A

 82%|████████▏ | 490/600 [01:32<00:19,  5.50it/s][A

 82%|████████▏ | 491/600 [01:32<00:19,  5.70it/s][A

 82%|████████▏ | 492/600 [01:32<00:19,  5.63it/s][A

 82%|████████▏ | 493/600 [01:32<00:18,  5.69it/s][A

 82%|████████▏ | 494/600 [01:33<00:19,  5.52it/s][A

 82%|████████▎ | 495/600 [01:33<00:18,  5.63it/s][A

 83%|████████▎ | 496/600 [01:33<00:18,  5.66it/s][A

 83%|████████▎ | 497/600 [01:33<00:17,  5.73it/s][A

 83%|████████▎ | 498/600 [01:33<00:17,  5.86it/s][A

 83%|████████▎ | 499/600 [01:33<00:17,  5.83it/s][A

 83%|████████▎ | 500/600 [01:34<00:17,  5.68it/s][A

 84%|████████▎ | 501/600 [01:34<00:18,  5.35it/s][A

 84%|████████▎ | 502/600 [01:34<00:18,  5.32it/s][A

 84%|████████▍ | 503/600 [01:34<00:18,  5.26it/s][A

 84%|████████▍ | 504/600 [01:34<00:18,  5.23it/s][A

 84%|████████▍ | 505/600 [01:35<00:18,  5.00it/s][A

 84%|████████▍ | 506/600 [01:35<00:18,  4.96it/s][A

 84%|████████▍ | 507/600 [01:35<00:18,  5.05it/s][A

 85%|████████▍ | 508/600 [01:35<00:18,  5.06it/s][A

 85%|████████▍ | 509/600 [01:35<00:17,  5.11it/s][A

 85%|████████▌ | 510/600 [01:36<00:17,  5.18it/s][A

 85%|████████▌ | 511/600 [01:36<00:17,  5.17it/s][A

 85%|████████▌ | 512/600 [01:36<00:17,  4.99it/s][A

 86%|████████▌ | 513/600 [01:36<00:18,  4.83it/s][A

 86%|████████▌ | 514/600 [01:36<00:17,  5.05it/s][A

 86%|████████▌ | 515/600 [01:37<00:16,  5.15it/s][A

 86%|████████▌ | 516/600 [01:37<00:16,  5.11it/s][A

 86%|████████▌ | 517/600 [01:37<00:16,  5.13it/s][A

 86%|████████▋ | 518/600 [01:37<00:15,  5.22it/s][A

 86%|████████▋ | 519/600 [01:37<00:14,  5.42it/s][A

 87%|████████▋ | 520/600 [01:38<00:14,  5.57it/s][A

 87%|████████▋ | 521/600 [01:38<00:15,  5.20it/s][A

 87%|████████▋ | 522/600 [01:38<00:14,  5.31it/s][A

 87%|████████▋ | 523/600 [01:38<00:14,  5.43it/s][A

 87%|████████▋ | 524/600 [01:38<00:13,  5.61it/s][A

 88%|████████▊ | 525/600 [01:38<00:13,  5.53it/s][A

 88%|████████▊ | 526/600 [01:39<00:13,  5.67it/s][A

 88%|████████▊ | 527/600 [01:39<00:12,  5.68it/s][A

 88%|████████▊ | 528/600 [01:39<00:12,  5.63it/s][A

 88%|████████▊ | 529/600 [01:39<00:12,  5.74it/s][A

 88%|████████▊ | 530/600 [01:39<00:12,  5.73it/s][A

 88%|████████▊ | 531/600 [01:39<00:12,  5.70it/s][A

 89%|████████▊ | 532/600 [01:40<00:11,  5.71it/s][A

 89%|████████▉ | 533/600 [01:40<00:11,  5.62it/s][A

 89%|████████▉ | 534/600 [01:40<00:11,  5.62it/s][A

 89%|████████▉ | 535/600 [01:40<00:11,  5.48it/s][A

 89%|████████▉ | 536/600 [01:40<00:11,  5.46it/s][A

 90%|████████▉ | 537/600 [01:41<00:12,  5.20it/s][A

 90%|████████▉ | 538/600 [01:41<00:11,  5.23it/s][A

 90%|████████▉ | 539/600 [01:41<00:11,  5.40it/s][A

 90%|█████████ | 540/600 [01:41<00:11,  5.26it/s][A

 90%|█████████ | 541/600 [01:41<00:10,  5.45it/s][A

 90%|█████████ | 542/600 [01:42<00:10,  5.50it/s][A

 90%|█████████ | 543/600 [01:42<00:10,  5.50it/s][A

 91%|█████████ | 544/600 [01:42<00:10,  5.60it/s][A

 91%|█████████ | 545/600 [01:42<00:09,  5.60it/s][A

 91%|█████████ | 546/600 [01:42<00:09,  5.66it/s][A

 91%|█████████ | 547/600 [01:42<00:09,  5.69it/s][A

 91%|█████████▏| 548/600 [01:43<00:09,  5.26it/s][A

 92%|█████████▏| 549/600 [01:43<00:10,  5.09it/s][A

 92%|█████████▏| 550/600 [01:43<00:09,  5.08it/s][A

 92%|█████████▏| 551/600 [01:43<00:09,  5.10it/s][A

 92%|█████████▏| 552/600 [01:43<00:09,  5.18it/s][A

 92%|█████████▏| 553/600 [01:44<00:09,  5.07it/s][A

 92%|█████████▏| 554/600 [01:44<00:08,  5.17it/s][A

 92%|█████████▎| 555/600 [01:44<00:08,  5.27it/s][A

 93%|█████████▎| 556/600 [01:44<00:08,  5.29it/s][A

 93%|█████████▎| 557/600 [01:44<00:08,  4.96it/s][A

 93%|█████████▎| 558/600 [01:45<00:08,  5.08it/s][A

 93%|█████████▎| 559/600 [01:45<00:07,  5.14it/s][A

 93%|█████████▎| 560/600 [01:45<00:07,  5.16it/s][A

 94%|█████████▎| 561/600 [01:45<00:07,  5.39it/s][A

 94%|█████████▎| 562/600 [01:45<00:07,  5.33it/s][A

 94%|█████████▍| 563/600 [01:46<00:07,  5.24it/s][A

 94%|█████████▍| 564/600 [01:46<00:06,  5.22it/s][A

 94%|█████████▍| 565/600 [01:46<00:06,  5.34it/s][A

 94%|█████████▍| 566/600 [01:46<00:06,  5.43it/s][A

 94%|█████████▍| 567/600 [01:46<00:05,  5.51it/s][A

 95%|█████████▍| 568/600 [01:46<00:05,  5.76it/s][A

 95%|█████████▍| 569/600 [01:47<00:05,  5.62it/s][A

 95%|█████████▌| 570/600 [01:47<00:05,  5.81it/s][A

 95%|█████████▌| 571/600 [01:47<00:04,  5.95it/s][A

 95%|█████████▌| 572/600 [01:47<00:04,  6.03it/s][A

 96%|█████████▌| 573/600 [01:47<00:04,  5.97it/s][A

 96%|█████████▌| 574/600 [01:47<00:04,  5.81it/s][A

 96%|█████████▌| 575/600 [01:48<00:04,  5.72it/s][A

 96%|█████████▌| 576/600 [01:48<00:04,  5.63it/s][A

 96%|█████████▌| 577/600 [01:48<00:04,  5.70it/s][A

 96%|█████████▋| 578/600 [01:48<00:03,  5.65it/s][A

 96%|█████████▋| 579/600 [01:48<00:03,  5.69it/s][A

 97%|█████████▋| 580/600 [01:49<00:03,  5.61it/s][A

 97%|█████████▋| 581/600 [01:49<00:03,  5.53it/s][A

 97%|█████████▋| 582/600 [01:49<00:03,  5.48it/s][A

 97%|█████████▋| 583/600 [01:49<00:03,  5.62it/s][A

 97%|█████████▋| 584/600 [01:49<00:02,  5.65it/s][A

 98%|█████████▊| 585/600 [01:49<00:02,  5.62it/s][A

 98%|█████████▊| 586/600 [01:50<00:02,  5.50it/s][A

 98%|█████████▊| 587/600 [01:50<00:02,  5.58it/s][A

 98%|█████████▊| 588/600 [01:50<00:02,  5.59it/s][A

 98%|█████████▊| 589/600 [01:50<00:01,  5.54it/s][A

 98%|█████████▊| 590/600 [01:50<00:01,  5.58it/s][A

 98%|█████████▊| 591/600 [01:50<00:01,  5.67it/s][A

 99%|█████████▊| 592/600 [01:51<00:01,  5.61it/s][A

 99%|█████████▉| 593/600 [01:51<00:01,  5.53it/s][A

 99%|█████████▉| 594/600 [01:51<00:01,  5.44it/s][A

 99%|█████████▉| 595/600 [01:51<00:00,  5.31it/s][A

 99%|█████████▉| 596/600 [01:51<00:00,  5.20it/s][A

100%|█████████▉| 597/600 [01:52<00:00,  4.87it/s][A

100%|█████████▉| 598/600 [01:52<00:00,  4.73it/s][A

100%|█████████▉| 599/600 [01:52<00:00,  4.63it/s][A

100%|██████████| 600/600 [01:52<00:00,  4.35it/s][A
                                                       


                                                 
[A
 41%|████      | 1800/4384 [3:30:15<4:39:40,  6.49s/it]

100%|██████████| 600/600 [01:52<00:00,  4.35it/s][A

                                                 [A
 41%|████      | 1801/4384 [3:30:22<29:09:20, 40.64s/it]
 41%|████      | 1802/4384 [3:30:29<21:53:09, 30.51s/it]
 41%|████      | 1803/4384 [3:30:36<16:47:39, 23.42s/it]
 41%|████      | 1804/4384 [3:30:42<13:11:55, 18.42s/it]
 41%|████      | 1805/4384 [3:30:49<10:37:50, 14.84s/it]
 41%|████      | 1806/4384 [3:30:55<8:47:26, 12.28s/it] 
 41%|████      | 1807/4384 [3:31:02<7:34:20, 10.58s/it]
 41%|████      | 1808/4384 [3:31:08<6:39:03,  9.29s/it]
 41%|████▏     | 1809/4384 [3:31:14<6:00:22,  8.40s/it]
 41%|████▏     | 1810/4384 [3:31:21<5:40:28,  7.94s/it]
 41%|████▏     | 1811/4384 [3:31:28<5:23:56,  7.55s/it]
 41%|████▏     | 1812/4384 [3:31:34<5:06:17,  7.15s/it]
 41%|████▏     | 1813/4384 [3:31:40<4:52:39,  6.83s/it]
 41%|████▏     | 1814/4384 [3:31:47<4:47:18,  6.71s/it]
 41%|████▏     | 1815/4384 [3:31:53<4:38:58,  6.52s/it]
 41%|████▏     | 1816/4384 [3:31:59<4:34:58,  6.42s/it]
 41%|████▏     | 1817/4384 [3:32:05<4:34:30,  6.42s/it]
 41%|████▏     | 1818/4384 [3:32:12<4:40:52,  6.57s/it]
 41%|████▏     | 1819/4384 [3:32:19<4:41:04,  6.58s/it]
 42%|████▏     | 1820/4384 [3:32:25<4:34:03,  6.41s/it]
                                                       

 42%|████▏     | 1820/4384 [3:32:25<4:34:03,  6.41s/it]
 42%|████▏     | 1821/4384 [3:32:31<4:34:12,  6.42s/it]
 42%|████▏     | 1822/4384 [3:32:38<4:42:16,  6.61s/it]
 42%|████▏     | 1823/4384 [3:32:45<4:42:51,  6.63s/it]
 42%|████▏     | 1824/4384 [3:32:51<4:30:41,  6.34s/it]
 42%|████▏     | 1825/4384 [3:32:57<4:32:00,  6.38s/it]
 42%|████▏     | 1826/4384 [3:33:03<4:30:58,  6.36s/it]
 42%|████▏     | 1827/4384 [3:33:10<4:27:34,  6.28s/it]
 42%|████▏     | 1828/4384 [3:33:16<4:27:30,  6.28s/it]
 42%|████▏     | 1829/4384 [3:33:22<4:23:44,  6.19s/it]
 42%|████▏     | 1830/4384 [3:33:28<4:22:02,  6.16s/it]
 42%|████▏     | 1831/4384 [3:33:35<4:38:22,  6.54s/it]
 42%|████▏     | 1832/4384 [3:33:42<4:42:22,  6.64s/it]
 42%|████▏     | 1833/4384 [3:33:49<4:48:04,  6.78s/it]
 42%|████▏     | 1834/4384 [3:33:56<4:41:40,  6.63s/it]
 42%|████▏     | 1835/4384 [3:34:02<4:36:26,  6.51s/it]
 42%|████▏     | 1836/4384 [3:34:09<4:39:52,  6.59s/it]
 42%|████▏     | 1837/4384 [3:34:15<4:37:25,  6.54s/it]
 42%|████▏     | 1838/4384 [3:34:21<4:32:58,  6.43s/it]
 42%|████▏     | 1839/4384 [3:34:28<4:34:48,  6.48s/it]
 42%|████▏     | 1840/4384 [3:34:35<4:46:05,  6.75s/it]
                                                       

 42%|████▏     | 1840/4384 [3:34:35<4:46:05,  6.75s/it]
 42%|████▏     | 1841/4384 [3:34:42<4:43:46,  6.70s/it]
 42%|████▏     | 1842/4384 [3:34:48<4:44:55,  6.73s/it]
 42%|████▏     | 1843/4384 [3:34:55<4:44:23,  6.72s/it]
 42%|████▏     | 1844/4384 [3:35:02<4:41:02,  6.64s/it]
 42%|████▏     | 1845/4384 [3:35:09<4:45:04,  6.74s/it]
 42%|████▏     | 1846/4384 [3:35:15<4:35:18,  6.51s/it]
 42%|████▏     | 1847/4384 [3:35:20<4:26:36,  6.31s/it]
 42%|████▏     | 1848/4384 [3:35:27<4:27:50,  6.34s/it]
 42%|████▏     | 1849/4384 [3:35:33<4:23:31,  6.24s/it]
 42%|████▏     | 1850/4384 [3:35:39<4:16:46,  6.08s/it]
 42%|████▏     | 1851/4384 [3:35:45<4:16:10,  6.07s/it]
 42%|████▏     | 1852/4384 [3:35:51<4:17:15,  6.10s/it]
 42%|████▏     | 1853/4384 [3:35:57<4:17:58,  6.12s/it]
 42%|████▏     | 1854/4384 [3:36:03<4:23:15,  6.24s/it]
 42%|████▏     | 1855/4384 [3:36:10<4:26:09,  6.31s/it]
 42%|████▏     | 1856/4384 [3:36:16<4:26:16,  6.32s/it]
 42%|████▏     | 1857/4384 [3:36:22<4:21:53,  6.22s/it]
 42%|████▏     | 1858/4384 [3:36:28<4:21:03,  6.20s/it]
 42%|████▏     | 1859/4384 [3:36:34<4:12:21,  6.00s/it]
 42%|████▏     | 1860/4384 [3:36:40<4:18:11,  6.14s/it]
                                                       

 42%|████▏     | 1860/4384 [3:36:40<4:18:11,  6.14s/it]
 42%|████▏     | 1861/4384 [3:36:47<4:24:30,  6.29s/it]
 42%|████▏     | 1862/4384 [3:36:54<4:28:21,  6.38s/it]
 42%|████▏     | 1863/4384 [3:37:00<4:33:14,  6.50s/it]
 43%|████▎     | 1864/4384 [3:37:07<4:30:58,  6.45s/it]
 43%|████▎     | 1865/4384 [3:37:13<4:27:25,  6.37s/it]
 43%|████▎     | 1866/4384 [3:37:20<4:32:35,  6.50s/it]
 43%|████▎     | 1867/4384 [3:37:26<4:34:43,  6.55s/it]
 43%|████▎     | 1868/4384 [3:37:33<4:29:40,  6.43s/it]
 43%|████▎     | 1869/4384 [3:37:39<4:31:04,  6.47s/it]
 43%|████▎     | 1870/4384 [3:37:45<4:26:53,  6.37s/it]
 43%|████▎     | 1871/4384 [3:37:52<4:37:38,  6.63s/it]
 43%|████▎     | 1872/4384 [3:37:59<4:40:21,  6.70s/it]
 43%|████▎     | 1873/4384 [3:38:06<4:37:16,  6.63s/it]
 43%|████▎     | 1874/4384 [3:38:12<4:28:12,  6.41s/it]
 43%|████▎     | 1875/4384 [3:38:18<4:25:59,  6.36s/it]
 43%|████▎     | 1876/4384 [3:38:24<4:22:34,  6.28s/it]
 43%|████▎     | 1877/4384 [3:38:31<4:24:58,  6.34s/it]
 43%|████▎     | 1878/4384 [3:38:37<4:26:37,  6.38s/it]
 43%|████▎     | 1879/4384 [3:38:43<4:23:28,  6.31s/it]
 43%|████▎     | 1880/4384 [3:38:49<4:22:17,  6.28s/it]
                                                       

 43%|████▎     | 1880/4384 [3:38:49<4:22:17,  6.28s/it]
 43%|████▎     | 1881/4384 [3:38:56<4:22:17,  6.29s/it]
 43%|████▎     | 1882/4384 [3:39:01<4:14:59,  6.11s/it]
 43%|████▎     | 1883/4384 [3:39:07<4:13:26,  6.08s/it]
 43%|████▎     | 1884/4384 [3:39:14<4:18:41,  6.21s/it]
 43%|████▎     | 1885/4384 [3:39:20<4:13:17,  6.08s/it]
 43%|████▎     | 1886/4384 [3:39:26<4:12:50,  6.07s/it]
 43%|████▎     | 1887/4384 [3:39:32<4:12:43,  6.07s/it]
 43%|████▎     | 1888/4384 [3:39:38<4:15:45,  6.15s/it]
 43%|████▎     | 1889/4384 [3:39:44<4:17:39,  6.20s/it]
 43%|████▎     | 1890/4384 [3:39:51<4:21:58,  6.30s/it]
 43%|████▎     | 1891/4384 [3:39:58<4:25:20,  6.39s/it]
 43%|████▎     | 1892/4384 [3:40:03<4:18:47,  6.23s/it]
 43%|████▎     | 1893/4384 [3:40:09<4:13:21,  6.10s/it]
 43%|████▎     | 1894/4384 [3:40:16<4:15:35,  6.16s/it]
 43%|████▎     | 1895/4384 [3:40:22<4:14:52,  6.14s/it]
 43%|████▎     | 1896/4384 [3:40:28<4:13:51,  6.12s/it]
 43%|████▎     | 1897/4384 [3:40:34<4:10:18,  6.04s/it]
 43%|████▎     | 1898/4384 [3:40:40<4:14:04,  6.13s/it]
 43%|████▎     | 1899/4384 [3:40:46<4:15:20,  6.17s/it]
 43%|████▎     | 1900/4384 [3:40:52<4:08:21,  6.00s/it]
                                                       

 43%|████▎     | 1900/4384 [3:40:52<4:08:21,  6.00s/it]
 43%|████▎     | 1901/4384 [3:40:57<4:01:14,  5.83s/it]
 43%|████▎     | 1902/4384 [3:41:03<4:06:55,  5.97s/it]
 43%|████▎     | 1903/4384 [3:41:10<4:10:16,  6.05s/it]
 43%|████▎     | 1904/4384 [3:41:15<4:04:06,  5.91s/it]
 43%|████▎     | 1905/4384 [3:41:21<4:03:22,  5.89s/it]
 43%|████▎     | 1906/4384 [3:41:27<4:05:36,  5.95s/it]
 43%|████▎     | 1907/4384 [3:41:33<4:04:26,  5.92s/it]
 44%|████▎     | 1908/4384 [3:41:39<4:05:49,  5.96s/it]
 44%|████▎     | 1909/4384 [3:41:46<4:13:51,  6.15s/it]
 44%|████▎     | 1910/4384 [3:41:52<4:10:54,  6.09s/it]
 44%|████▎     | 1911/4384 [3:41:57<4:04:53,  5.94s/it]
 44%|████▎     | 1912/4384 [3:42:03<4:04:06,  5.93s/it]
 44%|████▎     | 1913/4384 [3:42:09<4:04:43,  5.94s/it]
 44%|████▎     | 1914/4384 [3:42:15<4:03:02,  5.90s/it]
 44%|████▎     | 1915/4384 [3:42:21<4:02:35,  5.90s/it]
 44%|████▎     | 1916/4384 [3:42:27<4:06:19,  5.99s/it]
 44%|████▎     | 1917/4384 [3:42:33<4:04:28,  5.95s/it]
 44%|████▍     | 1918/4384 [3:42:39<4:06:24,  6.00s/it]
 44%|████▍     | 1919/4384 [3:42:45<4:06:53,  6.01s/it]
 44%|████▍     | 1920/4384 [3:42:51<4:02:46,  5.91s/it]
                                                       

 44%|████▍     | 1920/4384 [3:42:51<4:02:46,  5.91s/it]
 44%|████▍     | 1921/4384 [3:42:57<4:06:46,  6.01s/it]
 44%|████▍     | 1922/4384 [3:43:03<4:03:31,  5.93s/it]
 44%|████▍     | 1923/4384 [3:43:09<4:03:45,  5.94s/it]
 44%|████▍     | 1924/4384 [3:43:15<4:05:09,  5.98s/it]
 44%|████▍     | 1925/4384 [3:43:21<4:03:42,  5.95s/it]
 44%|████▍     | 1926/4384 [3:43:26<4:01:29,  5.89s/it]
 44%|████▍     | 1927/4384 [3:43:33<4:06:22,  6.02s/it]
 44%|████▍     | 1928/4384 [3:43:39<4:07:52,  6.06s/it]
 44%|████▍     | 1929/4384 [3:43:45<4:03:08,  5.94s/it]
 44%|████▍     | 1930/4384 [3:43:50<3:59:35,  5.86s/it]
 44%|████▍     | 1931/4384 [3:43:56<4:03:59,  5.97s/it]
 44%|████▍     | 1932/4384 [3:44:02<3:57:14,  5.81s/it]
 44%|████▍     | 1933/4384 [3:44:08<4:00:02,  5.88s/it]
 44%|████▍     | 1934/4384 [3:44:14<4:03:46,  5.97s/it]
 44%|████▍     | 1935/4384 [3:44:20<4:04:11,  5.98s/it]
 44%|████▍     | 1936/4384 [3:44:26<4:04:21,  5.99s/it]
 44%|████▍     | 1937/4384 [3:44:32<4:07:13,  6.06s/it]
 44%|████▍     | 1938/4384 [3:44:38<4:06:34,  6.05s/it]
 44%|████▍     | 1939/4384 [3:44:44<4:00:48,  5.91s/it]
 44%|████▍     | 1940/4384 [3:44:50<4:03:53,  5.99s/it]
                                                       

 44%|████▍     | 1940/4384 [3:44:50<4:03:53,  5.99s/it]
 44%|████▍     | 1941/4384 [3:44:56<4:06:35,  6.06s/it]
 44%|████▍     | 1942/4384 [3:45:02<4:05:33,  6.03s/it]
 44%|████▍     | 1943/4384 [3:45:08<4:01:42,  5.94s/it]
 44%|████▍     | 1944/4384 [3:45:14<3:59:40,  5.89s/it]
 44%|████▍     | 1945/4384 [3:45:20<4:00:57,  5.93s/it]
 44%|████▍     | 1946/4384 [3:45:26<4:06:38,  6.07s/it]
 44%|████▍     | 1947/4384 [3:45:33<4:11:55,  6.20s/it]
 44%|████▍     | 1948/4384 [3:45:39<4:08:16,  6.12s/it]
 44%|████▍     | 1949/4384 [3:45:44<4:03:47,  6.01s/it]
 44%|████▍     | 1950/4384 [3:45:50<4:01:56,  5.96s/it]
 45%|████▍     | 1951/4384 [3:45:56<4:00:51,  5.94s/it]
 45%|████▍     | 1952/4384 [3:46:02<4:00:14,  5.93s/it]
 45%|████▍     | 1953/4384 [3:46:08<3:57:48,  5.87s/it]
 45%|████▍     | 1954/4384 [3:46:13<3:56:08,  5.83s/it]
 45%|████▍     | 1955/4384 [3:46:20<3:59:21,  5.91s/it]
 45%|████▍     | 1956/4384 [3:46:26<4:02:33,  5.99s/it]
 45%|████▍     | 1957/4384 [3:46:31<3:56:52,  5.86s/it]
 45%|████▍     | 1958/4384 [3:46:37<3:54:26,  5.80s/it]
 45%|████▍     | 1959/4384 [3:46:43<3:55:24,  5.82s/it]
 45%|████▍     | 1960/4384 [3:46:49<4:00:13,  5.95s/it]
                                                       

 45%|████▍     | 1960/4384 [3:46:49<4:00:13,  5.95s/it]
 45%|████▍     | 1961/4384 [3:46:55<3:58:01,  5.89s/it]
 45%|████▍     | 1962/4384 [3:47:00<3:53:58,  5.80s/it]
 45%|████▍     | 1963/4384 [3:47:06<3:52:50,  5.77s/it]
 45%|████▍     | 1964/4384 [3:47:11<3:45:36,  5.59s/it]
 45%|████▍     | 1965/4384 [3:47:17<3:50:39,  5.72s/it]
 45%|████▍     | 1966/4384 [3:47:24<3:58:53,  5.93s/it]
 45%|████▍     | 1967/4384 [3:47:30<3:57:30,  5.90s/it]
 45%|████▍     | 1968/4384 [3:47:35<3:56:00,  5.86s/it]
 45%|████▍     | 1969/4384 [3:47:41<3:51:16,  5.75s/it]
 45%|████▍     | 1970/4384 [3:47:47<3:55:46,  5.86s/it]
 45%|████▍     | 1971/4384 [3:47:52<3:51:17,  5.75s/it]
 45%|████▍     | 1972/4384 [3:47:58<3:52:45,  5.79s/it]
 45%|████▌     | 1973/4384 [3:48:04<3:54:42,  5.84s/it]
 45%|████▌     | 1974/4384 [3:48:10<3:55:09,  5.85s/it]
 45%|████▌     | 1975/4384 [3:48:16<3:56:59,  5.90s/it]
 45%|████▌     | 1976/4384 [3:48:22<3:59:43,  5.97s/it]
 45%|████▌     | 1977/4384 [3:48:28<3:58:12,  5.94s/it]
 45%|████▌     | 1978/4384 [3:48:34<4:01:07,  6.01s/it]
 45%|████▌     | 1979/4384 [3:48:40<4:01:24,  6.02s/it]
 45%|████▌     | 1980/4384 [3:48:46<4:00:59,  6.01s/it]
                                                       

 45%|████▌     | 1980/4384 [3:48:46<4:00:59,  6.01s/it]
 45%|████▌     | 1981/4384 [3:48:52<4:00:50,  6.01s/it]
 45%|████▌     | 1982/4384 [3:48:58<4:00:17,  6.00s/it]
 45%|████▌     | 1983/4384 [3:49:04<3:55:36,  5.89s/it]
 45%|████▌     | 1984/4384 [3:49:10<3:54:20,  5.86s/it]
 45%|████▌     | 1985/4384 [3:49:17<4:04:39,  6.12s/it]
 45%|████▌     | 1986/4384 [3:49:23<4:04:49,  6.13s/it]
 45%|████▌     | 1987/4384 [3:49:28<3:59:53,  6.00s/it]
 45%|████▌     | 1988/4384 [3:49:34<3:59:09,  5.99s/it]
 45%|████▌     | 1989/4384 [3:49:40<3:57:30,  5.95s/it]
 45%|████▌     | 1990/4384 [3:49:46<3:51:29,  5.80s/it]
 45%|████▌     | 1991/4384 [3:49:52<3:53:10,  5.85s/it]
 45%|████▌     | 1992/4384 [3:49:58<3:54:27,  5.88s/it]
 45%|████▌     | 1993/4384 [3:50:03<3:52:46,  5.84s/it]
 45%|████▌     | 1994/4384 [3:50:09<3:55:28,  5.91s/it]
 46%|████▌     | 1995/4384 [3:50:15<3:56:04,  5.93s/it]
 46%|████▌     | 1996/4384 [3:50:22<3:59:08,  6.01s/it]
 46%|████▌     | 1997/4384 [3:50:28<4:05:18,  6.17s/it]
 46%|████▌     | 1998/4384 [3:50:34<4:05:10,  6.17s/it]
 46%|████▌     | 1999/4384 [3:50:40<3:59:06,  6.02s/it]
 46%|████▌     | 2000/4384 [3:50:46<4:04:46,  6.16s/it]
                                                       

 46%|████▌     | 2000/4384 [3:50:46<4:04:46,  6.16s/it]
 46%|████▌     | 2001/4384 [3:50:53<4:05:52,  6.19s/it]
 46%|████▌     | 2002/4384 [3:50:58<3:58:33,  6.01s/it]
 46%|████▌     | 2003/4384 [3:51:04<4:00:00,  6.05s/it]
 46%|████▌     | 2004/4384 [3:51:11<4:01:02,  6.08s/it]
 46%|████▌     | 2005/4384 [3:51:16<3:57:22,  5.99s/it]
 46%|████▌     | 2006/4384 [3:51:22<3:57:23,  5.99s/it]
 46%|████▌     | 2007/4384 [3:51:28<3:53:16,  5.89s/it]
 46%|████▌     | 2008/4384 [3:51:34<3:50:58,  5.83s/it]
 46%|████▌     | 2009/4384 [3:51:39<3:47:54,  5.76s/it]
 46%|████▌     | 2010/4384 [3:51:46<3:56:04,  5.97s/it]
 46%|████▌     | 2011/4384 [3:51:52<3:58:50,  6.04s/it]
 46%|████▌     | 2012/4384 [3:51:58<3:55:06,  5.95s/it]
 46%|████▌     | 2013/4384 [3:52:04<3:54:17,  5.93s/it]
 46%|████▌     | 2014/4384 [3:52:10<3:54:43,  5.94s/it]
 46%|████▌     | 2015/4384 [3:52:15<3:51:19,  5.86s/it]
 46%|████▌     | 2016/4384 [3:52:21<3:51:31,  5.87s/it]
 46%|████▌     | 2017/4384 [3:52:27<3:56:49,  6.00s/it]
 46%|████▌     | 2018/4384 [3:52:34<3:58:12,  6.04s/it]
 46%|████▌     | 2019/4384 [3:52:39<3:55:47,  5.98s/it]
 46%|████▌     | 2020/4384 [3:52:46<3:59:22,  6.08s/it]
                                                       

 46%|████▌     | 2020/4384 [3:52:46<3:59:22,  6.08s/it]
 46%|████▌     | 2021/4384 [3:52:51<3:55:32,  5.98s/it]
 46%|████▌     | 2022/4384 [3:52:58<4:07:11,  6.28s/it]
 46%|████▌     | 2023/4384 [3:53:05<4:14:06,  6.46s/it]
 46%|████▌     | 2024/4384 [3:53:12<4:14:14,  6.46s/it]
 46%|████▌     | 2025/4384 [3:53:19<4:21:09,  6.64s/it]
 46%|████▌     | 2026/4384 [3:53:25<4:19:50,  6.61s/it]
 46%|████▌     | 2027/4384 [3:53:31<4:12:40,  6.43s/it]
 46%|████▋     | 2028/4384 [3:53:38<4:14:53,  6.49s/it]
 46%|████▋     | 2029/4384 [3:53:44<4:13:27,  6.46s/it]
 46%|████▋     | 2030/4384 [3:53:50<4:08:10,  6.33s/it]
 46%|████▋     | 2031/4384 [3:53:57<4:13:45,  6.47s/it]
 46%|████▋     | 2032/4384 [3:54:04<4:14:13,  6.49s/it]
 46%|████▋     | 2033/4384 [3:54:10<4:06:56,  6.30s/it]
 46%|████▋     | 2034/4384 [3:54:17<4:13:56,  6.48s/it]
 46%|████▋     | 2035/4384 [3:54:24<4:22:47,  6.71s/it]
 46%|████▋     | 2036/4384 [3:54:30<4:15:47,  6.54s/it]
 46%|████▋     | 2037/4384 [3:54:36<4:13:41,  6.49s/it]
 46%|████▋     | 2038/4384 [3:54:42<4:10:02,  6.39s/it]
 47%|████▋     | 2039/4384 [3:54:49<4:09:13,  6.38s/it]
 47%|████▋     | 2040/4384 [3:54:56<4:15:31,  6.54s/it]
                                                       

 47%|████▋     | 2040/4384 [3:54:56<4:15:31,  6.54s/it]
 47%|████▋     | 2041/4384 [3:55:02<4:12:23,  6.46s/it]
 47%|████▋     | 2042/4384 [3:55:08<4:11:32,  6.44s/it]
 47%|████▋     | 2043/4384 [3:55:15<4:10:17,  6.42s/it]
 47%|████▋     | 2044/4384 [3:55:22<4:21:39,  6.71s/it]
 47%|████▋     | 2045/4384 [3:55:30<4:31:41,  6.97s/it]
 47%|████▋     | 2046/4384 [3:55:37<4:34:24,  7.04s/it]
 47%|████▋     | 2047/4384 [3:55:43<4:22:03,  6.73s/it]
 47%|████▋     | 2048/4384 [3:55:49<4:16:16,  6.58s/it]
 47%|████▋     | 2049/4384 [3:55:57<4:26:36,  6.85s/it]
 47%|████▋     | 2050/4384 [3:56:03<4:20:04,  6.69s/it]
 47%|████▋     | 2051/4384 [3:56:09<4:12:43,  6.50s/it]
 47%|████▋     | 2052/4384 [3:56:15<4:10:15,  6.44s/it]
 47%|████▋     | 2053/4384 [3:56:22<4:10:11,  6.44s/it]
 47%|████▋     | 2054/4384 [3:56:28<4:11:50,  6.48s/it]
 47%|████▋     | 2055/4384 [3:56:35<4:10:15,  6.45s/it]
 47%|████▋     | 2056/4384 [3:56:41<4:04:55,  6.31s/it]
 47%|████▋     | 2057/4384 [3:56:48<4:11:17,  6.48s/it]
 47%|████▋     | 2058/4384 [3:56:54<4:12:54,  6.52s/it]
 47%|████▋     | 2059/4384 [3:57:01<4:13:19,  6.54s/it]
 47%|████▋     | 2060/4384 [3:57:08<4:19:34,  6.70s/it]
                                                       

 47%|████▋     | 2060/4384 [3:57:08<4:19:34,  6.70s/it]
 47%|████▋     | 2061/4384 [3:57:14<4:13:13,  6.54s/it]
 47%|████▋     | 2062/4384 [3:57:20<4:10:53,  6.48s/it]
 47%|████▋     | 2063/4384 [3:57:27<4:11:22,  6.50s/it]
 47%|████▋     | 2064/4384 [3:57:33<4:11:50,  6.51s/it]
 47%|████▋     | 2065/4384 [3:57:40<4:10:57,  6.49s/it]
 47%|████▋     | 2066/4384 [3:57:46<4:10:15,  6.48s/it]
 47%|████▋     | 2067/4384 [3:57:53<4:09:16,  6.46s/it]
 47%|████▋     | 2068/4384 [3:57:59<4:12:31,  6.54s/it]
 47%|████▋     | 2069/4384 [3:58:06<4:13:32,  6.57s/it]
 47%|████▋     | 2070/4384 [3:58:12<4:08:18,  6.44s/it]
 47%|████▋     | 2071/4384 [3:58:19<4:09:42,  6.48s/it]
 47%|████▋     | 2072/4384 [3:58:25<4:08:50,  6.46s/it]
 47%|████▋     | 2073/4384 [3:58:31<4:05:02,  6.36s/it]
 47%|████▋     | 2074/4384 [3:58:37<3:59:58,  6.23s/it]
 47%|████▋     | 2075/4384 [3:58:44<4:09:19,  6.48s/it]
 47%|████▋     | 2076/4384 [3:58:51<4:08:41,  6.47s/it]
 47%|████▋     | 2077/4384 [3:58:57<4:02:26,  6.31s/it]
 47%|████▋     | 2078/4384 [3:59:03<4:03:20,  6.33s/it]
 47%|████▋     | 2079/4384 [3:59:09<4:02:51,  6.32s/it]
 47%|████▋     | 2080/4384 [3:59:16<4:02:40,  6.32s/it]
                                                       

 47%|████▋     | 2080/4384 [3:59:16<4:02:40,  6.32s/it]
 47%|████▋     | 2081/4384 [3:59:22<4:05:29,  6.40s/it]
 47%|████▋     | 2082/4384 [3:59:29<4:11:17,  6.55s/it]
 48%|████▊     | 2083/4384 [3:59:36<4:12:54,  6.59s/it]
 48%|████▊     | 2084/4384 [3:59:43<4:15:28,  6.66s/it]
 48%|████▊     | 2085/4384 [3:59:49<4:15:05,  6.66s/it]
 48%|████▊     | 2086/4384 [3:59:56<4:19:27,  6.77s/it]
 48%|████▊     | 2087/4384 [4:00:03<4:18:29,  6.75s/it]
 48%|████▊     | 2088/4384 [4:00:10<4:18:55,  6.77s/it]
 48%|████▊     | 2089/4384 [4:00:17<4:20:32,  6.81s/it]
 48%|████▊     | 2090/4384 [4:00:24<4:25:50,  6.95s/it]
 48%|████▊     | 2091/4384 [4:00:31<4:21:15,  6.84s/it]
 48%|████▊     | 2092/4384 [4:00:38<4:23:15,  6.89s/it]
 48%|████▊     | 2093/4384 [4:00:45<4:26:36,  6.98s/it]
 48%|████▊     | 2094/4384 [4:00:52<4:27:53,  7.02s/it]
 48%|████▊     | 2095/4384 [4:00:58<4:22:13,  6.87s/it]
 48%|████▊     | 2096/4384 [4:01:05<4:19:43,  6.81s/it]
 48%|████▊     | 2097/4384 [4:01:12<4:24:11,  6.93s/it]
 48%|████▊     | 2098/4384 [4:01:19<4:23:10,  6.91s/it]
 48%|████▊     | 2099/4384 [4:01:27<4:28:51,  7.06s/it]
 48%|████▊     | 2100/4384 [4:01:33<4:24:54,  6.96s/it]
                                                       

 48%|████▊     | 2100/4384 [4:01:33<4:24:54,  6.96s/it]
{'eval_loss': '1.944', 'eval_runtime': '113.1', 'eval_samples_per_second': '10.61', 'eval_steps_per_second': '5.307', 'eval_entropy': '2.017', 'eval_num_tokens': '1.836e+07', 'eval_mean_token_accuracy': '0.5929', 'epoch': '0.8214'}
{'loss': '1.914', 'grad_norm': '1.579', 'learning_rate': '6.593e-05', 'entropy': '1.976', 'num_tokens': '1.857e+07', 'mean_token_accuracy': '0.5852', 'epoch': '0.8305'}
{'loss': '1.93', 'grad_norm': '1.386', 'learning_rate': '6.523e-05', 'entropy': '1.994', 'num_tokens': '1.877e+07', 'mean_token_accuracy': '0.5841', 'epoch': '0.8397'}
{'loss': '1.873', 'grad_norm': '1.379', 'learning_rate': '6.453e-05', 'entropy': '1.925', 'num_tokens': '1.898e+07', 'mean_token_accuracy': '0.5933', 'epoch': '0.8488'}
{'loss': '1.886', 'grad_norm': '1.436', 'learning_rate': '6.382e-05', 'entropy': '1.964', 'num_tokens': '1.918e+07', 'mean_token_accuracy': '0.5896', 'epoch': '0.8579'}
{'loss': '1.955', 'grad_norm': '1.399', 'learning_rate': '6.311e-05', 'entropy': '2.022', 'num_tokens': '1.939e+07', 'mean_token_accuracy': '0.5758', 'epoch': '0.867'}
{'loss': '1.907', 'grad_norm': '1.627', 'learning_rate': '6.239e-05', 'entropy': '1.973', 'num_tokens': '1.959e+07', 'mean_token_accuracy': '0.5868', 'epoch': '0.8762'}
{'loss': '1.914', 'grad_norm': '1.425', 'learning_rate': '6.168e-05', 'entropy': '1.976', 'num_tokens': '1.98e+07', 'mean_token_accuracy': '0.5866', 'epoch': '0.8853'}
{'loss': '1.923', 'grad_norm': '1.692', 'learning_rate': '6.096e-05', 'entropy': '1.972', 'num_tokens': '2e+07', 'mean_token_accuracy': '0.5854', 'epoch': '0.8944'}
{'loss': '1.955', 'grad_norm': '1.411', 'learning_rate': '6.023e-05', 'entropy': '2.02', 'num_tokens': '2.02e+07', 'mean_token_accuracy': '0.5811', 'epoch': '0.9035'}
{'loss': '1.936', 'grad_norm': '1.356', 'learning_rate': '5.951e-05', 'entropy': '2.004', 'num_tokens': '2.041e+07', 'mean_token_accuracy': '0.5805', 'epoch': '0.9127'}
{'loss': '1.921', 'grad_norm': '1.433', 'learning_rate': '5.878e-05', 'entropy': '1.99', 'num_tokens': '2.061e+07', 'mean_token_accuracy': '0.5838', 'epoch': '0.9218'}
{'loss': '1.884', 'grad_norm': '1.324', 'learning_rate': '5.806e-05', 'entropy': '1.948', 'num_tokens': '2.082e+07', 'mean_token_accuracy': '0.5909', 'epoch': '0.9309'}
{'loss': '1.931', 'grad_norm': '1.399', 'learning_rate': '5.733e-05', 'entropy': '1.994', 'num_tokens': '2.102e+07', 'mean_token_accuracy': '0.5844', 'epoch': '0.94'}
{'loss': '1.872', 'grad_norm': '1.444', 'learning_rate': '5.659e-05', 'entropy': '1.942', 'num_tokens': '2.122e+07', 'mean_token_accuracy': '0.5918', 'epoch': '0.9492'}
{'loss': '1.968', 'grad_norm': '1.371', 'learning_rate': '5.586e-05', 'entropy': '2.038', 'num_tokens': '2.142e+07', 'mean_token_accuracy': '0.5749', 'epoch': '0.9583'}

  0%|          | 0/600 [00:00<?, ?it/s][A

  0%|          | 2/600 [00:00<00:58, 10.31it/s][A

  1%|          | 4/600 [00:00<01:38,  6.04it/s][A

  1%|          | 5/600 [00:00<01:41,  5.85it/s][A

  1%|          | 6/600 [00:00<01:44,  5.70it/s][A

  1%|          | 7/600 [00:01<01:48,  5.47it/s][A

  1%|▏         | 8/600 [00:01<01:58,  4.99it/s][A

  2%|▏         | 9/600 [00:01<02:01,  4.87it/s][A

  2%|▏         | 10/600 [00:01<01:56,  5.07it/s][A

  2%|▏         | 11/600 [00:02<01:52,  5.22it/s][A

  2%|▏         | 12/600 [00:02<01:59,  4.93it/s][A

  2%|▏         | 13/600 [00:02<01:57,  5.01it/s][A

  2%|▏         | 14/600 [00:02<01:51,  5.27it/s][A

  2%|▎         | 15/600 [00:02<01:51,  5.23it/s][A

  3%|▎         | 16/600 [00:02<01:54,  5.12it/s][A

  3%|▎         | 17/600 [00:03<01:50,  5.29it/s][A

  3%|▎         | 18/600 [00:03<01:51,  5.20it/s][A

  3%|▎         | 19/600 [00:03<01:47,  5.39it/s][A

  3%|▎         | 20/600 [00:03<01:44,  5.57it/s][A

  4%|▎         | 21/600 [00:03<01:42,  5.63it/s][A

  4%|▎         | 22/600 [00:04<01:42,  5.65it/s][A

  4%|▍         | 23/600 [00:04<01:41,  5.69it/s][A

  4%|▍         | 24/600 [00:04<01:43,  5.59it/s][A

  4%|▍         | 25/600 [00:04<01:46,  5.38it/s][A

  4%|▍         | 26/600 [00:04<01:46,  5.38it/s][A

  4%|▍         | 27/600 [00:04<01:46,  5.36it/s][A

  5%|▍         | 28/600 [00:05<01:46,  5.38it/s][A

  5%|▍         | 29/600 [00:05<01:44,  5.44it/s][A

  5%|▌         | 30/600 [00:05<01:39,  5.72it/s][A

  5%|▌         | 31/600 [00:05<01:37,  5.84it/s][A

  5%|▌         | 32/600 [00:05<01:39,  5.70it/s][A

  6%|▌         | 33/600 [00:06<01:38,  5.73it/s][A

  6%|▌         | 34/600 [00:06<01:40,  5.62it/s][A

  6%|▌         | 35/600 [00:06<01:42,  5.53it/s][A

  6%|▌         | 36/600 [00:06<01:40,  5.62it/s][A

  6%|▌         | 37/600 [00:06<01:39,  5.64it/s][A

  6%|▋         | 38/600 [00:06<01:38,  5.73it/s][A

  6%|▋         | 39/600 [00:07<01:40,  5.60it/s][A

  7%|▋         | 40/600 [00:07<01:41,  5.54it/s][A

  7%|▋         | 41/600 [00:07<01:43,  5.41it/s][A

  7%|▋         | 42/600 [00:07<01:44,  5.36it/s][A

  7%|▋         | 43/600 [00:07<01:45,  5.27it/s][A

  7%|▋         | 44/600 [00:08<01:42,  5.41it/s][A

  8%|▊         | 45/600 [00:08<01:41,  5.49it/s][A

  8%|▊         | 46/600 [00:08<01:36,  5.74it/s][A

  8%|▊         | 47/600 [00:08<01:34,  5.87it/s][A

  8%|▊         | 48/600 [00:08<01:35,  5.80it/s][A

  8%|▊         | 49/600 [00:08<01:37,  5.67it/s][A

  8%|▊         | 50/600 [00:09<01:41,  5.39it/s][A

  8%|▊         | 51/600 [00:09<01:38,  5.56it/s][A

  9%|▊         | 52/600 [00:09<01:40,  5.45it/s][A

  9%|▉         | 53/600 [00:09<01:39,  5.51it/s][A

  9%|▉         | 54/600 [00:09<01:36,  5.65it/s][A

  9%|▉         | 55/600 [00:09<01:32,  5.88it/s][A

  9%|▉         | 56/600 [00:10<01:33,  5.82it/s][A

 10%|▉         | 57/600 [00:10<01:31,  5.95it/s][A

 10%|▉         | 58/600 [00:10<01:39,  5.44it/s][A

 10%|▉         | 59/600 [00:10<01:45,  5.12it/s][A

 10%|█         | 60/600 [00:10<01:47,  5.03it/s][A

 10%|█         | 61/600 [00:11<01:45,  5.11it/s][A

 10%|█         | 62/600 [00:11<01:45,  5.11it/s][A

 10%|█         | 63/600 [00:11<01:42,  5.23it/s][A

 11%|█         | 64/600 [00:11<01:41,  5.28it/s][A

 11%|█         | 65/600 [00:11<01:45,  5.06it/s][A

 11%|█         | 66/600 [00:12<01:43,  5.16it/s][A

 11%|█         | 67/600 [00:12<01:45,  5.05it/s][A

 11%|█▏        | 68/600 [00:12<01:52,  4.73it/s][A

 12%|█▏        | 69/600 [00:12<01:57,  4.53it/s][A

 12%|█▏        | 70/600 [00:13<01:57,  4.49it/s][A

 12%|█▏        | 71/600 [00:13<01:53,  4.65it/s][A

 12%|█▏        | 72/600 [00:13<01:51,  4.75it/s][A

 12%|█▏        | 73/600 [00:13<01:53,  4.62it/s][A

 12%|█▏        | 74/600 [00:13<01:52,  4.67it/s][A

 12%|█▎        | 75/600 [00:14<01:49,  4.80it/s][A

 13%|█▎        | 76/600 [00:14<01:43,  5.07it/s][A

 13%|█▎        | 77/600 [00:14<01:40,  5.19it/s][A

 13%|█▎        | 78/600 [00:14<01:43,  5.06it/s][A

 13%|█▎        | 79/600 [00:14<01:40,  5.19it/s][A

 13%|█▎        | 80/600 [00:14<01:40,  5.17it/s][A

 14%|█▎        | 81/600 [00:15<01:43,  5.00it/s][A

 14%|█▎        | 82/600 [00:15<01:42,  5.04it/s][A

 14%|█▍        | 83/600 [00:15<01:37,  5.28it/s][A

 14%|█▍        | 84/600 [00:15<01:33,  5.50it/s][A

 14%|█▍        | 85/600 [00:15<01:31,  5.64it/s][A

 14%|█▍        | 86/600 [00:16<01:29,  5.73it/s][A

 14%|█▍        | 87/600 [00:16<01:27,  5.87it/s][A

 15%|█▍        | 88/600 [00:16<01:29,  5.69it/s][A

 15%|█▍        | 89/600 [00:16<01:30,  5.62it/s][A

 15%|█▌        | 90/600 [00:16<01:33,  5.45it/s][A

 15%|█▌        | 91/600 [00:16<01:34,  5.40it/s][A

 15%|█▌        | 92/600 [00:17<01:33,  5.44it/s][A

 16%|█▌        | 93/600 [00:17<01:33,  5.41it/s][A

 16%|█▌        | 94/600 [00:17<01:31,  5.51it/s][A

 16%|█▌        | 95/600 [00:17<01:30,  5.57it/s][A

 16%|█▌        | 96/600 [00:17<01:30,  5.56it/s][A

 16%|█▌        | 97/600 [00:18<01:31,  5.49it/s][A

 16%|█▋        | 98/600 [00:18<01:31,  5.46it/s][A

 16%|█▋        | 99/600 [00:18<01:32,  5.40it/s][A

 17%|█▋        | 100/600 [00:18<01:32,  5.42it/s][A

 17%|█▋        | 101/600 [00:18<01:33,  5.34it/s][A

 17%|█▋        | 102/600 [00:19<01:35,  5.19it/s][A

 17%|█▋        | 103/600 [00:19<01:37,  5.10it/s][A

 17%|█▋        | 104/600 [00:19<01:37,  5.07it/s][A

 18%|█▊        | 105/600 [00:19<01:38,  5.05it/s][A

 18%|█▊        | 106/600 [00:19<01:39,  4.96it/s][A

 18%|█▊        | 107/600 [00:20<01:39,  4.94it/s][A

 18%|█▊        | 108/600 [00:20<01:35,  5.14it/s][A

 18%|█▊        | 109/600 [00:20<01:37,  5.03it/s][A

 18%|█▊        | 110/600 [00:20<01:36,  5.06it/s][A

 18%|█▊        | 111/600 [00:20<01:43,  4.75it/s][A

 19%|█▊        | 112/600 [00:21<01:39,  4.89it/s][A

 19%|█▉        | 113/600 [00:21<01:42,  4.75it/s][A

 19%|█▉        | 114/600 [00:21<01:41,  4.81it/s][A

 19%|█▉        | 115/600 [00:21<01:43,  4.70it/s][A

 19%|█▉        | 116/600 [00:21<01:39,  4.85it/s][A

 20%|█▉        | 117/600 [00:22<01:37,  4.96it/s][A

 20%|█▉        | 118/600 [00:22<01:33,  5.18it/s][A

 20%|█▉        | 119/600 [00:22<01:35,  5.02it/s][A

 20%|██        | 120/600 [00:22<01:41,  4.72it/s][A

 20%|██        | 121/600 [00:22<01:40,  4.75it/s][A

 20%|██        | 122/600 [00:23<01:46,  4.50it/s][A

 20%|██        | 123/600 [00:23<01:43,  4.60it/s][A

 21%|██        | 124/600 [00:23<01:48,  4.39it/s][A

 21%|██        | 125/600 [00:23<01:49,  4.34it/s][A

 21%|██        | 126/600 [00:24<01:47,  4.40it/s][A

 21%|██        | 127/600 [00:24<01:42,  4.63it/s][A

 21%|██▏       | 128/600 [00:24<01:38,  4.82it/s][A

 22%|██▏       | 129/600 [00:24<01:37,  4.85it/s][A

 22%|██▏       | 130/600 [00:24<01:35,  4.92it/s][A

 22%|██▏       | 131/600 [00:25<01:32,  5.07it/s][A

 22%|██▏       | 132/600 [00:25<01:30,  5.15it/s][A

 22%|██▏       | 133/600 [00:25<01:31,  5.09it/s][A

 22%|██▏       | 134/600 [00:25<01:33,  4.96it/s][A

 22%|██▎       | 135/600 [00:25<01:32,  5.02it/s][A

 23%|██▎       | 136/600 [00:26<01:32,  5.03it/s][A

 23%|██▎       | 137/600 [00:26<01:36,  4.79it/s][A

 23%|██▎       | 138/600 [00:26<01:33,  4.92it/s][A

 23%|██▎       | 139/600 [00:26<01:30,  5.12it/s][A

 23%|██▎       | 140/600 [00:26<01:28,  5.22it/s][A

 24%|██▎       | 141/600 [00:27<01:26,  5.31it/s][A

 24%|██▎       | 142/600 [00:27<01:31,  5.03it/s][A

 24%|██▍       | 143/600 [00:27<01:28,  5.18it/s][A

 24%|██▍       | 144/600 [00:27<01:28,  5.16it/s][A

 24%|██▍       | 145/600 [00:27<01:28,  5.16it/s][A

 24%|██▍       | 146/600 [00:27<01:26,  5.23it/s][A

 24%|██▍       | 147/600 [00:28<01:25,  5.33it/s][A

 25%|██▍       | 148/600 [00:28<01:22,  5.46it/s][A

 25%|██▍       | 149/600 [00:28<01:21,  5.51it/s][A

 25%|██▌       | 150/600 [00:28<01:23,  5.38it/s][A

 25%|██▌       | 151/600 [00:28<01:24,  5.31it/s][A

 25%|██▌       | 152/600 [00:29<01:26,  5.18it/s][A

 26%|██▌       | 153/600 [00:29<01:28,  5.08it/s][A

 26%|██▌       | 154/600 [00:29<01:26,  5.16it/s][A

 26%|██▌       | 155/600 [00:29<01:28,  5.05it/s][A

 26%|██▌       | 156/600 [00:29<01:27,  5.08it/s][A

 26%|██▌       | 157/600 [00:30<01:27,  5.04it/s][A

 26%|██▋       | 158/600 [00:30<01:30,  4.90it/s][A

 26%|██▋       | 159/600 [00:30<01:28,  4.99it/s][A

 27%|██▋       | 160/600 [00:30<01:28,  4.99it/s][A

 27%|██▋       | 161/600 [00:30<01:30,  4.83it/s][A

 27%|██▋       | 162/600 [00:31<01:32,  4.72it/s][A

 27%|██▋       | 163/600 [00:31<01:31,  4.78it/s][A

 27%|██▋       | 164/600 [00:31<01:27,  5.00it/s][A

 28%|██▊       | 165/600 [00:31<01:26,  5.01it/s][A

 28%|██▊       | 166/600 [00:31<01:26,  5.04it/s][A

 28%|██▊       | 167/600 [00:32<01:25,  5.09it/s][A

 28%|██▊       | 168/600 [00:32<01:24,  5.12it/s][A

 28%|██▊       | 169/600 [00:32<01:24,  5.08it/s][A

 28%|██▊       | 170/600 [00:32<01:22,  5.21it/s][A

 28%|██▊       | 171/600 [00:32<01:20,  5.31it/s][A

 29%|██▊       | 172/600 [00:33<01:23,  5.15it/s][A

 29%|██▉       | 173/600 [00:33<01:25,  4.99it/s][A

 29%|██▉       | 174/600 [00:33<01:26,  4.93it/s][A

 29%|██▉       | 175/600 [00:33<01:24,  5.03it/s][A

 29%|██▉       | 176/600 [00:33<01:21,  5.22it/s][A

 30%|██▉       | 177/600 [00:34<01:20,  5.23it/s][A

 30%|██▉       | 178/600 [00:34<01:20,  5.24it/s][A

 30%|██▉       | 179/600 [00:34<01:20,  5.24it/s][A

 30%|███       | 180/600 [00:34<01:19,  5.28it/s][A

 30%|███       | 181/600 [00:34<01:21,  5.16it/s][A

 30%|███       | 182/600 [00:35<01:23,  5.03it/s][A

 30%|███       | 183/600 [00:35<01:20,  5.18it/s][A

 31%|███       | 184/600 [00:35<01:21,  5.13it/s][A

 31%|███       | 185/600 [00:35<01:21,  5.11it/s][A

 31%|███       | 186/600 [00:35<01:20,  5.12it/s][A

 31%|███       | 187/600 [00:35<01:19,  5.19it/s][A

 31%|███▏      | 188/600 [00:36<01:18,  5.25it/s][A

 32%|███▏      | 189/600 [00:36<01:19,  5.20it/s][A

 32%|███▏      | 190/600 [00:36<01:18,  5.20it/s][A

 32%|███▏      | 191/600 [00:36<01:18,  5.20it/s][A

 32%|███▏      | 192/600 [00:36<01:17,  5.23it/s][A

 32%|███▏      | 193/600 [00:37<01:15,  5.38it/s][A

 32%|███▏      | 194/600 [00:37<01:15,  5.40it/s][A

 32%|███▎      | 195/600 [00:37<01:15,  5.34it/s][A

 33%|███▎      | 196/600 [00:37<01:18,  5.17it/s][A

 33%|███▎      | 197/600 [00:37<01:18,  5.13it/s][A

 33%|███▎      | 198/600 [00:38<01:20,  5.00it/s][A

 33%|███▎      | 199/600 [00:38<01:22,  4.87it/s][A

 33%|███▎      | 200/600 [00:38<01:19,  5.02it/s][A

 34%|███▎      | 201/600 [00:38<01:19,  5.04it/s][A

 34%|███▎      | 202/600 [00:38<01:17,  5.12it/s][A

 34%|███▍      | 203/600 [00:39<01:15,  5.23it/s][A

 34%|███▍      | 204/600 [00:39<01:17,  5.12it/s][A

 34%|███▍      | 205/600 [00:39<01:18,  5.06it/s][A

 34%|███▍      | 206/600 [00:39<01:18,  5.04it/s][A

 34%|███▍      | 207/600 [00:39<01:19,  4.93it/s][A

 35%|███▍      | 208/600 [00:40<01:18,  5.00it/s][A

 35%|███▍      | 209/600 [00:40<01:23,  4.66it/s][A

 35%|███▌      | 210/600 [00:40<01:20,  4.85it/s][A

 35%|███▌      | 211/600 [00:40<01:23,  4.65it/s][A

 35%|███▌      | 212/600 [00:41<01:26,  4.50it/s][A

 36%|███▌      | 213/600 [00:41<01:23,  4.65it/s][A

 36%|███▌      | 214/600 [00:41<01:23,  4.65it/s][A

 36%|███▌      | 215/600 [00:41<01:19,  4.84it/s][A

 36%|███▌      | 216/600 [00:41<01:19,  4.84it/s][A

 36%|███▌      | 217/600 [00:42<01:19,  4.84it/s][A

 36%|███▋      | 218/600 [00:42<01:20,  4.72it/s][A

 36%|███▋      | 219/600 [00:42<01:19,  4.77it/s][A

 37%|███▋      | 220/600 [00:42<01:19,  4.77it/s][A

 37%|███▋      | 221/600 [00:42<01:21,  4.65it/s][A

 37%|███▋      | 222/600 [00:43<01:20,  4.69it/s][A

 37%|███▋      | 223/600 [00:43<01:20,  4.69it/s][A

 37%|███▋      | 224/600 [00:43<01:19,  4.71it/s][A

 38%|███▊      | 225/600 [00:43<01:17,  4.86it/s][A

 38%|███▊      | 226/600 [00:43<01:16,  4.90it/s][A

 38%|███▊      | 227/600 [00:44<01:16,  4.91it/s][A

 38%|███▊      | 228/600 [00:44<01:18,  4.75it/s][A

 38%|███▊      | 229/600 [00:44<01:18,  4.75it/s][A

 38%|███▊      | 230/600 [00:44<01:18,  4.70it/s][A

 38%|███▊      | 231/600 [00:44<01:19,  4.65it/s][A

 39%|███▊      | 232/600 [00:45<01:17,  4.78it/s][A

 39%|███▉      | 233/600 [00:45<01:13,  5.02it/s][A

 39%|███▉      | 234/600 [00:45<01:11,  5.10it/s][A

 39%|███▉      | 235/600 [00:45<01:15,  4.82it/s][A

 39%|███▉      | 236/600 [00:45<01:13,  4.96it/s][A

 40%|███▉      | 237/600 [00:46<01:11,  5.08it/s][A

 40%|███▉      | 238/600 [00:46<01:11,  5.04it/s][A

 40%|███▉      | 239/600 [00:46<01:10,  5.14it/s][A

 40%|████      | 240/600 [00:46<01:08,  5.24it/s][A

 40%|████      | 241/600 [00:46<01:07,  5.32it/s][A

 40%|████      | 242/600 [00:47<01:05,  5.46it/s][A

 40%|████      | 243/600 [00:47<01:04,  5.56it/s][A

 41%|████      | 244/600 [00:47<01:02,  5.66it/s][A

 41%|████      | 245/600 [00:47<01:04,  5.52it/s][A

 41%|████      | 246/600 [00:47<01:06,  5.31it/s][A

 41%|████      | 247/600 [00:48<01:07,  5.20it/s][A

 41%|████▏     | 248/600 [00:48<01:09,  5.07it/s][A

 42%|████▏     | 249/600 [00:48<01:13,  4.74it/s][A

 42%|████▏     | 250/600 [00:48<01:11,  4.87it/s][A

 42%|████▏     | 251/600 [00:48<01:10,  4.94it/s][A

 42%|████▏     | 252/600 [00:49<01:10,  4.95it/s][A

 42%|████▏     | 253/600 [00:49<01:09,  5.00it/s][A

 42%|████▏     | 254/600 [00:49<01:05,  5.32it/s][A

 42%|████▎     | 255/600 [00:49<01:02,  5.51it/s][A

 43%|████▎     | 256/600 [00:49<01:05,  5.27it/s][A

 43%|████▎     | 257/600 [00:50<01:08,  5.01it/s][A

 43%|████▎     | 258/600 [00:50<01:11,  4.79it/s][A

 43%|████▎     | 259/600 [00:50<01:13,  4.65it/s][A

 43%|████▎     | 260/600 [00:50<01:15,  4.50it/s][A

 44%|████▎     | 261/600 [00:50<01:13,  4.64it/s][A

 44%|████▎     | 262/600 [00:51<01:09,  4.83it/s][A

 44%|████▍     | 263/600 [00:51<01:07,  4.97it/s][A

 44%|████▍     | 264/600 [00:51<01:04,  5.21it/s][A

 44%|████▍     | 265/600 [00:51<01:02,  5.33it/s][A

 44%|████▍     | 266/600 [00:51<01:04,  5.20it/s][A

 44%|████▍     | 267/600 [00:52<01:05,  5.08it/s][A

 45%|████▍     | 268/600 [00:52<01:06,  4.99it/s][A

 45%|████▍     | 269/600 [00:52<01:06,  4.98it/s][A

 45%|████▌     | 270/600 [00:52<01:06,  4.98it/s][A

 45%|████▌     | 271/600 [00:52<01:05,  5.04it/s][A

 45%|████▌     | 272/600 [00:53<01:05,  4.98it/s][A

 46%|████▌     | 273/600 [00:53<01:01,  5.29it/s][A

 46%|████▌     | 274/600 [00:53<01:05,  5.00it/s][A

 46%|████▌     | 275/600 [00:53<01:06,  4.92it/s][A

 46%|████▌     | 276/600 [00:53<01:05,  4.92it/s][A

 46%|████▌     | 277/600 [00:54<01:06,  4.88it/s][A

 46%|████▋     | 278/600 [00:54<01:01,  5.22it/s][A

 46%|████▋     | 279/600 [00:54<01:02,  5.15it/s][A

 47%|████▋     | 280/600 [00:54<01:02,  5.14it/s][A

 47%|████▋     | 281/600 [00:54<01:04,  4.93it/s][A

 47%|████▋     | 282/600 [00:55<01:05,  4.85it/s][A

 47%|████▋     | 283/600 [00:55<01:04,  4.94it/s][A

 47%|████▋     | 284/600 [00:55<01:00,  5.25it/s][A

 48%|████▊     | 285/600 [00:55<00:59,  5.30it/s][A

 48%|████▊     | 286/600 [00:55<01:03,  4.96it/s][A

 48%|████▊     | 287/600 [00:56<01:01,  5.12it/s][A

 48%|████▊     | 288/600 [00:56<01:01,  5.06it/s][A

 48%|████▊     | 289/600 [00:56<01:01,  5.07it/s][A

 48%|████▊     | 290/600 [00:56<00:59,  5.18it/s][A

 48%|████▊     | 291/600 [00:56<00:58,  5.25it/s][A

 49%|████▊     | 292/600 [00:56<00:56,  5.43it/s][A

 49%|████▉     | 293/600 [00:57<00:56,  5.45it/s][A

 49%|████▉     | 294/600 [00:57<00:57,  5.31it/s][A

 49%|████▉     | 295/600 [00:57<00:57,  5.32it/s][A

 49%|████▉     | 296/600 [00:57<00:56,  5.42it/s][A

 50%|████▉     | 297/600 [00:57<00:55,  5.44it/s][A

 50%|████▉     | 298/600 [00:58<00:56,  5.37it/s][A

 50%|████▉     | 299/600 [00:58<00:55,  5.42it/s][A

 50%|█████     | 300/600 [00:58<00:55,  5.44it/s][A

 50%|█████     | 301/600 [00:58<00:53,  5.64it/s][A

 50%|█████     | 302/600 [00:58<00:52,  5.67it/s][A

 50%|█████     | 303/600 [00:58<00:53,  5.59it/s][A

 51%|█████     | 304/600 [00:59<00:54,  5.45it/s][A

 51%|█████     | 305/600 [00:59<00:56,  5.22it/s][A

 51%|█████     | 306/600 [00:59<00:59,  4.92it/s][A

 51%|█████     | 307/600 [00:59<00:57,  5.10it/s][A

 51%|█████▏    | 308/600 [00:59<00:54,  5.35it/s][A

 52%|█████▏    | 309/600 [01:00<00:52,  5.49it/s][A

 52%|█████▏    | 310/600 [01:00<00:52,  5.56it/s][A

 52%|█████▏    | 311/600 [01:00<00:52,  5.49it/s][A

 52%|█████▏    | 312/600 [01:00<00:53,  5.36it/s][A

 52%|█████▏    | 313/600 [01:00<00:54,  5.24it/s][A

 52%|█████▏    | 314/600 [01:01<00:55,  5.17it/s][A

 52%|█████▎    | 315/600 [01:01<00:55,  5.13it/s][A

 53%|█████▎    | 316/600 [01:01<00:53,  5.30it/s][A

 53%|█████▎    | 317/600 [01:01<00:52,  5.37it/s][A

 53%|█████▎    | 318/600 [01:01<00:53,  5.27it/s][A

 53%|█████▎    | 319/600 [01:02<00:56,  4.94it/s][A

 53%|█████▎    | 320/600 [01:02<00:57,  4.83it/s][A

 54%|█████▎    | 321/600 [01:02<00:58,  4.80it/s][A

 54%|█████▎    | 322/600 [01:02<00:56,  4.95it/s][A

 54%|█████▍    | 323/600 [01:02<00:55,  5.00it/s][A

 54%|█████▍    | 324/600 [01:03<00:54,  5.04it/s][A

 54%|█████▍    | 325/600 [01:03<00:53,  5.13it/s][A

 54%|█████▍    | 326/600 [01:03<00:52,  5.19it/s][A

 55%|█████▍    | 327/600 [01:03<00:50,  5.37it/s][A

 55%|█████▍    | 328/600 [01:03<00:50,  5.43it/s][A

 55%|█████▍    | 329/600 [01:03<00:50,  5.32it/s][A

 55%|█████▌    | 330/600 [01:04<00:50,  5.39it/s][A

 55%|█████▌    | 331/600 [01:04<00:49,  5.46it/s][A

 55%|█████▌    | 332/600 [01:04<00:49,  5.39it/s][A

 56%|█████▌    | 333/600 [01:04<00:47,  5.57it/s][A

 56%|█████▌    | 334/600 [01:04<00:49,  5.40it/s][A

 56%|█████▌    | 335/600 [01:05<00:49,  5.31it/s][A

 56%|█████▌    | 336/600 [01:05<00:51,  5.13it/s][A

 56%|█████▌    | 337/600 [01:05<00:52,  5.05it/s][A

 56%|█████▋    | 338/600 [01:05<00:51,  5.06it/s][A

 56%|█████▋    | 339/600 [01:05<00:51,  5.09it/s][A

 57%|█████▋    | 340/600 [01:06<00:52,  4.98it/s][A

 57%|█████▋    | 341/600 [01:06<00:55,  4.69it/s][A

 57%|█████▋    | 342/600 [01:06<00:54,  4.75it/s][A

 57%|█████▋    | 343/600 [01:06<00:54,  4.73it/s][A

 57%|█████▋    | 344/600 [01:06<00:54,  4.67it/s][A

 57%|█████▊    | 345/600 [01:07<00:52,  4.89it/s][A

 58%|█████▊    | 346/600 [01:07<00:48,  5.20it/s][A

 58%|█████▊    | 347/600 [01:07<00:47,  5.38it/s][A

 58%|█████▊    | 348/600 [01:07<00:45,  5.56it/s][A

 58%|█████▊    | 349/600 [01:07<00:44,  5.58it/s][A

 58%|█████▊    | 350/600 [01:08<00:45,  5.54it/s][A

 58%|█████▊    | 351/600 [01:08<00:46,  5.41it/s][A

 59%|█████▊    | 352/600 [01:08<00:45,  5.40it/s][A

 59%|█████▉    | 353/600 [01:08<00:44,  5.51it/s][A

 59%|█████▉    | 354/600 [01:08<00:43,  5.65it/s][A

 59%|█████▉    | 355/600 [01:08<00:42,  5.73it/s][A

 59%|█████▉    | 356/600 [01:09<00:42,  5.72it/s][A

 60%|█████▉    | 357/600 [01:09<00:42,  5.78it/s][A

 60%|█████▉    | 358/600 [01:09<00:41,  5.79it/s][A

 60%|█████▉    | 359/600 [01:09<00:42,  5.67it/s][A

 60%|██████    | 360/600 [01:09<00:42,  5.71it/s][A

 60%|██████    | 361/600 [01:09<00:41,  5.72it/s][A

 60%|██████    | 362/600 [01:10<00:41,  5.78it/s][A

 60%|██████    | 363/600 [01:10<00:41,  5.72it/s][A

 61%|██████    | 364/600 [01:10<00:41,  5.69it/s][A

 61%|██████    | 365/600 [01:10<00:42,  5.57it/s][A

 61%|██████    | 366/600 [01:10<00:42,  5.53it/s][A

 61%|██████    | 367/600 [01:11<00:41,  5.59it/s][A

 61%|██████▏   | 368/600 [01:11<00:41,  5.55it/s][A

 62%|██████▏   | 369/600 [01:11<00:42,  5.49it/s][A

 62%|██████▏   | 370/600 [01:11<00:43,  5.26it/s][A

 62%|██████▏   | 371/600 [01:11<00:42,  5.35it/s][A

 62%|██████▏   | 372/600 [01:11<00:42,  5.38it/s][A

 62%|██████▏   | 373/600 [01:12<00:41,  5.42it/s][A

 62%|██████▏   | 374/600 [01:12<00:42,  5.26it/s][A

 62%|██████▎   | 375/600 [01:12<00:45,  4.97it/s][A

 63%|██████▎   | 376/600 [01:12<00:46,  4.78it/s][A

 63%|██████▎   | 377/600 [01:13<00:47,  4.71it/s][A

 63%|██████▎   | 378/600 [01:13<00:44,  4.98it/s][A

 63%|██████▎   | 379/600 [01:13<00:44,  5.00it/s][A

 63%|██████▎   | 380/600 [01:13<00:43,  5.04it/s][A

 64%|██████▎   | 381/600 [01:13<00:42,  5.21it/s][A

 64%|██████▎   | 382/600 [01:13<00:41,  5.32it/s][A

 64%|██████▍   | 383/600 [01:14<00:40,  5.30it/s][A

 64%|██████▍   | 384/600 [01:14<00:40,  5.36it/s][A

 64%|██████▍   | 385/600 [01:14<00:40,  5.33it/s][A

 64%|██████▍   | 386/600 [01:14<00:40,  5.25it/s][A

 64%|██████▍   | 387/600 [01:14<00:41,  5.17it/s][A

 65%|██████▍   | 388/600 [01:15<00:39,  5.37it/s][A

 65%|██████▍   | 389/600 [01:15<00:37,  5.61it/s][A

 65%|██████▌   | 390/600 [01:15<00:37,  5.66it/s][A

 65%|██████▌   | 391/600 [01:15<00:37,  5.60it/s][A

 65%|██████▌   | 392/600 [01:15<00:36,  5.68it/s][A

 66%|██████▌   | 393/600 [01:15<00:37,  5.51it/s][A

 66%|██████▌   | 394/600 [01:16<00:37,  5.56it/s][A

 66%|██████▌   | 395/600 [01:16<00:38,  5.26it/s][A

 66%|██████▌   | 396/600 [01:16<00:38,  5.35it/s][A

 66%|██████▌   | 397/600 [01:16<00:37,  5.36it/s][A

 66%|██████▋   | 398/600 [01:16<00:36,  5.46it/s][A

 66%|██████▋   | 399/600 [01:17<00:36,  5.46it/s][A

 67%|██████▋   | 400/600 [01:17<00:37,  5.37it/s][A

 67%|██████▋   | 401/600 [01:17<00:38,  5.15it/s][A

 67%|██████▋   | 402/600 [01:17<00:38,  5.19it/s][A

 67%|██████▋   | 403/600 [01:17<00:38,  5.15it/s][A

 67%|██████▋   | 404/600 [01:18<00:37,  5.23it/s][A

 68%|██████▊   | 405/600 [01:18<00:36,  5.33it/s][A

 68%|██████▊   | 406/600 [01:18<00:36,  5.32it/s][A

 68%|██████▊   | 407/600 [01:18<00:35,  5.36it/s][A

 68%|██████▊   | 408/600 [01:18<00:36,  5.32it/s][A

 68%|██████▊   | 409/600 [01:19<00:38,  5.01it/s][A

 68%|██████▊   | 410/600 [01:19<00:38,  4.93it/s][A

 68%|██████▊   | 411/600 [01:19<00:38,  4.86it/s][A

 69%|██████▊   | 412/600 [01:19<00:37,  5.03it/s][A

 69%|██████▉   | 413/600 [01:19<00:34,  5.35it/s][A

 69%|██████▉   | 414/600 [01:19<00:35,  5.29it/s][A

 69%|██████▉   | 415/600 [01:20<00:35,  5.28it/s][A

 69%|██████▉   | 416/600 [01:20<00:34,  5.37it/s][A

 70%|██████▉   | 417/600 [01:20<00:34,  5.28it/s][A

 70%|██████▉   | 418/600 [01:20<00:34,  5.33it/s][A

 70%|██████▉   | 419/600 [01:20<00:32,  5.49it/s][A

 70%|███████   | 420/600 [01:21<00:31,  5.68it/s][A

 70%|███████   | 421/600 [01:21<00:31,  5.74it/s][A

 70%|███████   | 422/600 [01:21<00:30,  5.88it/s][A

 70%|███████   | 423/600 [01:21<00:29,  6.01it/s][A

 71%|███████   | 424/600 [01:21<00:29,  5.88it/s][A

 71%|███████   | 425/600 [01:21<00:33,  5.22it/s][A

 71%|███████   | 426/600 [01:22<00:34,  5.01it/s][A

 71%|███████   | 427/600 [01:22<00:34,  4.99it/s][A

 71%|███████▏  | 428/600 [01:22<00:33,  5.06it/s][A

 72%|███████▏  | 429/600 [01:22<00:33,  5.03it/s][A

 72%|███████▏  | 430/600 [01:23<00:34,  4.87it/s][A

 72%|███████▏  | 431/600 [01:23<00:33,  5.08it/s][A

 72%|███████▏  | 432/600 [01:23<00:32,  5.11it/s][A

 72%|███████▏  | 433/600 [01:23<00:33,  4.99it/s][A

 72%|███████▏  | 434/600 [01:23<00:34,  4.81it/s][A

 72%|███████▎  | 435/600 [01:24<00:34,  4.75it/s][A

 73%|███████▎  | 436/600 [01:24<00:34,  4.74it/s][A

 73%|███████▎  | 437/600 [01:24<00:31,  5.10it/s][A

 73%|███████▎  | 438/600 [01:24<00:31,  5.07it/s][A

 73%|███████▎  | 439/600 [01:24<00:32,  4.93it/s][A

 73%|███████▎  | 440/600 [01:25<00:33,  4.75it/s][A

 74%|███████▎  | 441/600 [01:25<00:33,  4.75it/s][A

 74%|███████▎  | 442/600 [01:25<00:34,  4.62it/s][A

 74%|███████▍  | 443/600 [01:25<00:34,  4.49it/s][A

 74%|███████▍  | 444/600 [01:25<00:34,  4.56it/s][A

 74%|███████▍  | 445/600 [01:26<00:32,  4.72it/s][A

 74%|███████▍  | 446/600 [01:26<00:32,  4.70it/s][A

 74%|███████▍  | 447/600 [01:26<00:33,  4.62it/s][A

 75%|███████▍  | 448/600 [01:26<00:34,  4.43it/s][A

 75%|███████▍  | 449/600 [01:27<00:32,  4.59it/s][A

 75%|███████▌  | 450/600 [01:27<00:32,  4.68it/s][A

 75%|███████▌  | 451/600 [01:27<00:32,  4.62it/s][A

 75%|███████▌  | 452/600 [01:27<00:31,  4.63it/s][A

 76%|███████▌  | 453/600 [01:27<00:30,  4.84it/s][A

 76%|███████▌  | 454/600 [01:28<00:29,  4.97it/s][A

 76%|███████▌  | 455/600 [01:28<00:29,  4.92it/s][A

 76%|███████▌  | 456/600 [01:28<00:30,  4.76it/s][A

 76%|███████▌  | 457/600 [01:28<00:29,  4.82it/s][A

 76%|███████▋  | 458/600 [01:28<00:28,  4.92it/s][A

 76%|███████▋  | 459/600 [01:29<00:28,  5.00it/s][A

 77%|███████▋  | 460/600 [01:29<00:27,  5.10it/s][A

 77%|███████▋  | 461/600 [01:29<00:27,  5.05it/s][A

 77%|███████▋  | 462/600 [01:29<00:26,  5.12it/s][A

 77%|███████▋  | 463/600 [01:29<00:26,  5.15it/s][A

 77%|███████▋  | 464/600 [01:30<00:27,  4.95it/s][A

 78%|███████▊  | 465/600 [01:30<00:27,  4.98it/s][A

 78%|███████▊  | 466/600 [01:30<00:26,  4.98it/s][A

 78%|███████▊  | 467/600 [01:30<00:26,  5.03it/s][A

 78%|███████▊  | 468/600 [01:30<00:24,  5.38it/s][A

 78%|███████▊  | 469/600 [01:30<00:24,  5.37it/s][A

 78%|███████▊  | 470/600 [01:31<00:23,  5.44it/s][A

 78%|███████▊  | 471/600 [01:31<00:24,  5.19it/s][A

 79%|███████▊  | 472/600 [01:31<00:24,  5.31it/s][A

 79%|███████▉  | 473/600 [01:31<00:23,  5.38it/s][A

 79%|███████▉  | 474/600 [01:31<00:23,  5.42it/s][A

 79%|███████▉  | 475/600 [01:32<00:22,  5.54it/s][A

 79%|███████▉  | 476/600 [01:32<00:22,  5.52it/s][A

 80%|███████▉  | 477/600 [01:32<00:22,  5.50it/s][A

 80%|███████▉  | 478/600 [01:32<00:22,  5.37it/s][A

 80%|███████▉  | 479/600 [01:32<00:22,  5.32it/s][A

 80%|████████  | 480/600 [01:33<00:22,  5.34it/s][A

 80%|████████  | 481/600 [01:33<00:22,  5.31it/s][A

 80%|████████  | 482/600 [01:33<00:22,  5.32it/s][A

 80%|████████  | 483/600 [01:33<00:21,  5.48it/s][A

 81%|████████  | 484/600 [01:33<00:21,  5.50it/s][A

 81%|████████  | 485/600 [01:33<00:21,  5.41it/s][A

 81%|████████  | 486/600 [01:34<00:21,  5.19it/s][A

 81%|████████  | 487/600 [01:34<00:23,  4.91it/s][A

 81%|████████▏ | 488/600 [01:34<00:22,  4.87it/s][A

 82%|████████▏ | 489/600 [01:34<00:21,  5.08it/s][A

 82%|████████▏ | 490/600 [01:34<00:21,  5.21it/s][A

 82%|████████▏ | 491/600 [01:35<00:21,  5.17it/s][A

 82%|████████▏ | 492/600 [01:35<00:20,  5.17it/s][A

 82%|████████▏ | 493/600 [01:35<00:20,  5.28it/s][A

 82%|████████▏ | 494/600 [01:35<00:20,  5.25it/s][A

 82%|████████▎ | 495/600 [01:35<00:20,  5.12it/s][A

 83%|████████▎ | 496/600 [01:36<00:20,  5.13it/s][A

 83%|████████▎ | 497/600 [01:36<00:19,  5.21it/s][A

 83%|████████▎ | 498/600 [01:36<00:18,  5.40it/s][A

 83%|████████▎ | 499/600 [01:36<00:18,  5.42it/s][A

 83%|████████▎ | 500/600 [01:36<00:19,  5.07it/s][A

 84%|████████▎ | 501/600 [01:37<00:20,  4.77it/s][A

 84%|████████▎ | 502/600 [01:37<00:21,  4.47it/s][A

 84%|████████▍ | 503/600 [01:37<00:21,  4.60it/s][A

 84%|████████▍ | 504/600 [01:37<00:20,  4.65it/s][A

 84%|████████▍ | 505/600 [01:37<00:19,  4.77it/s][A

 84%|████████▍ | 506/600 [01:38<00:19,  4.77it/s][A

 84%|████████▍ | 507/600 [01:38<00:18,  4.98it/s][A

 85%|████████▍ | 508/600 [01:38<00:19,  4.78it/s][A

 85%|████████▍ | 509/600 [01:38<00:18,  4.79it/s][A

 85%|████████▌ | 510/600 [01:39<00:19,  4.68it/s][A

 85%|████████▌ | 511/600 [01:39<00:18,  4.78it/s][A

 85%|████████▌ | 512/600 [01:39<00:17,  4.90it/s][A

 86%|████████▌ | 513/600 [01:39<00:17,  5.06it/s][A

 86%|████████▌ | 514/600 [01:39<00:16,  5.27it/s][A

 86%|████████▌ | 515/600 [01:39<00:15,  5.48it/s][A

 86%|████████▌ | 516/600 [01:40<00:15,  5.50it/s][A

 86%|████████▌ | 517/600 [01:40<00:15,  5.25it/s][A

 86%|████████▋ | 518/600 [01:40<00:15,  5.17it/s][A

 86%|████████▋ | 519/600 [01:40<00:15,  5.23it/s][A

 87%|████████▋ | 520/600 [01:40<00:15,  5.25it/s][A

 87%|████████▋ | 521/600 [01:41<00:15,  5.25it/s][A

 87%|████████▋ | 522/600 [01:41<00:14,  5.26it/s][A

 87%|████████▋ | 523/600 [01:41<00:14,  5.49it/s][A

 87%|████████▋ | 524/600 [01:41<00:13,  5.75it/s][A

 88%|████████▊ | 525/600 [01:41<00:13,  5.61it/s][A

 88%|████████▊ | 526/600 [01:41<00:13,  5.65it/s][A

 88%|████████▊ | 527/600 [01:42<00:12,  5.77it/s][A

 88%|████████▊ | 528/600 [01:42<00:12,  5.57it/s][A

 88%|████████▊ | 529/600 [01:42<00:12,  5.66it/s][A

 88%|████████▊ | 530/600 [01:42<00:11,  5.86it/s][A

 88%|████████▊ | 531/600 [01:42<00:11,  5.90it/s][A

 89%|████████▊ | 532/600 [01:42<00:11,  6.04it/s][A

 89%|████████▉ | 533/600 [01:43<00:11,  6.07it/s][A

 89%|████████▉ | 534/600 [01:43<00:11,  5.77it/s][A

 89%|████████▉ | 535/600 [01:43<00:11,  5.85it/s][A

 89%|████████▉ | 536/600 [01:43<00:10,  5.82it/s][A

 90%|████████▉ | 537/600 [01:43<00:10,  5.87it/s][A

 90%|████████▉ | 538/600 [01:44<00:10,  5.88it/s][A

 90%|████████▉ | 539/600 [01:44<00:10,  5.99it/s][A

 90%|█████████ | 540/600 [01:44<00:10,  5.99it/s][A

 90%|█████████ | 541/600 [01:44<00:10,  5.82it/s][A

 90%|█████████ | 542/600 [01:44<00:10,  5.67it/s][A

 90%|█████████ | 543/600 [01:44<00:10,  5.37it/s][A

 91%|█████████ | 544/600 [01:45<00:10,  5.56it/s][A

 91%|█████████ | 545/600 [01:45<00:10,  5.42it/s][A

 91%|█████████ | 546/600 [01:45<00:09,  5.51it/s][A

 91%|█████████ | 547/600 [01:45<00:10,  5.28it/s][A

 91%|█████████▏| 548/600 [01:45<00:09,  5.33it/s][A

 92%|█████████▏| 549/600 [01:46<00:09,  5.44it/s][A

 92%|█████████▏| 550/600 [01:46<00:09,  5.27it/s][A

 92%|█████████▏| 551/600 [01:46<00:09,  5.15it/s][A

 92%|█████████▏| 552/600 [01:46<00:10,  4.61it/s][A

 92%|█████████▏| 553/600 [01:46<00:10,  4.47it/s][A

 92%|█████████▏| 554/600 [01:47<00:09,  4.65it/s][A

 92%|█████████▎| 555/600 [01:47<00:09,  4.79it/s][A

 93%|█████████▎| 556/600 [01:47<00:08,  5.14it/s][A

 93%|█████████▎| 557/600 [01:47<00:08,  4.86it/s][A

 93%|█████████▎| 558/600 [01:47<00:08,  5.03it/s][A

 93%|█████████▎| 559/600 [01:48<00:08,  5.02it/s][A

 93%|█████████▎| 560/600 [01:48<00:07,  5.21it/s][A

 94%|█████████▎| 561/600 [01:48<00:07,  5.23it/s][A

 94%|█████████▎| 562/600 [01:48<00:07,  5.35it/s][A

 94%|█████████▍| 563/600 [01:48<00:06,  5.32it/s][A

 94%|█████████▍| 564/600 [01:49<00:07,  5.13it/s][A

 94%|█████████▍| 565/600 [01:49<00:06,  5.09it/s][A

 94%|█████████▍| 566/600 [01:49<00:06,  5.10it/s][A

 94%|█████████▍| 567/600 [01:49<00:06,  5.13it/s][A

 95%|█████████▍| 568/600 [01:49<00:06,  5.11it/s][A

 95%|█████████▍| 569/600 [01:50<00:05,  5.27it/s][A

 95%|█████████▌| 570/600 [01:50<00:05,  5.40it/s][A

 95%|█████████▌| 571/600 [01:50<00:05,  5.65it/s][A

 95%|█████████▌| 572/600 [01:50<00:04,  5.81it/s][A

 96%|█████████▌| 573/600 [01:50<00:04,  5.69it/s][A

 96%|█████████▌| 574/600 [01:50<00:04,  5.73it/s][A

 96%|█████████▌| 575/600 [01:51<00:04,  5.74it/s][A

 96%|█████████▌| 576/600 [01:51<00:04,  5.71it/s][A

 96%|█████████▌| 577/600 [01:51<00:04,  5.65it/s][A

 96%|█████████▋| 578/600 [01:51<00:03,  5.80it/s][A

 96%|█████████▋| 579/600 [01:51<00:03,  5.77it/s][A

 97%|█████████▋| 580/600 [01:51<00:03,  5.69it/s][A

 97%|█████████▋| 581/600 [01:52<00:03,  5.88it/s][A

 97%|█████████▋| 582/600 [01:52<00:03,  5.73it/s][A

 97%|█████████▋| 583/600 [01:52<00:02,  5.68it/s][A

 97%|█████████▋| 584/600 [01:52<00:02,  5.57it/s][A

 98%|█████████▊| 585/600 [01:52<00:02,  5.49it/s][A

 98%|█████████▊| 586/600 [01:52<00:02,  5.48it/s][A

 98%|█████████▊| 587/600 [01:53<00:02,  5.56it/s][A

 98%|█████████▊| 588/600 [01:53<00:02,  5.50it/s][A

 98%|█████████▊| 589/600 [01:53<00:01,  5.59it/s][A

 98%|█████████▊| 590/600 [01:53<00:01,  5.70it/s][A

 98%|█████████▊| 591/600 [01:53<00:01,  5.77it/s][A

 99%|█████████▊| 592/600 [01:54<00:01,  5.86it/s][A

 99%|█████████▉| 593/600 [01:54<00:01,  5.72it/s][A

 99%|█████████▉| 594/600 [01:54<00:01,  5.62it/s][A

 99%|█████████▉| 595/600 [01:54<00:00,  5.78it/s][A

 99%|█████████▉| 596/600 [01:54<00:00,  5.83it/s][A

100%|█████████▉| 597/600 [01:54<00:00,  5.75it/s][A

100%|█████████▉| 598/600 [01:55<00:00,  5.74it/s][A

100%|█████████▉| 599/600 [01:55<00:00,  5.66it/s][A

100%|██████████| 600/600 [01:55<00:00,  5.43it/s][A
                                                       


                                                 
[A
 48%|████▊     | 2100/4384 [4:03:29<4:24:54,  6.96s/it]

100%|██████████| 600/600 [01:55<00:00,  5.43it/s][A

                                                 [A
 48%|████▊     | 2101/4384 [4:03:37<26:38:15, 42.00s/it]
 48%|████▊     | 2102/4384 [4:03:44<19:51:50, 31.34s/it]
 48%|████▊     | 2103/4384 [4:03:51<15:12:51, 24.01s/it]
 48%|████▊     | 2104/4384 [4:03:57<11:53:45, 18.78s/it]
 48%|████▊     | 2105/4384 [4:04:04<9:34:26, 15.12s/it] 
 48%|████▊     | 2106/4384 [4:04:11<7:59:40, 12.63s/it]
 48%|████▊     | 2107/4384 [4:04:16<6:42:49, 10.61s/it]
 48%|████▊     | 2108/4384 [4:04:23<5:56:10,  9.39s/it]
 48%|████▊     | 2109/4384 [4:04:30<5:27:53,  8.65s/it]
 48%|████▊     | 2110/4384 [4:04:36<5:00:19,  7.92s/it]
 48%|████▊     | 2111/4384 [4:04:43<4:44:37,  7.51s/it]
 48%|████▊     | 2112/4384 [4:04:49<4:29:24,  7.11s/it]
 48%|████▊     | 2113/4384 [4:04:55<4:17:33,  6.80s/it]
 48%|████▊     | 2114/4384 [4:05:01<4:13:40,  6.70s/it]
 48%|████▊     | 2115/4384 [4:05:08<4:15:10,  6.75s/it]
 48%|████▊     | 2116/4384 [4:05:14<4:09:10,  6.59s/it]
 48%|████▊     | 2117/4384 [4:05:21<4:05:20,  6.49s/it]
 48%|████▊     | 2118/4384 [4:05:27<4:01:02,  6.38s/it]
 48%|████▊     | 2119/4384 [4:05:33<4:01:23,  6.39s/it]
 48%|████▊     | 2120/4384 [4:05:40<4:04:18,  6.47s/it]
                                                       

 48%|████▊     | 2120/4384 [4:05:40<4:04:18,  6.47s/it]
 48%|████▊     | 2121/4384 [4:05:47<4:05:31,  6.51s/it]
 48%|████▊     | 2122/4384 [4:05:53<4:07:55,  6.58s/it]
 48%|████▊     | 2123/4384 [4:06:00<4:10:21,  6.64s/it]
 48%|████▊     | 2124/4384 [4:06:07<4:11:53,  6.69s/it]
 48%|████▊     | 2125/4384 [4:06:13<4:08:01,  6.59s/it]
 48%|████▊     | 2126/4384 [4:06:20<4:12:33,  6.71s/it]
 49%|████▊     | 2127/4384 [4:06:27<4:11:40,  6.69s/it]
 49%|████▊     | 2128/4384 [4:06:34<4:12:52,  6.73s/it]
 49%|████▊     | 2129/4384 [4:06:40<4:11:42,  6.70s/it]
 49%|████▊     | 2130/4384 [4:06:47<4:08:28,  6.61s/it]
 49%|████▊     | 2131/4384 [4:06:53<4:10:16,  6.67s/it]
 49%|████▊     | 2132/4384 [4:07:01<4:16:24,  6.83s/it]
 49%|████▊     | 2133/4384 [4:07:07<4:13:30,  6.76s/it]
 49%|████▊     | 2134/4384 [4:07:14<4:08:43,  6.63s/it]
 49%|████▊     | 2135/4384 [4:07:20<4:07:42,  6.61s/it]
 49%|████▊     | 2136/4384 [4:07:26<4:02:33,  6.47s/it]
 49%|████▊     | 2137/4384 [4:07:33<4:08:57,  6.65s/it]
 49%|████▉     | 2138/4384 [4:07:40<4:11:36,  6.72s/it]
 49%|████▉     | 2139/4384 [4:07:47<4:09:55,  6.68s/it]
 49%|████▉     | 2140/4384 [4:07:55<4:21:00,  6.98s/it]
                                                       

 49%|████▉     | 2140/4384 [4:07:55<4:21:00,  6.98s/it]
 49%|████▉     | 2141/4384 [4:08:01<4:18:56,  6.93s/it]
 49%|████▉     | 2142/4384 [4:08:08<4:11:00,  6.72s/it]
 49%|████▉     | 2143/4384 [4:08:14<4:12:07,  6.75s/it]
 49%|████▉     | 2144/4384 [4:08:21<4:11:02,  6.72s/it]
 49%|████▉     | 2145/4384 [4:08:27<4:05:54,  6.59s/it]
 49%|████▉     | 2146/4384 [4:08:34<4:02:39,  6.51s/it]
 49%|████▉     | 2147/4384 [4:08:40<4:04:09,  6.55s/it]
 49%|████▉     | 2148/4384 [4:08:47<4:05:01,  6.57s/it]
 49%|████▉     | 2149/4384 [4:08:54<4:05:25,  6.59s/it]
 49%|████▉     | 2150/4384 [4:09:00<4:00:34,  6.46s/it]
 49%|████▉     | 2151/4384 [4:09:06<4:03:06,  6.53s/it]
 49%|████▉     | 2152/4384 [4:09:13<4:02:34,  6.52s/it]
 49%|████▉     | 2153/4384 [4:09:19<4:02:05,  6.51s/it]
 49%|████▉     | 2154/4384 [4:09:26<4:02:25,  6.52s/it]
 49%|████▉     | 2155/4384 [4:09:33<4:06:54,  6.65s/it]
 49%|████▉     | 2156/4384 [4:09:39<4:01:42,  6.51s/it]
 49%|████▉     | 2157/4384 [4:09:45<4:00:18,  6.47s/it]
 49%|████▉     | 2158/4384 [4:09:53<4:06:24,  6.64s/it]
 49%|████▉     | 2159/4384 [4:09:59<4:03:52,  6.58s/it]
 49%|████▉     | 2160/4384 [4:10:06<4:06:39,  6.65s/it]
                                                       

 49%|████▉     | 2160/4384 [4:10:06<4:06:39,  6.65s/it]
 49%|████▉     | 2161/4384 [4:10:12<4:06:13,  6.65s/it]
 49%|████▉     | 2162/4384 [4:10:19<4:07:42,  6.69s/it]
 49%|████▉     | 2163/4384 [4:10:26<4:05:07,  6.62s/it]
 49%|████▉     | 2164/4384 [4:10:32<4:01:23,  6.52s/it]
 49%|████▉     | 2165/4384 [4:10:39<4:04:51,  6.62s/it]
 49%|████▉     | 2166/4384 [4:10:46<4:09:05,  6.74s/it]
 49%|████▉     | 2167/4384 [4:10:53<4:09:02,  6.74s/it]
 49%|████▉     | 2168/4384 [4:10:59<4:04:22,  6.62s/it]
 49%|████▉     | 2169/4384 [4:11:05<4:04:20,  6.62s/it]
 49%|████▉     | 2170/4384 [4:11:12<4:02:35,  6.57s/it]
 50%|████▉     | 2171/4384 [4:11:19<4:03:04,  6.59s/it]
 50%|████▉     | 2172/4384 [4:11:25<4:01:42,  6.56s/it]
 50%|████▉     | 2173/4384 [4:11:32<4:00:38,  6.53s/it]
 50%|████▉     | 2174/4384 [4:11:38<4:00:27,  6.53s/it]
 50%|████▉     | 2175/4384 [4:11:45<4:03:52,  6.62s/it]
 50%|████▉     | 2176/4384 [4:11:51<4:02:49,  6.60s/it]
 50%|████▉     | 2177/4384 [4:11:58<3:57:57,  6.47s/it]
 50%|████▉     | 2178/4384 [4:12:04<3:59:07,  6.50s/it]
 50%|████▉     | 2179/4384 [4:12:10<3:56:23,  6.43s/it]
 50%|████▉     | 2180/4384 [4:12:17<3:56:17,  6.43s/it]
                                                       

 50%|████▉     | 2180/4384 [4:12:17<3:56:17,  6.43s/it]
 50%|████▉     | 2181/4384 [4:12:23<3:56:52,  6.45s/it]
 50%|████▉     | 2182/4384 [4:12:29<3:50:23,  6.28s/it]
 50%|████▉     | 2183/4384 [4:12:36<3:53:11,  6.36s/it]
 50%|████▉     | 2184/4384 [4:12:43<4:01:51,  6.60s/it]
 50%|████▉     | 2185/4384 [4:12:49<4:00:10,  6.55s/it]
 50%|████▉     | 2186/4384 [4:12:56<3:56:23,  6.45s/it]
 50%|████▉     | 2187/4384 [4:13:02<3:56:39,  6.46s/it]
 50%|████▉     | 2188/4384 [4:13:09<3:55:55,  6.45s/it]
 50%|████▉     | 2189/4384 [4:13:15<3:56:10,  6.46s/it]
 50%|████▉     | 2190/4384 [4:13:22<3:56:55,  6.48s/it]
 50%|████▉     | 2191/4384 [4:13:28<3:59:26,  6.55s/it]
 50%|█████     | 2192/4384 [4:13:31<3:14:07,  5.31s/it]
 50%|█████     | 2193/4384 [4:13:37<3:28:34,  5.71s/it]
 50%|█████     | 2194/4384 [4:13:43<3:33:02,  5.84s/it]
 50%|█████     | 2195/4384 [4:13:50<3:43:48,  6.13s/it]
 50%|█████     | 2196/4384 [4:13:57<3:50:09,  6.31s/it]
 50%|█████     | 2197/4384 [4:14:03<3:50:02,  6.31s/it]
 50%|█████     | 2198/4384 [4:14:10<3:53:36,  6.41s/it]
 50%|█████     | 2199/4384 [4:14:17<3:55:20,  6.46s/it]
 50%|█████     | 2200/4384 [4:14:23<3:54:31,  6.44s/it]
                                                       

 50%|█████     | 2200/4384 [4:14:23<3:54:31,  6.44s/it]
 50%|█████     | 2201/4384 [4:14:30<3:55:53,  6.48s/it]
 50%|█████     | 2202/4384 [4:14:37<4:06:20,  6.77s/it]
 50%|█████     | 2203/4384 [4:14:43<4:01:55,  6.66s/it]
 50%|█████     | 2204/4384 [4:14:50<3:57:56,  6.55s/it]
 50%|█████     | 2205/4384 [4:14:56<3:53:04,  6.42s/it]
 50%|█████     | 2206/4384 [4:15:02<3:48:02,  6.28s/it]
 50%|█████     | 2207/4384 [4:15:08<3:48:16,  6.29s/it]
 50%|█████     | 2208/4384 [4:15:15<3:50:26,  6.35s/it]
 50%|█████     | 2209/4384 [4:15:21<3:48:09,  6.29s/it]
 50%|█████     | 2210/4384 [4:15:27<3:50:54,  6.37s/it]
 50%|█████     | 2211/4384 [4:15:33<3:48:08,  6.30s/it]
 50%|█████     | 2212/4384 [4:15:39<3:45:38,  6.23s/it]
 50%|█████     | 2213/4384 [4:15:46<3:49:00,  6.33s/it]
 51%|█████     | 2214/4384 [4:15:53<3:52:45,  6.44s/it]
 51%|█████     | 2215/4384 [4:15:59<3:46:17,  6.26s/it]
 51%|█████     | 2216/4384 [4:16:05<3:44:17,  6.21s/it]
 51%|█████     | 2217/4384 [4:16:11<3:44:17,  6.21s/it]
 51%|█████     | 2218/4384 [4:16:17<3:40:03,  6.10s/it]
 51%|█████     | 2219/4384 [4:16:23<3:42:54,  6.18s/it]
 51%|█████     | 2220/4384 [4:16:30<3:45:59,  6.27s/it]
                                                       

 51%|█████     | 2220/4384 [4:16:30<3:45:59,  6.27s/it]
 51%|█████     | 2221/4384 [4:16:36<3:48:51,  6.35s/it]
 51%|█████     | 2222/4384 [4:16:42<3:44:22,  6.23s/it]
 51%|█████     | 2223/4384 [4:16:48<3:44:40,  6.24s/it]
 51%|█████     | 2224/4384 [4:16:55<3:46:13,  6.28s/it]
 51%|█████     | 2225/4384 [4:17:01<3:48:42,  6.36s/it]
 51%|█████     | 2226/4384 [4:17:08<3:49:23,  6.38s/it]
 51%|█████     | 2227/4384 [4:17:14<3:45:27,  6.27s/it]
 51%|█████     | 2228/4384 [4:17:20<3:47:56,  6.34s/it]
 51%|█████     | 2229/4384 [4:17:27<3:49:05,  6.38s/it]
 51%|█████     | 2230/4384 [4:17:33<3:48:18,  6.36s/it]
 51%|█████     | 2231/4384 [4:17:40<3:52:47,  6.49s/it]
 51%|█████     | 2232/4384 [4:17:46<3:51:58,  6.47s/it]
 51%|█████     | 2233/4384 [4:17:53<3:51:02,  6.44s/it]
 51%|█████     | 2234/4384 [4:17:59<3:49:07,  6.39s/it]
 51%|█████     | 2235/4384 [4:18:05<3:48:40,  6.38s/it]
 51%|█████     | 2236/4384 [4:18:11<3:39:48,  6.14s/it]
 51%|█████     | 2237/4384 [4:18:17<3:40:13,  6.15s/it]
 51%|█████     | 2238/4384 [4:18:23<3:41:27,  6.19s/it]
 51%|█████     | 2239/4384 [4:18:29<3:41:12,  6.19s/it]
 51%|█████     | 2240/4384 [4:18:35<3:37:35,  6.09s/it]
                                                       

 51%|█████     | 2240/4384 [4:18:35<3:37:35,  6.09s/it]
 51%|█████     | 2241/4384 [4:18:41<3:34:39,  6.01s/it]
 51%|█████     | 2242/4384 [4:18:47<3:30:11,  5.89s/it]
 51%|█████     | 2243/4384 [4:18:52<3:28:23,  5.84s/it]
 51%|█████     | 2244/4384 [4:18:58<3:30:01,  5.89s/it]
 51%|█████     | 2245/4384 [4:19:04<3:29:26,  5.87s/it]
 51%|█████     | 2246/4384 [4:19:10<3:29:54,  5.89s/it]
 51%|█████▏    | 2247/4384 [4:19:16<3:31:42,  5.94s/it]
 51%|█████▏    | 2248/4384 [4:19:22<3:32:24,  5.97s/it]
 51%|█████▏    | 2249/4384 [4:19:28<3:31:34,  5.95s/it]
 51%|█████▏    | 2250/4384 [4:19:34<3:35:39,  6.06s/it]
 51%|█████▏    | 2251/4384 [4:19:41<3:38:02,  6.13s/it]
 51%|█████▏    | 2252/4384 [4:19:46<3:32:37,  5.98s/it]
 51%|█████▏    | 2253/4384 [4:19:52<3:32:56,  6.00s/it]
 51%|█████▏    | 2254/4384 [4:19:58<3:29:19,  5.90s/it]
 51%|█████▏    | 2255/4384 [4:20:04<3:24:23,  5.76s/it]
 51%|█████▏    | 2256/4384 [4:20:10<3:27:59,  5.86s/it]
 51%|█████▏    | 2257/4384 [4:20:16<3:35:38,  6.08s/it]
 52%|█████▏    | 2258/4384 [4:20:22<3:34:30,  6.05s/it]
 52%|█████▏    | 2259/4384 [4:20:28<3:32:36,  6.00s/it]
 52%|█████▏    | 2260/4384 [4:20:35<3:36:30,  6.12s/it]
                                                       

 52%|█████▏    | 2260/4384 [4:20:35<3:36:30,  6.12s/it]
 52%|█████▏    | 2261/4384 [4:20:40<3:29:02,  5.91s/it]
 52%|█████▏    | 2262/4384 [4:20:46<3:28:50,  5.91s/it]
 52%|█████▏    | 2263/4384 [4:20:52<3:30:30,  5.96s/it]
 52%|█████▏    | 2264/4384 [4:20:58<3:33:29,  6.04s/it]
 52%|█████▏    | 2265/4384 [4:21:04<3:31:00,  5.97s/it]
 52%|█████▏    | 2266/4384 [4:21:10<3:30:28,  5.96s/it]
 52%|█████▏    | 2267/4384 [4:21:16<3:31:20,  5.99s/it]
 52%|█████▏    | 2268/4384 [4:21:21<3:26:11,  5.85s/it]
 52%|█████▏    | 2269/4384 [4:21:28<3:29:19,  5.94s/it]
 52%|█████▏    | 2270/4384 [4:21:34<3:29:09,  5.94s/it]
 52%|█████▏    | 2271/4384 [4:21:39<3:27:37,  5.90s/it]
 52%|█████▏    | 2272/4384 [4:21:45<3:24:04,  5.80s/it]
 52%|█████▏    | 2273/4384 [4:21:51<3:22:00,  5.74s/it]
 52%|█████▏    | 2274/4384 [4:21:56<3:20:02,  5.69s/it]
 52%|█████▏    | 2275/4384 [4:22:02<3:22:52,  5.77s/it]
 52%|█████▏    | 2276/4384 [4:22:08<3:29:42,  5.97s/it]
 52%|█████▏    | 2277/4384 [4:22:15<3:32:50,  6.06s/it]
 52%|█████▏    | 2278/4384 [4:22:21<3:29:39,  5.97s/it]
 52%|█████▏    | 2279/4384 [4:22:26<3:26:31,  5.89s/it]
 52%|█████▏    | 2280/4384 [4:22:32<3:26:02,  5.88s/it]
                                                       

 52%|█████▏    | 2280/4384 [4:22:32<3:26:02,  5.88s/it]
 52%|█████▏    | 2281/4384 [4:22:38<3:25:22,  5.86s/it]
 52%|█████▏    | 2282/4384 [4:22:44<3:32:34,  6.07s/it]
 52%|█████▏    | 2283/4384 [4:22:50<3:30:43,  6.02s/it]
 52%|█████▏    | 2284/4384 [4:22:57<3:34:11,  6.12s/it]
 52%|█████▏    | 2285/4384 [4:23:03<3:34:31,  6.13s/it]
 52%|█████▏    | 2286/4384 [4:23:09<3:33:14,  6.10s/it]
 52%|█████▏    | 2287/4384 [4:23:14<3:25:39,  5.88s/it]
 52%|█████▏    | 2288/4384 [4:23:21<3:30:20,  6.02s/it]
 52%|█████▏    | 2289/4384 [4:23:27<3:33:10,  6.11s/it]
 52%|█████▏    | 2290/4384 [4:23:33<3:36:16,  6.20s/it]
 52%|█████▏    | 2291/4384 [4:23:39<3:32:22,  6.09s/it]
 52%|█████▏    | 2292/4384 [4:23:45<3:27:17,  5.95s/it]
 52%|█████▏    | 2293/4384 [4:23:51<3:25:43,  5.90s/it]
 52%|█████▏    | 2294/4384 [4:23:57<3:29:37,  6.02s/it]
 52%|█████▏    | 2295/4384 [4:24:03<3:32:57,  6.12s/it]
 52%|█████▏    | 2296/4384 [4:24:09<3:30:20,  6.04s/it]
 52%|█████▏    | 2297/4384 [4:24:15<3:27:57,  5.98s/it]
 52%|█████▏    | 2298/4384 [4:24:21<3:28:07,  5.99s/it]
 52%|█████▏    | 2299/4384 [4:24:26<3:23:36,  5.86s/it]
 52%|█████▏    | 2300/4384 [4:24:32<3:23:31,  5.86s/it]
                                                       

 52%|█████▏    | 2300/4384 [4:24:32<3:23:31,  5.86s/it]
 52%|█████▏    | 2301/4384 [4:24:38<3:25:11,  5.91s/it]
 53%|█████▎    | 2302/4384 [4:24:44<3:20:11,  5.77s/it]
 53%|█████▎    | 2303/4384 [4:24:49<3:18:17,  5.72s/it]
 53%|█████▎    | 2304/4384 [4:24:56<3:27:02,  5.97s/it]
 53%|█████▎    | 2305/4384 [4:25:02<3:28:26,  6.02s/it]
 53%|█████▎    | 2306/4384 [4:25:08<3:25:53,  5.94s/it]
 53%|█████▎    | 2307/4384 [4:25:14<3:30:33,  6.08s/it]
 53%|█████▎    | 2308/4384 [4:25:20<3:31:33,  6.11s/it]
 53%|█████▎    | 2309/4384 [4:25:26<3:26:36,  5.97s/it]
 53%|█████▎    | 2310/4384 [4:25:32<3:22:20,  5.85s/it]
 53%|█████▎    | 2311/4384 [4:25:37<3:21:38,  5.84s/it]
 53%|█████▎    | 2312/4384 [4:25:43<3:15:02,  5.65s/it]
 53%|█████▎    | 2313/4384 [4:25:49<3:18:27,  5.75s/it]
 53%|█████▎    | 2314/4384 [4:25:55<3:26:47,  5.99s/it]
 53%|█████▎    | 2315/4384 [4:26:01<3:27:10,  6.01s/it]
 53%|█████▎    | 2316/4384 [4:26:07<3:23:08,  5.89s/it]
 53%|█████▎    | 2317/4384 [4:26:13<3:24:44,  5.94s/it]
 53%|█████▎    | 2318/4384 [4:26:19<3:27:28,  6.03s/it]
 53%|█████▎    | 2319/4384 [4:26:25<3:29:55,  6.10s/it]
 53%|█████▎    | 2320/4384 [4:26:32<3:32:28,  6.18s/it]
                                                       

 53%|█████▎    | 2320/4384 [4:26:32<3:32:28,  6.18s/it]
 53%|█████▎    | 2321/4384 [4:26:38<3:27:32,  6.04s/it]
 53%|█████▎    | 2322/4384 [4:26:43<3:24:45,  5.96s/it]
 53%|█████▎    | 2323/4384 [4:26:49<3:22:41,  5.90s/it]
 53%|█████▎    | 2324/4384 [4:26:55<3:20:33,  5.84s/it]
 53%|█████▎    | 2325/4384 [4:27:00<3:17:08,  5.74s/it]
 53%|█████▎    | 2326/4384 [4:27:06<3:22:03,  5.89s/it]
 53%|█████▎    | 2327/4384 [4:27:12<3:21:51,  5.89s/it]
 53%|█████▎    | 2328/4384 [4:27:18<3:18:13,  5.78s/it]
 53%|█████▎    | 2329/4384 [4:27:24<3:18:41,  5.80s/it]
 53%|█████▎    | 2330/4384 [4:27:29<3:16:31,  5.74s/it]
 53%|█████▎    | 2331/4384 [4:27:35<3:18:20,  5.80s/it]
 53%|█████▎    | 2332/4384 [4:27:41<3:19:55,  5.85s/it]
 53%|█████▎    | 2333/4384 [4:27:48<3:24:05,  5.97s/it]
 53%|█████▎    | 2334/4384 [4:27:54<3:24:26,  5.98s/it]
 53%|█████▎    | 2335/4384 [4:27:59<3:18:19,  5.81s/it]
 53%|█████▎    | 2336/4384 [4:28:05<3:18:50,  5.83s/it]
 53%|█████▎    | 2337/4384 [4:28:10<3:15:16,  5.72s/it]
 53%|█████▎    | 2338/4384 [4:28:16<3:12:38,  5.65s/it]
 53%|█████▎    | 2339/4384 [4:28:22<3:18:01,  5.81s/it]
 53%|█████▎    | 2340/4384 [4:28:28<3:19:56,  5.87s/it]
                                                       

 53%|█████▎    | 2340/4384 [4:28:28<3:19:56,  5.87s/it]
 53%|█████▎    | 2341/4384 [4:28:34<3:17:33,  5.80s/it]
 53%|█████▎    | 2342/4384 [4:28:39<3:15:49,  5.75s/it]
 53%|█████▎    | 2343/4384 [4:28:45<3:15:22,  5.74s/it]
 53%|█████▎    | 2344/4384 [4:28:51<3:16:25,  5.78s/it]
 53%|█████▎    | 2345/4384 [4:28:57<3:23:12,  5.98s/it]
 54%|█████▎    | 2346/4384 [4:29:04<3:29:08,  6.16s/it]
 54%|█████▎    | 2347/4384 [4:29:10<3:28:03,  6.13s/it]
 54%|█████▎    | 2348/4384 [4:29:16<3:26:13,  6.08s/it]
 54%|█████▎    | 2349/4384 [4:29:22<3:22:16,  5.96s/it]
 54%|█████▎    | 2350/4384 [4:29:27<3:15:41,  5.77s/it]
 54%|█████▎    | 2351/4384 [4:29:33<3:15:07,  5.76s/it]
 54%|█████▎    | 2352/4384 [4:29:39<3:21:24,  5.95s/it]
 54%|█████▎    | 2353/4384 [4:29:45<3:21:12,  5.94s/it]
 54%|█████▎    | 2354/4384 [4:29:51<3:20:45,  5.93s/it]
 54%|█████▎    | 2355/4384 [4:29:57<3:20:19,  5.92s/it]
 54%|█████▎    | 2356/4384 [4:30:02<3:16:48,  5.82s/it]
 54%|█████▍    | 2357/4384 [4:30:08<3:13:42,  5.73s/it]
 54%|█████▍    | 2358/4384 [4:30:14<3:16:37,  5.82s/it]
 54%|█████▍    | 2359/4384 [4:30:20<3:17:58,  5.87s/it]
 54%|█████▍    | 2360/4384 [4:30:25<3:12:13,  5.70s/it]
                                                       

 54%|█████▍    | 2360/4384 [4:30:25<3:12:13,  5.70s/it]
 54%|█████▍    | 2361/4384 [4:30:31<3:11:18,  5.67s/it]
 54%|█████▍    | 2362/4384 [4:30:37<3:14:52,  5.78s/it]
 54%|█████▍    | 2363/4384 [4:30:43<3:18:11,  5.88s/it]
 54%|█████▍    | 2364/4384 [4:30:49<3:16:23,  5.83s/it]
 54%|█████▍    | 2365/4384 [4:30:55<3:21:09,  5.98s/it]
 54%|█████▍    | 2366/4384 [4:31:01<3:19:04,  5.92s/it]
 54%|█████▍    | 2367/4384 [4:31:06<3:17:02,  5.86s/it]
 54%|█████▍    | 2368/4384 [4:31:12<3:15:25,  5.82s/it]
 54%|█████▍    | 2369/4384 [4:31:18<3:14:18,  5.79s/it]
 54%|█████▍    | 2370/4384 [4:31:23<3:10:53,  5.69s/it]
 54%|█████▍    | 2371/4384 [4:31:29<3:12:01,  5.72s/it]
 54%|█████▍    | 2372/4384 [4:31:36<3:18:27,  5.92s/it]
 54%|█████▍    | 2373/4384 [4:31:41<3:17:23,  5.89s/it]
 54%|█████▍    | 2374/4384 [4:31:47<3:15:12,  5.83s/it]
 54%|█████▍    | 2375/4384 [4:31:53<3:14:16,  5.80s/it]
 54%|█████▍    | 2376/4384 [4:31:58<3:09:47,  5.67s/it]
 54%|█████▍    | 2377/4384 [4:32:04<3:12:57,  5.77s/it]
 54%|█████▍    | 2378/4384 [4:32:10<3:16:25,  5.88s/it]
 54%|█████▍    | 2379/4384 [4:32:16<3:14:08,  5.81s/it]
 54%|█████▍    | 2380/4384 [4:32:22<3:14:42,  5.83s/it]
                                                       

 54%|█████▍    | 2380/4384 [4:32:22<3:14:42,  5.83s/it]
 54%|█████▍    | 2381/4384 [4:32:28<3:13:40,  5.80s/it]
 54%|█████▍    | 2382/4384 [4:32:33<3:14:09,  5.82s/it]
 54%|█████▍    | 2383/4384 [4:32:39<3:12:08,  5.76s/it]
 54%|█████▍    | 2384/4384 [4:32:45<3:16:28,  5.89s/it]
 54%|█████▍    | 2385/4384 [4:32:51<3:18:07,  5.95s/it]
 54%|█████▍    | 2386/4384 [4:32:57<3:14:10,  5.83s/it]
 54%|█████▍    | 2387/4384 [4:33:03<3:14:29,  5.84s/it]
 54%|█████▍    | 2388/4384 [4:33:08<3:10:36,  5.73s/it]
 54%|█████▍    | 2389/4384 [4:33:14<3:06:59,  5.62s/it]
 55%|█████▍    | 2390/4384 [4:33:19<3:05:41,  5.59s/it]
 55%|█████▍    | 2391/4384 [4:33:25<3:13:07,  5.81s/it]
 55%|█████▍    | 2392/4384 [4:33:32<3:18:03,  5.97s/it]
 55%|█████▍    | 2393/4384 [4:33:38<3:16:54,  5.93s/it]
 55%|█████▍    | 2394/4384 [4:33:43<3:12:49,  5.81s/it]
 55%|█████▍    | 2395/4384 [4:33:49<3:15:53,  5.91s/it]
 55%|█████▍    | 2396/4384 [4:33:55<3:10:35,  5.75s/it]
 55%|█████▍    | 2397/4384 [4:34:01<3:11:54,  5.79s/it]
 55%|█████▍    | 2398/4384 [4:34:07<3:17:28,  5.97s/it]
 55%|█████▍    | 2399/4384 [4:34:12<3:13:31,  5.85s/it]
 55%|█████▍    | 2400/4384 [4:34:18<3:08:44,  5.71s/it]
                                                       

{'eval_loss': '1.933', 'eval_runtime': '115.7', 'eval_samples_per_second': '10.37', 'eval_steps_per_second': '5.186', 'eval_entropy': '1.975', 'eval_num_tokens': '2.142e+07', 'eval_mean_token_accuracy': '0.595', 'epoch': '0.9583'}
 55%|█████▍    | 2400/4384 [4:34:18<3:08:44,  5.71s/it]
{'loss': '1.878', 'grad_norm': '1.395', 'learning_rate': '5.513e-05', 'entropy': '1.949', 'num_tokens': '2.163e+07', 'mean_token_accuracy': '0.5906', 'epoch': '0.9674'}
{'loss': '1.86', 'grad_norm': '1.344', 'learning_rate': '5.439e-05', 'entropy': '1.921', 'num_tokens': '2.183e+07', 'mean_token_accuracy': '0.5953', 'epoch': '0.9766'}
{'loss': '1.879', 'grad_norm': '1.446', 'learning_rate': '5.365e-05', 'entropy': '1.944', 'num_tokens': '2.203e+07', 'mean_token_accuracy': '0.5919', 'epoch': '0.9857'}
{'loss': '1.868', 'grad_norm': '1.41', 'learning_rate': '5.292e-05', 'entropy': '1.92', 'num_tokens': '2.224e+07', 'mean_token_accuracy': '0.5927', 'epoch': '0.9948'}
{'loss': '1.803', 'grad_norm': '1.382', 'learning_rate': '5.218e-05', 'entropy': '1.924', 'num_tokens': '2.243e+07', 'mean_token_accuracy': '0.6052', 'epoch': '1.004'}
{'loss': '1.671', 'grad_norm': '1.536', 'learning_rate': '5.144e-05', 'entropy': '1.763', 'num_tokens': '2.264e+07', 'mean_token_accuracy': '0.6275', 'epoch': '1.013'}
{'loss': '1.711', 'grad_norm': '1.416', 'learning_rate': '5.07e-05', 'entropy': '1.82', 'num_tokens': '2.284e+07', 'mean_token_accuracy': '0.6201', 'epoch': '1.022'}
{'loss': '1.649', 'grad_norm': '1.359', 'learning_rate': '4.996e-05', 'entropy': '1.751', 'num_tokens': '2.305e+07', 'mean_token_accuracy': '0.6295', 'epoch': '1.031'}
{'loss': '1.697', 'grad_norm': '1.448', 'learning_rate': '4.922e-05', 'entropy': '1.801', 'num_tokens': '2.325e+07', 'mean_token_accuracy': '0.6222', 'epoch': '1.04'}
{'loss': '1.667', 'grad_norm': '1.504', 'learning_rate': '4.849e-05', 'entropy': '1.764', 'num_tokens': '2.345e+07', 'mean_token_accuracy': '0.6266', 'epoch': '1.049'}
{'loss': '1.669', 'grad_norm': '1.604', 'learning_rate': '4.775e-05', 'entropy': '1.776', 'num_tokens': '2.365e+07', 'mean_token_accuracy': '0.6287', 'epoch': '1.058'}
{'loss': '1.7', 'grad_norm': '1.431', 'learning_rate': '4.701e-05', 'entropy': '1.809', 'num_tokens': '2.386e+07', 'mean_token_accuracy': '0.6229', 'epoch': '1.068'}
{'loss': '1.719', 'grad_norm': '1.589', 'learning_rate': '4.627e-05', 'entropy': '1.809', 'num_tokens': '2.406e+07', 'mean_token_accuracy': '0.6208', 'epoch': '1.077'}
{'loss': '1.679', 'grad_norm': '1.353', 'learning_rate': '4.554e-05', 'entropy': '1.79', 'num_tokens': '2.427e+07', 'mean_token_accuracy': '0.6244', 'epoch': '1.086'}
{'loss': '1.608', 'grad_norm': '1.607', 'learning_rate': '4.48e-05', 'entropy': '1.716', 'num_tokens': '2.447e+07', 'mean_token_accuracy': '0.637', 'epoch': '1.095'}

  0%|          | 0/600 [00:00<?, ?it/s][A

  0%|          | 2/600 [00:00<00:49, 11.98it/s][A

  1%|          | 4/600 [00:00<01:16,  7.77it/s][A

  1%|          | 5/600 [00:00<01:30,  6.58it/s][A

  1%|          | 6/600 [00:00<01:33,  6.37it/s][A

  1%|          | 7/600 [00:01<01:35,  6.24it/s][A

  1%|▏         | 8/600 [00:01<01:37,  6.04it/s][A

  2%|▏         | 9/600 [00:01<01:35,  6.17it/s][A

  2%|▏         | 10/600 [00:01<01:35,  6.18it/s][A

  2%|▏         | 11/600 [00:01<01:39,  5.91it/s][A

  2%|▏         | 12/600 [00:01<01:41,  5.81it/s][A

  2%|▏         | 13/600 [00:02<01:42,  5.72it/s][A

  2%|▏         | 14/600 [00:02<01:47,  5.44it/s][A

  2%|▎         | 15/600 [00:02<01:52,  5.21it/s][A

  3%|▎         | 16/600 [00:02<01:53,  5.14it/s][A

  3%|▎         | 17/600 [00:02<01:44,  5.56it/s][A

  3%|▎         | 18/600 [00:03<01:49,  5.33it/s][A

  3%|▎         | 19/600 [00:03<01:46,  5.45it/s][A

  3%|▎         | 20/600 [00:03<01:46,  5.47it/s][A

  4%|▎         | 21/600 [00:03<01:50,  5.25it/s][A

  4%|▎         | 22/600 [00:03<01:47,  5.39it/s][A

  4%|▍         | 23/600 [00:03<01:42,  5.66it/s][A

  4%|▍         | 24/600 [00:04<01:49,  5.27it/s][A

  4%|▍         | 25/600 [00:04<01:45,  5.45it/s][A

  4%|▍         | 26/600 [00:04<01:42,  5.57it/s][A

  4%|▍         | 27/600 [00:04<01:49,  5.21it/s][A

  5%|▍         | 28/600 [00:04<01:43,  5.53it/s][A

  5%|▍         | 29/600 [00:05<01:42,  5.58it/s][A

  5%|▌         | 30/600 [00:05<01:44,  5.46it/s][A

  5%|▌         | 31/600 [00:05<01:47,  5.29it/s][A

  5%|▌         | 32/600 [00:05<01:42,  5.52it/s][A

  6%|▌         | 33/600 [00:05<01:43,  5.47it/s][A

  6%|▌         | 34/600 [00:05<01:43,  5.49it/s][A

  6%|▌         | 35/600 [00:06<01:47,  5.25it/s][A

  6%|▌         | 36/600 [00:06<01:44,  5.40it/s][A

  6%|▌         | 37/600 [00:06<01:40,  5.62it/s][A

  6%|▋         | 38/600 [00:06<01:39,  5.67it/s][A

  6%|▋         | 39/600 [00:06<01:35,  5.87it/s][A

  7%|▋         | 40/600 [00:06<01:33,  6.01it/s][A

  7%|▋         | 41/600 [00:07<01:30,  6.17it/s][A

  7%|▋         | 42/600 [00:07<01:33,  5.96it/s][A

  7%|▋         | 43/600 [00:07<01:33,  5.98it/s][A

  7%|▋         | 44/600 [00:07<01:30,  6.17it/s][A

  8%|▊         | 45/600 [00:07<01:28,  6.26it/s][A

  8%|▊         | 46/600 [00:07<01:25,  6.44it/s][A

  8%|▊         | 47/600 [00:08<01:24,  6.53it/s][A

  8%|▊         | 48/600 [00:08<01:24,  6.56it/s][A

  8%|▊         | 49/600 [00:08<01:24,  6.51it/s][A

  8%|▊         | 50/600 [00:08<01:27,  6.26it/s][A

  8%|▊         | 51/600 [00:08<01:26,  6.31it/s][A

  9%|▊         | 52/600 [00:08<01:24,  6.47it/s][A

  9%|▉         | 53/600 [00:09<01:25,  6.41it/s][A

  9%|▉         | 54/600 [00:09<01:23,  6.50it/s][A

  9%|▉         | 55/600 [00:09<01:23,  6.54it/s][A

  9%|▉         | 56/600 [00:09<01:23,  6.51it/s][A

 10%|▉         | 57/600 [00:09<01:20,  6.72it/s][A

 10%|▉         | 58/600 [00:09<01:21,  6.65it/s][A

 10%|▉         | 59/600 [00:09<01:23,  6.51it/s][A

 10%|█         | 60/600 [00:10<01:22,  6.51it/s][A

 10%|█         | 61/600 [00:10<01:23,  6.48it/s][A

 10%|█         | 62/600 [00:10<01:28,  6.10it/s][A

 10%|█         | 63/600 [00:10<01:28,  6.06it/s][A

 11%|█         | 64/600 [00:10<01:28,  6.07it/s][A

 11%|█         | 65/600 [00:10<01:27,  6.12it/s][A

 11%|█         | 66/600 [00:11<01:28,  6.05it/s][A

 11%|█         | 67/600 [00:11<01:30,  5.91it/s][A

 11%|█▏        | 68/600 [00:11<01:34,  5.63it/s][A

 12%|█▏        | 69/600 [00:11<01:34,  5.61it/s][A

 12%|█▏        | 70/600 [00:11<01:36,  5.47it/s][A

 12%|█▏        | 71/600 [00:12<01:34,  5.57it/s][A

 12%|█▏        | 72/600 [00:12<01:30,  5.81it/s][A

 12%|█▏        | 73/600 [00:12<01:29,  5.88it/s][A

 12%|█▏        | 74/600 [00:12<01:27,  6.00it/s][A

 12%|█▎        | 75/600 [00:12<01:30,  5.81it/s][A

 13%|█▎        | 76/600 [00:12<01:29,  5.82it/s][A

 13%|█▎        | 77/600 [00:13<01:29,  5.87it/s][A

 13%|█▎        | 78/600 [00:13<01:31,  5.71it/s][A

 13%|█▎        | 79/600 [00:13<01:29,  5.79it/s][A

 13%|█▎        | 80/600 [00:13<01:31,  5.69it/s][A

 14%|█▎        | 81/600 [00:13<01:29,  5.79it/s][A

 14%|█▎        | 82/600 [00:13<01:29,  5.77it/s][A

 14%|█▍        | 83/600 [00:14<01:29,  5.75it/s][A

 14%|█▍        | 84/600 [00:14<01:28,  5.85it/s][A

 14%|█▍        | 85/600 [00:14<01:28,  5.84it/s][A

 14%|█▍        | 86/600 [00:14<01:34,  5.46it/s][A

 14%|█▍        | 87/600 [00:14<01:33,  5.49it/s][A

 15%|█▍        | 88/600 [00:14<01:30,  5.69it/s][A

 15%|█▍        | 89/600 [00:15<01:30,  5.63it/s][A

 15%|█▌        | 90/600 [00:15<01:31,  5.54it/s][A

 15%|█▌        | 91/600 [00:15<01:40,  5.07it/s][A

 15%|█▌        | 92/600 [00:15<01:34,  5.38it/s][A

 16%|█▌        | 93/600 [00:15<01:31,  5.52it/s][A

 16%|█▌        | 94/600 [00:16<01:30,  5.61it/s][A

 16%|█▌        | 95/600 [00:16<01:27,  5.79it/s][A

 16%|█▌        | 96/600 [00:16<01:26,  5.86it/s][A

 16%|█▌        | 97/600 [00:16<01:29,  5.64it/s][A

 16%|█▋        | 98/600 [00:16<01:29,  5.61it/s][A

 16%|█▋        | 99/600 [00:16<01:27,  5.74it/s][A

 17%|█▋        | 100/600 [00:17<01:27,  5.69it/s][A

 17%|█▋        | 101/600 [00:17<01:28,  5.62it/s][A

 17%|█▋        | 102/600 [00:17<01:34,  5.28it/s][A

 17%|█▋        | 103/600 [00:17<01:30,  5.49it/s][A

 17%|█▋        | 104/600 [00:17<01:27,  5.66it/s][A

 18%|█▊        | 105/600 [00:17<01:22,  6.00it/s][A

 18%|█▊        | 106/600 [00:18<01:22,  6.02it/s][A

 18%|█▊        | 107/600 [00:18<01:20,  6.10it/s][A

 18%|█▊        | 108/600 [00:18<01:20,  6.11it/s][A

 18%|█▊        | 109/600 [00:18<01:18,  6.27it/s][A

 18%|█▊        | 110/600 [00:18<01:17,  6.31it/s][A

 18%|█▊        | 111/600 [00:18<01:18,  6.26it/s][A

 19%|█▊        | 112/600 [00:19<01:16,  6.35it/s][A

 19%|█▉        | 113/600 [00:19<01:16,  6.41it/s][A

 19%|█▉        | 114/600 [00:19<01:18,  6.22it/s][A

 19%|█▉        | 115/600 [00:19<01:16,  6.38it/s][A

 19%|█▉        | 116/600 [00:19<01:15,  6.38it/s][A

 20%|█▉        | 117/600 [00:19<01:14,  6.50it/s][A

 20%|█▉        | 118/600 [00:20<01:14,  6.48it/s][A

 20%|█▉        | 119/600 [00:20<01:15,  6.38it/s][A

 20%|██        | 120/600 [00:20<01:18,  6.12it/s][A

 20%|██        | 121/600 [00:20<01:21,  5.91it/s][A

 20%|██        | 122/600 [00:20<01:23,  5.75it/s][A

 20%|██        | 123/600 [00:20<01:20,  5.93it/s][A

 21%|██        | 124/600 [00:21<01:21,  5.81it/s][A

 21%|██        | 125/600 [00:21<01:19,  6.00it/s][A

 21%|██        | 126/600 [00:21<01:18,  6.05it/s][A

 21%|██        | 127/600 [00:21<01:18,  6.04it/s][A

 21%|██▏       | 128/600 [00:21<01:16,  6.15it/s][A

 22%|██▏       | 129/600 [00:21<01:17,  6.06it/s][A

 22%|██▏       | 130/600 [00:22<01:17,  6.04it/s][A

 22%|██▏       | 131/600 [00:22<01:16,  6.14it/s][A

 22%|██▏       | 132/600 [00:22<01:15,  6.19it/s][A

 22%|██▏       | 133/600 [00:22<01:21,  5.75it/s][A

 22%|██▏       | 134/600 [00:22<01:24,  5.52it/s][A

 22%|██▎       | 135/600 [00:22<01:23,  5.58it/s][A

 23%|██▎       | 136/600 [00:23<01:22,  5.64it/s][A

 23%|██▎       | 137/600 [00:23<01:25,  5.44it/s][A

 23%|██▎       | 138/600 [00:23<01:29,  5.17it/s][A

 23%|██▎       | 139/600 [00:23<01:26,  5.36it/s][A

 23%|██▎       | 140/600 [00:23<01:24,  5.42it/s][A

 24%|██▎       | 141/600 [00:24<01:23,  5.47it/s][A

 24%|██▎       | 142/600 [00:24<01:25,  5.35it/s][A

 24%|██▍       | 143/600 [00:24<01:28,  5.19it/s][A

 24%|██▍       | 144/600 [00:24<01:25,  5.32it/s][A

 24%|██▍       | 145/600 [00:24<01:21,  5.56it/s][A

 24%|██▍       | 146/600 [00:24<01:20,  5.66it/s][A

 24%|██▍       | 147/600 [00:25<01:20,  5.61it/s][A

 25%|██▍       | 148/600 [00:25<01:20,  5.65it/s][A

 25%|██▍       | 149/600 [00:25<01:20,  5.60it/s][A

 25%|██▌       | 150/600 [00:25<01:19,  5.69it/s][A

 25%|██▌       | 151/600 [00:25<01:17,  5.79it/s][A

 25%|██▌       | 152/600 [00:26<01:19,  5.65it/s][A

 26%|██▌       | 153/600 [00:26<01:23,  5.38it/s][A

 26%|██▌       | 154/600 [00:26<01:21,  5.45it/s][A

 26%|██▌       | 155/600 [00:26<01:27,  5.10it/s][A

 26%|██▌       | 156/600 [00:26<01:25,  5.18it/s][A

 26%|██▌       | 157/600 [00:26<01:20,  5.48it/s][A

 26%|██▋       | 158/600 [00:27<01:20,  5.50it/s][A

 26%|██▋       | 159/600 [00:27<01:22,  5.35it/s][A

 27%|██▋       | 160/600 [00:27<01:20,  5.44it/s][A

 27%|██▋       | 161/600 [00:27<01:17,  5.65it/s][A

 27%|██▋       | 162/600 [00:27<01:17,  5.66it/s][A

 27%|██▋       | 163/600 [00:28<01:15,  5.76it/s][A

 27%|██▋       | 164/600 [00:28<01:13,  5.91it/s][A

 28%|██▊       | 165/600 [00:28<01:14,  5.85it/s][A

 28%|██▊       | 166/600 [00:28<01:13,  5.90it/s][A

 28%|██▊       | 167/600 [00:28<01:11,  6.07it/s][A

 28%|██▊       | 168/600 [00:28<01:11,  6.08it/s][A

 28%|██▊       | 169/600 [00:29<01:09,  6.16it/s][A

 28%|██▊       | 170/600 [00:29<01:08,  6.25it/s][A

 28%|██▊       | 171/600 [00:29<01:09,  6.16it/s][A

 29%|██▊       | 172/600 [00:29<01:12,  5.93it/s][A

 29%|██▉       | 173/600 [00:29<01:12,  5.88it/s][A

 29%|██▉       | 174/600 [00:29<01:10,  6.02it/s][A

 29%|██▉       | 175/600 [00:30<01:10,  6.03it/s][A

 29%|██▉       | 176/600 [00:30<01:09,  6.14it/s][A

 30%|██▉       | 177/600 [00:30<01:10,  6.02it/s][A

 30%|██▉       | 178/600 [00:30<01:09,  6.08it/s][A

 30%|██▉       | 179/600 [00:30<01:09,  6.02it/s][A

 30%|███       | 180/600 [00:30<01:08,  6.10it/s][A

 30%|███       | 181/600 [00:30<01:06,  6.29it/s][A

 30%|███       | 182/600 [00:31<01:07,  6.21it/s][A

 30%|███       | 183/600 [00:31<01:06,  6.24it/s][A

 31%|███       | 184/600 [00:31<01:05,  6.32it/s][A

 31%|███       | 185/600 [00:31<01:07,  6.16it/s][A

 31%|███       | 186/600 [00:31<01:08,  6.07it/s][A

 31%|███       | 187/600 [00:31<01:05,  6.32it/s][A

 31%|███▏      | 188/600 [00:32<01:03,  6.50it/s][A

 32%|███▏      | 189/600 [00:32<01:04,  6.40it/s][A

 32%|███▏      | 190/600 [00:32<01:05,  6.25it/s][A

 32%|███▏      | 191/600 [00:32<01:04,  6.31it/s][A

 32%|███▏      | 192/600 [00:32<01:02,  6.52it/s][A

 32%|███▏      | 193/600 [00:32<01:03,  6.39it/s][A

 32%|███▏      | 194/600 [00:33<01:02,  6.44it/s][A

 32%|███▎      | 195/600 [00:33<01:01,  6.59it/s][A

 33%|███▎      | 196/600 [00:33<01:00,  6.63it/s][A

 33%|███▎      | 197/600 [00:33<01:02,  6.45it/s][A

 33%|███▎      | 198/600 [00:33<01:01,  6.53it/s][A

 33%|███▎      | 199/600 [00:33<01:03,  6.36it/s][A

 33%|███▎      | 200/600 [00:33<01:05,  6.13it/s][A

 34%|███▎      | 201/600 [00:34<01:06,  6.01it/s][A

 34%|███▎      | 202/600 [00:34<01:05,  6.07it/s][A

 34%|███▍      | 203/600 [00:34<01:06,  5.96it/s][A

 34%|███▍      | 204/600 [00:34<01:03,  6.28it/s][A

 34%|███▍      | 205/600 [00:34<01:02,  6.33it/s][A

 34%|███▍      | 206/600 [00:34<01:04,  6.10it/s][A

 34%|███▍      | 207/600 [00:35<01:06,  5.87it/s][A

 35%|███▍      | 208/600 [00:35<01:07,  5.85it/s][A

 35%|███▍      | 209/600 [00:35<01:06,  5.87it/s][A

 35%|███▌      | 210/600 [00:35<01:06,  5.86it/s][A

 35%|███▌      | 211/600 [00:35<01:05,  5.93it/s][A

 35%|███▌      | 212/600 [00:36<01:07,  5.79it/s][A

 36%|███▌      | 213/600 [00:36<01:03,  6.11it/s][A

 36%|███▌      | 214/600 [00:36<01:02,  6.22it/s][A

 36%|███▌      | 215/600 [00:36<01:02,  6.19it/s][A

 36%|███▌      | 216/600 [00:36<01:01,  6.26it/s][A

 36%|███▌      | 217/600 [00:36<01:01,  6.19it/s][A

 36%|███▋      | 218/600 [00:36<00:59,  6.43it/s][A

 36%|███▋      | 219/600 [00:37<01:00,  6.25it/s][A

 37%|███▋      | 220/600 [00:37<01:00,  6.26it/s][A

 37%|███▋      | 221/600 [00:37<01:01,  6.12it/s][A

 37%|███▋      | 222/600 [00:37<00:59,  6.33it/s][A

 37%|███▋      | 223/600 [00:37<00:57,  6.52it/s][A

 37%|███▋      | 224/600 [00:37<00:56,  6.62it/s][A

 38%|███▊      | 225/600 [00:38<00:57,  6.53it/s][A

 38%|███▊      | 226/600 [00:38<00:58,  6.40it/s][A

 38%|███▊      | 227/600 [00:38<00:59,  6.30it/s][A

 38%|███▊      | 228/600 [00:38<00:58,  6.33it/s][A

 38%|███▊      | 229/600 [00:38<00:58,  6.34it/s][A

 38%|███▊      | 230/600 [00:38<00:56,  6.53it/s][A

 38%|███▊      | 231/600 [00:38<00:55,  6.66it/s][A

 39%|███▊      | 232/600 [00:39<00:54,  6.71it/s][A

 39%|███▉      | 233/600 [00:39<00:53,  6.81it/s][A

 39%|███▉      | 234/600 [00:39<00:56,  6.53it/s][A

 39%|███▉      | 235/600 [00:39<00:56,  6.44it/s][A

 39%|███▉      | 236/600 [00:39<00:55,  6.59it/s][A

 40%|███▉      | 237/600 [00:39<00:53,  6.74it/s][A

 40%|███▉      | 238/600 [00:39<00:53,  6.80it/s][A

 40%|███▉      | 239/600 [00:40<00:53,  6.76it/s][A

 40%|████      | 240/600 [00:40<00:52,  6.90it/s][A

 40%|████      | 241/600 [00:40<00:52,  6.87it/s][A

 40%|████      | 242/600 [00:40<00:51,  6.90it/s][A

 40%|████      | 243/600 [00:40<00:51,  6.91it/s][A

 41%|████      | 244/600 [00:40<00:52,  6.81it/s][A

 41%|████      | 245/600 [00:41<00:52,  6.81it/s][A

 41%|████      | 246/600 [00:41<00:53,  6.62it/s][A

 41%|████      | 247/600 [00:41<00:54,  6.45it/s][A

 41%|████▏     | 248/600 [00:41<00:56,  6.22it/s][A

 42%|████▏     | 249/600 [00:41<00:54,  6.46it/s][A

 42%|████▏     | 250/600 [00:41<00:52,  6.62it/s][A

 42%|████▏     | 251/600 [00:41<00:53,  6.53it/s][A

 42%|████▏     | 252/600 [00:42<00:53,  6.53it/s][A

 42%|████▏     | 253/600 [00:42<00:52,  6.60it/s][A

 42%|████▏     | 254/600 [00:42<00:53,  6.47it/s][A

 42%|████▎     | 255/600 [00:42<00:52,  6.58it/s][A

 43%|████▎     | 256/600 [00:42<00:52,  6.51it/s][A

 43%|████▎     | 257/600 [00:42<00:52,  6.54it/s][A

 43%|████▎     | 258/600 [00:43<00:52,  6.53it/s][A

 43%|████▎     | 259/600 [00:43<00:53,  6.37it/s][A

 43%|████▎     | 260/600 [00:43<00:54,  6.28it/s][A

 44%|████▎     | 261/600 [00:43<00:59,  5.68it/s][A

 44%|████▎     | 262/600 [00:43<00:59,  5.63it/s][A

 44%|████▍     | 263/600 [00:43<01:00,  5.53it/s][A

 44%|████▍     | 264/600 [00:44<01:00,  5.52it/s][A

 44%|████▍     | 265/600 [00:44<01:02,  5.36it/s][A

 44%|████▍     | 266/600 [00:44<01:01,  5.44it/s][A

 44%|████▍     | 267/600 [00:44<00:59,  5.60it/s][A

 45%|████▍     | 268/600 [00:44<00:56,  5.85it/s][A

 45%|████▍     | 269/600 [00:45<00:59,  5.53it/s][A

 45%|████▌     | 270/600 [00:45<00:58,  5.68it/s][A

 45%|████▌     | 271/600 [00:45<00:58,  5.67it/s][A

 45%|████▌     | 272/600 [00:45<00:58,  5.58it/s][A

 46%|████▌     | 273/600 [00:45<00:59,  5.47it/s][A

 46%|████▌     | 274/600 [00:45<01:02,  5.19it/s][A

 46%|████▌     | 275/600 [00:46<01:00,  5.38it/s][A

 46%|████▌     | 276/600 [00:46<00:58,  5.52it/s][A

 46%|████▌     | 277/600 [00:46<00:58,  5.53it/s][A

 46%|████▋     | 278/600 [00:46<00:56,  5.71it/s][A

 46%|████▋     | 279/600 [00:46<00:55,  5.84it/s][A

 47%|████▋     | 280/600 [00:46<00:54,  5.87it/s][A

 47%|████▋     | 281/600 [00:47<00:55,  5.79it/s][A

 47%|████▋     | 282/600 [00:47<00:59,  5.36it/s][A

 47%|████▋     | 283/600 [00:47<00:59,  5.31it/s][A

 47%|████▋     | 284/600 [00:47<01:03,  4.95it/s][A

 48%|████▊     | 285/600 [00:47<01:02,  5.07it/s][A

 48%|████▊     | 286/600 [00:48<01:01,  5.12it/s][A

 48%|████▊     | 287/600 [00:48<01:00,  5.18it/s][A

 48%|████▊     | 288/600 [00:48<01:01,  5.06it/s][A

 48%|████▊     | 289/600 [00:48<01:00,  5.13it/s][A

 48%|████▊     | 290/600 [00:48<00:58,  5.29it/s][A

 48%|████▊     | 291/600 [00:49<00:56,  5.47it/s][A

 49%|████▊     | 292/600 [00:49<00:54,  5.69it/s][A

 49%|████▉     | 293/600 [00:49<00:53,  5.76it/s][A

 49%|████▉     | 294/600 [00:49<00:51,  5.92it/s][A

 49%|████▉     | 295/600 [00:49<00:51,  5.92it/s][A

 49%|████▉     | 296/600 [00:49<00:50,  6.03it/s][A

 50%|████▉     | 297/600 [00:50<00:48,  6.24it/s][A

 50%|████▉     | 298/600 [00:50<00:48,  6.17it/s][A

 50%|████▉     | 299/600 [00:50<00:48,  6.18it/s][A

 50%|█████     | 300/600 [00:50<00:48,  6.18it/s][A

 50%|█████     | 301/600 [00:50<00:46,  6.46it/s][A

 50%|█████     | 302/600 [00:50<00:45,  6.49it/s][A

 50%|█████     | 303/600 [00:51<00:46,  6.34it/s][A

 51%|█████     | 304/600 [00:51<00:46,  6.41it/s][A

 51%|█████     | 305/600 [00:51<00:47,  6.17it/s][A

 51%|█████     | 306/600 [00:51<00:46,  6.27it/s][A

 51%|█████     | 307/600 [00:51<00:46,  6.34it/s][A

 51%|█████▏    | 308/600 [00:51<00:46,  6.32it/s][A

 52%|█████▏    | 309/600 [00:51<00:44,  6.53it/s][A

 52%|█████▏    | 310/600 [00:52<00:44,  6.45it/s][A

 52%|█████▏    | 311/600 [00:52<00:45,  6.31it/s][A

 52%|█████▏    | 312/600 [00:52<00:46,  6.19it/s][A

 52%|█████▏    | 313/600 [00:52<00:47,  6.02it/s][A

 52%|█████▏    | 314/600 [00:52<00:47,  6.01it/s][A

 52%|█████▎    | 315/600 [00:52<00:46,  6.19it/s][A

 53%|█████▎    | 316/600 [00:53<00:45,  6.29it/s][A

 53%|█████▎    | 317/600 [00:53<00:45,  6.20it/s][A

 53%|█████▎    | 318/600 [00:53<00:46,  6.12it/s][A

 53%|█████▎    | 319/600 [00:53<00:46,  6.05it/s][A

 53%|█████▎    | 320/600 [00:53<00:46,  6.07it/s][A

 54%|█████▎    | 321/600 [00:53<00:44,  6.27it/s][A

 54%|█████▎    | 322/600 [00:54<00:42,  6.48it/s][A

 54%|█████▍    | 323/600 [00:54<00:43,  6.32it/s][A

 54%|█████▍    | 324/600 [00:54<00:44,  6.22it/s][A

 54%|█████▍    | 325/600 [00:54<00:44,  6.21it/s][A

 54%|█████▍    | 326/600 [00:54<00:42,  6.44it/s][A

 55%|█████▍    | 327/600 [00:54<00:41,  6.53it/s][A

 55%|█████▍    | 328/600 [00:54<00:40,  6.69it/s][A

 55%|█████▍    | 329/600 [00:55<00:40,  6.75it/s][A

 55%|█████▌    | 330/600 [00:55<00:41,  6.43it/s][A

 55%|█████▌    | 331/600 [00:55<00:40,  6.60it/s][A

 55%|█████▌    | 332/600 [00:55<00:40,  6.68it/s][A

 56%|█████▌    | 333/600 [00:55<00:39,  6.78it/s][A

 56%|█████▌    | 334/600 [00:55<00:43,  6.17it/s][A

 56%|█████▌    | 335/600 [00:56<00:46,  5.72it/s][A

 56%|█████▌    | 336/600 [00:56<00:48,  5.50it/s][A

 56%|█████▌    | 337/600 [00:56<00:48,  5.47it/s][A

 56%|█████▋    | 338/600 [00:56<00:45,  5.77it/s][A

 56%|█████▋    | 339/600 [00:56<00:42,  6.09it/s][A

 57%|█████▋    | 340/600 [00:56<00:41,  6.32it/s][A

 57%|█████▋    | 341/600 [00:57<00:41,  6.23it/s][A

 57%|█████▋    | 342/600 [00:57<00:41,  6.15it/s][A

 57%|█████▋    | 343/600 [00:57<00:41,  6.17it/s][A

 57%|█████▋    | 344/600 [00:57<00:39,  6.41it/s][A

 57%|█████▊    | 345/600 [00:57<00:38,  6.60it/s][A

 58%|█████▊    | 346/600 [00:57<00:37,  6.71it/s][A

 58%|█████▊    | 347/600 [00:57<00:37,  6.82it/s][A

 58%|█████▊    | 348/600 [00:58<00:40,  6.24it/s][A

 58%|█████▊    | 349/600 [00:58<00:40,  6.17it/s][A

 58%|█████▊    | 350/600 [00:58<00:40,  6.14it/s][A

 58%|█████▊    | 351/600 [00:58<00:38,  6.42it/s][A

 59%|█████▊    | 352/600 [00:58<00:37,  6.55it/s][A

 59%|█████▉    | 353/600 [00:58<00:36,  6.68it/s][A

 59%|█████▉    | 354/600 [00:59<00:37,  6.51it/s][A

 59%|█████▉    | 355/600 [00:59<00:36,  6.65it/s][A

 59%|█████▉    | 356/600 [00:59<00:35,  6.79it/s][A

 60%|█████▉    | 357/600 [00:59<00:36,  6.66it/s][A

 60%|█████▉    | 358/600 [00:59<00:35,  6.78it/s][A

 60%|█████▉    | 359/600 [00:59<00:35,  6.70it/s][A

 60%|██████    | 360/600 [00:59<00:35,  6.71it/s][A

 60%|██████    | 361/600 [01:00<00:37,  6.38it/s][A

 60%|██████    | 362/600 [01:00<00:37,  6.35it/s][A

 60%|██████    | 363/600 [01:00<00:38,  6.18it/s][A

 61%|██████    | 364/600 [01:00<00:36,  6.45it/s][A

 61%|██████    | 365/600 [01:00<00:35,  6.63it/s][A

 61%|██████    | 366/600 [01:00<00:35,  6.66it/s][A

 61%|██████    | 367/600 [01:01<00:35,  6.65it/s][A

 61%|██████▏   | 368/600 [01:01<00:34,  6.78it/s][A

 62%|██████▏   | 369/600 [01:01<00:34,  6.70it/s][A

 62%|██████▏   | 370/600 [01:01<00:34,  6.59it/s][A

 62%|██████▏   | 371/600 [01:01<00:33,  6.74it/s][A

 62%|██████▏   | 372/600 [01:01<00:33,  6.85it/s][A

 62%|██████▏   | 373/600 [01:01<00:32,  7.00it/s][A

 62%|██████▏   | 374/600 [01:02<00:32,  6.93it/s][A

 62%|██████▎   | 375/600 [01:02<00:32,  6.92it/s][A

 63%|██████▎   | 376/600 [01:02<00:32,  6.86it/s][A

 63%|██████▎   | 377/600 [01:02<00:33,  6.72it/s][A

 63%|██████▎   | 378/600 [01:02<00:32,  6.84it/s][A

 63%|██████▎   | 379/600 [01:02<00:31,  6.91it/s][A

 63%|██████▎   | 380/600 [01:02<00:33,  6.58it/s][A

 64%|██████▎   | 381/600 [01:03<00:34,  6.31it/s][A

 64%|██████▎   | 382/600 [01:03<00:34,  6.34it/s][A

 64%|██████▍   | 383/600 [01:03<00:34,  6.27it/s][A

 64%|██████▍   | 384/600 [01:03<00:33,  6.39it/s][A

 64%|██████▍   | 385/600 [01:03<00:33,  6.49it/s][A

 64%|██████▍   | 386/600 [01:03<00:32,  6.66it/s][A

 64%|██████▍   | 387/600 [01:04<00:33,  6.41it/s][A

 65%|██████▍   | 388/600 [01:04<00:33,  6.25it/s][A

 65%|██████▍   | 389/600 [01:04<00:34,  6.16it/s][A

 65%|██████▌   | 390/600 [01:04<00:33,  6.30it/s][A

 65%|██████▌   | 391/600 [01:04<00:32,  6.36it/s][A

 65%|██████▌   | 392/600 [01:04<00:33,  6.18it/s][A

 66%|██████▌   | 393/600 [01:05<00:34,  6.07it/s][A

 66%|██████▌   | 394/600 [01:05<00:34,  5.96it/s][A

 66%|██████▌   | 395/600 [01:05<00:35,  5.84it/s][A

 66%|██████▌   | 396/600 [01:05<00:33,  6.00it/s][A

 66%|██████▌   | 397/600 [01:05<00:33,  5.98it/s][A

 66%|██████▋   | 398/600 [01:05<00:36,  5.54it/s][A

 66%|██████▋   | 399/600 [01:06<00:38,  5.28it/s][A

 67%|██████▋   | 400/600 [01:06<00:38,  5.21it/s][A

 67%|██████▋   | 401/600 [01:06<00:38,  5.23it/s][A

 67%|██████▋   | 402/600 [01:06<00:37,  5.24it/s][A

 67%|██████▋   | 403/600 [01:06<00:34,  5.69it/s][A

 67%|██████▋   | 404/600 [01:07<00:35,  5.54it/s][A

 68%|██████▊   | 405/600 [01:07<00:34,  5.71it/s][A

 68%|██████▊   | 406/600 [01:07<00:33,  5.82it/s][A

 68%|██████▊   | 407/600 [01:07<00:33,  5.84it/s][A

 68%|██████▊   | 408/600 [01:07<00:33,  5.81it/s][A

 68%|██████▊   | 409/600 [01:07<00:32,  5.84it/s][A

 68%|██████▊   | 410/600 [01:08<00:33,  5.66it/s][A

 68%|██████▊   | 411/600 [01:08<00:34,  5.48it/s][A

 69%|██████▊   | 412/600 [01:08<00:34,  5.52it/s][A

 69%|██████▉   | 413/600 [01:08<00:34,  5.48it/s][A

 69%|██████▉   | 414/600 [01:08<00:34,  5.37it/s][A

 69%|██████▉   | 415/600 [01:09<00:34,  5.40it/s][A

 69%|██████▉   | 416/600 [01:09<00:36,  5.10it/s][A

 70%|██████▉   | 417/600 [01:09<00:35,  5.20it/s][A

 70%|██████▉   | 418/600 [01:09<00:35,  5.16it/s][A

 70%|██████▉   | 419/600 [01:09<00:32,  5.58it/s][A

 70%|███████   | 420/600 [01:09<00:31,  5.65it/s][A

 70%|███████   | 421/600 [01:10<00:31,  5.68it/s][A

 70%|███████   | 422/600 [01:10<00:32,  5.54it/s][A

 70%|███████   | 423/600 [01:10<00:33,  5.21it/s][A

 71%|███████   | 424/600 [01:10<00:32,  5.36it/s][A

 71%|███████   | 425/600 [01:10<00:30,  5.69it/s][A

 71%|███████   | 426/600 [01:11<00:29,  5.88it/s][A

 71%|███████   | 427/600 [01:11<00:29,  5.84it/s][A

 71%|███████▏  | 428/600 [01:11<00:29,  5.91it/s][A

 72%|███████▏  | 429/600 [01:11<00:29,  5.84it/s][A

 72%|███████▏  | 430/600 [01:11<00:27,  6.07it/s][A

 72%|███████▏  | 431/600 [01:11<00:27,  6.10it/s][A

 72%|███████▏  | 432/600 [01:12<00:28,  5.96it/s][A

 72%|███████▏  | 433/600 [01:12<00:27,  6.17it/s][A

 72%|███████▏  | 434/600 [01:12<00:27,  6.02it/s][A

 72%|███████▎  | 435/600 [01:12<00:27,  5.99it/s][A

 73%|███████▎  | 436/600 [01:12<00:27,  5.92it/s][A

 73%|███████▎  | 437/600 [01:12<00:27,  6.02it/s][A

 73%|███████▎  | 438/600 [01:13<00:27,  5.92it/s][A

 73%|███████▎  | 439/600 [01:13<00:27,  5.92it/s][A

 73%|███████▎  | 440/600 [01:13<00:26,  6.14it/s][A

 74%|███████▎  | 441/600 [01:13<00:25,  6.17it/s][A

 74%|███████▎  | 442/600 [01:13<00:25,  6.29it/s][A

 74%|███████▍  | 443/600 [01:13<00:25,  6.26it/s][A

 74%|███████▍  | 444/600 [01:13<00:25,  6.24it/s][A

 74%|███████▍  | 445/600 [01:14<00:25,  6.20it/s][A

 74%|███████▍  | 446/600 [01:14<00:25,  6.06it/s][A

 74%|███████▍  | 447/600 [01:14<00:24,  6.18it/s][A

 75%|███████▍  | 448/600 [01:14<00:24,  6.30it/s][A

 75%|███████▍  | 449/600 [01:14<00:23,  6.37it/s][A

 75%|███████▌  | 450/600 [01:14<00:23,  6.39it/s][A

 75%|███████▌  | 451/600 [01:15<00:23,  6.34it/s][A

 75%|███████▌  | 452/600 [01:15<00:24,  5.97it/s][A

 76%|███████▌  | 453/600 [01:15<00:24,  6.05it/s][A

 76%|███████▌  | 454/600 [01:15<00:23,  6.12it/s][A

 76%|███████▌  | 455/600 [01:15<00:24,  5.87it/s][A

 76%|███████▌  | 456/600 [01:15<00:23,  6.03it/s][A

 76%|███████▌  | 457/600 [01:16<00:23,  6.12it/s][A

 76%|███████▋  | 458/600 [01:16<00:22,  6.23it/s][A

 76%|███████▋  | 459/600 [01:16<00:22,  6.36it/s][A

 77%|███████▋  | 460/600 [01:16<00:21,  6.45it/s][A

 77%|███████▋  | 461/600 [01:16<00:20,  6.63it/s][A

 77%|███████▋  | 462/600 [01:16<00:20,  6.63it/s][A

 77%|███████▋  | 463/600 [01:17<00:20,  6.61it/s][A

 77%|███████▋  | 464/600 [01:17<00:23,  5.90it/s][A

 78%|███████▊  | 465/600 [01:17<00:22,  5.90it/s][A

 78%|███████▊  | 466/600 [01:17<00:22,  5.99it/s][A

 78%|███████▊  | 467/600 [01:17<00:21,  6.22it/s][A

 78%|███████▊  | 468/600 [01:17<00:20,  6.47it/s][A

 78%|███████▊  | 469/600 [01:17<00:19,  6.59it/s][A

 78%|███████▊  | 470/600 [01:18<00:19,  6.73it/s][A

 78%|███████▊  | 471/600 [01:18<00:20,  6.34it/s][A

 79%|███████▊  | 472/600 [01:18<00:19,  6.49it/s][A

 79%|███████▉  | 473/600 [01:18<00:19,  6.53it/s][A

 79%|███████▉  | 474/600 [01:18<00:18,  6.67it/s][A

 79%|███████▉  | 475/600 [01:18<00:18,  6.80it/s][A

 79%|███████▉  | 476/600 [01:19<00:18,  6.59it/s][A

 80%|███████▉  | 477/600 [01:19<00:19,  6.45it/s][A

 80%|███████▉  | 478/600 [01:19<00:18,  6.45it/s][A

 80%|███████▉  | 479/600 [01:19<00:19,  6.10it/s][A

 80%|████████  | 480/600 [01:19<00:19,  6.12it/s][A

 80%|████████  | 481/600 [01:19<00:18,  6.32it/s][A

 80%|████████  | 482/600 [01:20<00:18,  6.53it/s][A

 80%|████████  | 483/600 [01:20<00:17,  6.59it/s][A

 81%|████████  | 484/600 [01:20<00:17,  6.72it/s][A

 81%|████████  | 485/600 [01:20<00:17,  6.72it/s][A

 81%|████████  | 486/600 [01:20<00:17,  6.46it/s][A

 81%|████████  | 487/600 [01:20<00:17,  6.57it/s][A

 81%|████████▏ | 488/600 [01:20<00:16,  6.66it/s][A

 82%|████████▏ | 489/600 [01:21<00:17,  6.51it/s][A

 82%|████████▏ | 490/600 [01:21<00:17,  6.42it/s][A

 82%|████████▏ | 491/600 [01:21<00:16,  6.53it/s][A

 82%|████████▏ | 492/600 [01:21<00:16,  6.60it/s][A

 82%|████████▏ | 493/600 [01:21<00:15,  6.72it/s][A

 82%|████████▏ | 494/600 [01:21<00:15,  6.80it/s][A

 82%|████████▎ | 495/600 [01:21<00:15,  6.86it/s][A

 83%|████████▎ | 496/600 [01:22<00:15,  6.80it/s][A

 83%|████████▎ | 497/600 [01:22<00:15,  6.53it/s][A

 83%|████████▎ | 498/600 [01:22<00:15,  6.44it/s][A

 83%|████████▎ | 499/600 [01:22<00:15,  6.53it/s][A

 83%|████████▎ | 500/600 [01:22<00:15,  6.59it/s][A

 84%|████████▎ | 501/600 [01:22<00:14,  6.74it/s][A

 84%|████████▎ | 502/600 [01:23<00:14,  6.82it/s][A

 84%|████████▍ | 503/600 [01:23<00:14,  6.55it/s][A

 84%|████████▍ | 504/600 [01:23<00:14,  6.49it/s][A

 84%|████████▍ | 505/600 [01:23<00:14,  6.49it/s][A

 84%|████████▍ | 506/600 [01:23<00:14,  6.64it/s][A

 84%|████████▍ | 507/600 [01:23<00:13,  6.76it/s][A

 85%|████████▍ | 508/600 [01:23<00:13,  6.87it/s][A

 85%|████████▍ | 509/600 [01:24<00:13,  6.98it/s][A

 85%|████████▌ | 510/600 [01:24<00:13,  6.83it/s][A

 85%|████████▌ | 511/600 [01:24<00:12,  6.86it/s][A

 85%|████████▌ | 512/600 [01:24<00:12,  6.84it/s][A

 86%|████████▌ | 513/600 [01:24<00:12,  6.73it/s][A

 86%|████████▌ | 514/600 [01:24<00:12,  6.82it/s][A

 86%|████████▌ | 515/600 [01:24<00:12,  6.91it/s][A

 86%|████████▌ | 516/600 [01:25<00:12,  6.61it/s][A

 86%|████████▌ | 517/600 [01:25<00:12,  6.53it/s][A

 86%|████████▋ | 518/600 [01:25<00:12,  6.35it/s][A

 86%|████████▋ | 519/600 [01:25<00:12,  6.46it/s][A

 87%|████████▋ | 520/600 [01:25<00:12,  6.57it/s][A

 87%|████████▋ | 521/600 [01:25<00:11,  6.71it/s][A

 87%|████████▋ | 522/600 [01:26<00:11,  6.81it/s][A

 87%|████████▋ | 523/600 [01:26<00:11,  6.89it/s][A

 87%|████████▋ | 524/600 [01:26<00:12,  6.25it/s][A

 88%|████████▊ | 525/600 [01:26<00:12,  5.93it/s][A

 88%|████████▊ | 526/600 [01:26<00:12,  5.93it/s][A

 88%|████████▊ | 527/600 [01:26<00:11,  6.13it/s][A

 88%|████████▊ | 528/600 [01:26<00:11,  6.25it/s][A

 88%|████████▊ | 529/600 [01:27<00:11,  5.95it/s][A

 88%|████████▊ | 530/600 [01:27<00:12,  5.71it/s][A

 88%|████████▊ | 531/600 [01:27<00:13,  5.31it/s][A

 89%|████████▊ | 532/600 [01:27<00:12,  5.24it/s][A

 89%|████████▉ | 533/600 [01:27<00:12,  5.44it/s][A

 89%|████████▉ | 534/600 [01:28<00:12,  5.46it/s][A

 89%|████████▉ | 535/600 [01:28<00:12,  5.22it/s][A

 89%|████████▉ | 536/600 [01:28<00:12,  5.25it/s][A

 90%|████████▉ | 537/600 [01:28<00:11,  5.27it/s][A

 90%|████████▉ | 538/600 [01:28<00:11,  5.46it/s][A

 90%|████████▉ | 539/600 [01:29<00:11,  5.52it/s][A

 90%|█████████ | 540/600 [01:29<00:10,  5.51it/s][A

 90%|█████████ | 541/600 [01:29<00:10,  5.75it/s][A

 90%|█████████ | 542/600 [01:29<00:10,  5.51it/s][A

 90%|█████████ | 543/600 [01:29<00:10,  5.59it/s][A

 91%|█████████ | 544/600 [01:29<00:10,  5.33it/s][A

 91%|█████████ | 545/600 [01:30<00:10,  5.42it/s][A

 91%|█████████ | 546/600 [01:30<00:10,  5.23it/s][A

 91%|█████████ | 547/600 [01:30<00:09,  5.42it/s][A

 91%|█████████▏| 548/600 [01:30<00:08,  5.79it/s][A

 92%|█████████▏| 549/600 [01:30<00:09,  5.64it/s][A

 92%|█████████▏| 550/600 [01:31<00:08,  5.82it/s][A

 92%|█████████▏| 551/600 [01:31<00:08,  6.10it/s][A

 92%|█████████▏| 552/600 [01:31<00:08,  5.45it/s][A

 92%|█████████▏| 553/600 [01:31<00:08,  5.35it/s][A

 92%|█████████▏| 554/600 [01:31<00:08,  5.44it/s][A

 92%|█████████▎| 555/600 [01:31<00:07,  5.76it/s][A

 93%|█████████▎| 556/600 [01:32<00:07,  6.08it/s][A

 93%|█████████▎| 557/600 [01:32<00:07,  5.81it/s][A

 93%|█████████▎| 558/600 [01:32<00:07,  5.90it/s][A

 93%|█████████▎| 559/600 [01:32<00:06,  6.18it/s][A

 93%|█████████▎| 560/600 [01:32<00:06,  6.32it/s][A

 94%|█████████▎| 561/600 [01:32<00:05,  6.56it/s][A

 94%|█████████▎| 562/600 [01:33<00:05,  6.60it/s][A

 94%|█████████▍| 563/600 [01:33<00:05,  6.71it/s][A

 94%|█████████▍| 564/600 [01:33<00:05,  6.55it/s][A

 94%|█████████▍| 565/600 [01:33<00:05,  6.54it/s][A

 94%|█████████▍| 566/600 [01:33<00:05,  6.55it/s][A

 94%|█████████▍| 567/600 [01:33<00:05,  6.52it/s][A

 95%|█████████▍| 568/600 [01:33<00:04,  6.54it/s][A

 95%|█████████▍| 569/600 [01:34<00:04,  6.36it/s][A

 95%|█████████▌| 570/600 [01:34<00:04,  6.35it/s][A

 95%|█████████▌| 571/600 [01:34<00:04,  6.26it/s][A

 95%|█████████▌| 572/600 [01:34<00:04,  6.41it/s][A

 96%|█████████▌| 573/600 [01:34<00:04,  6.40it/s][A

 96%|█████████▌| 574/600 [01:34<00:03,  6.62it/s][A

 96%|█████████▌| 575/600 [01:35<00:03,  6.71it/s][A

 96%|█████████▌| 576/600 [01:35<00:03,  6.74it/s][A

 96%|█████████▌| 577/600 [01:35<00:03,  6.60it/s][A

 96%|█████████▋| 578/600 [01:35<00:03,  6.49it/s][A

 96%|█████████▋| 579/600 [01:35<00:03,  6.46it/s][A

 97%|█████████▋| 580/600 [01:35<00:03,  6.17it/s][A

 97%|█████████▋| 581/600 [01:35<00:02,  6.36it/s][A

 97%|█████████▋| 582/600 [01:36<00:02,  6.36it/s][A

 97%|█████████▋| 583/600 [01:36<00:02,  6.36it/s][A

 97%|█████████▋| 584/600 [01:36<00:02,  6.27it/s][A

 98%|█████████▊| 585/600 [01:36<00:02,  6.34it/s][A

 98%|█████████▊| 586/600 [01:36<00:02,  6.30it/s][A

 98%|█████████▊| 587/600 [01:36<00:02,  6.33it/s][A

 98%|█████████▊| 588/600 [01:37<00:01,  6.55it/s][A

 98%|█████████▊| 589/600 [01:37<00:01,  6.43it/s][A

 98%|█████████▊| 590/600 [01:37<00:01,  6.58it/s][A

 98%|█████████▊| 591/600 [01:37<00:01,  6.53it/s][A

 99%|█████████▊| 592/600 [01:37<00:01,  6.67it/s][A

 99%|█████████▉| 593/600 [01:37<00:01,  6.74it/s][A

 99%|█████████▉| 594/600 [01:37<00:00,  6.77it/s][A

 99%|█████████▉| 595/600 [01:38<00:00,  6.31it/s][A

 99%|█████████▉| 596/600 [01:38<00:00,  6.34it/s][A

100%|█████████▉| 597/600 [01:38<00:00,  6.23it/s][A

100%|█████████▉| 598/600 [01:38<00:00,  6.42it/s][A

100%|█████████▉| 599/600 [01:38<00:00,  6.59it/s][A

100%|██████████| 600/600 [01:38<00:00,  6.72it/s][A
                                                       


                                                 
[A
 55%|█████▍    | 2400/4384 [4:35:57<3:08:44,  5.71s/it]

100%|██████████| 600/600 [01:38<00:00,  6.72it/s][A

                                                 [A
 55%|█████▍    | 2401/4384 [4:36:04<19:40:17, 35.71s/it]
 55%|█████▍    | 2402/4384 [4:36:09<14:41:07, 26.67s/it]
 55%|█████▍    | 2403/4384 [4:36:15<11:10:09, 20.30s/it]
 55%|█████▍    | 2404/4384 [4:36:21<8:48:23, 16.01s/it] 
 55%|█████▍    | 2405/4384 [4:36:27<7:10:53, 13.06s/it]
 55%|█████▍    | 2406/4384 [4:36:33<6:04:31, 11.06s/it]
 55%|█████▍    | 2407/4384 [4:36:39<5:11:10,  9.44s/it]
 55%|█████▍    | 2408/4384 [4:36:44<4:31:58,  8.26s/it]
 55%|█████▍    | 2409/4384 [4:36:50<4:06:53,  7.50s/it]
 55%|█████▍    | 2410/4384 [4:36:56<3:49:48,  6.99s/it]
 55%|█████▍    | 2411/4384 [4:37:02<3:40:48,  6.71s/it]
 55%|█████▌    | 2412/4384 [4:37:08<3:31:41,  6.44s/it]
 55%|█████▌    | 2413/4384 [4:37:13<3:21:11,  6.12s/it]
 55%|█████▌    | 2414/4384 [4:37:19<3:14:55,  5.94s/it]
 55%|█████▌    | 2415/4384 [4:37:24<3:12:11,  5.86s/it]
 55%|█████▌    | 2416/4384 [4:37:30<3:13:50,  5.91s/it]
 55%|█████▌    | 2417/4384 [4:37:36<3:13:18,  5.90s/it]
 55%|█████▌    | 2418/4384 [4:37:42<3:17:15,  6.02s/it]
 55%|█████▌    | 2419/4384 [4:37:48<3:13:20,  5.90s/it]
 55%|█████▌    | 2420/4384 [4:37:54<3:10:52,  5.83s/it]
                                                       

 55%|█████▌    | 2420/4384 [4:37:54<3:10:52,  5.83s/it]
 55%|█████▌    | 2421/4384 [4:37:59<3:07:28,  5.73s/it]
 55%|█████▌    | 2422/4384 [4:38:05<3:05:16,  5.67s/it]
 55%|█████▌    | 2423/4384 [4:38:11<3:07:03,  5.72s/it]
 55%|█████▌    | 2424/4384 [4:38:17<3:10:51,  5.84s/it]
 55%|█████▌    | 2425/4384 [4:38:23<3:14:05,  5.94s/it]
 55%|█████▌    | 2426/4384 [4:38:29<3:15:26,  5.99s/it]
 55%|█████▌    | 2427/4384 [4:38:35<3:15:43,  6.00s/it]
 55%|█████▌    | 2428/4384 [4:38:41<3:13:56,  5.95s/it]
 55%|█████▌    | 2429/4384 [4:38:47<3:11:25,  5.88s/it]
 55%|█████▌    | 2430/4384 [4:38:53<3:14:49,  5.98s/it]
 55%|█████▌    | 2431/4384 [4:38:59<3:16:49,  6.05s/it]
 55%|█████▌    | 2432/4384 [4:39:04<3:10:56,  5.87s/it]
 55%|█████▌    | 2433/4384 [4:39:10<3:08:19,  5.79s/it]
 56%|█████▌    | 2434/4384 [4:39:16<3:11:42,  5.90s/it]
 56%|█████▌    | 2435/4384 [4:39:22<3:13:32,  5.96s/it]
 56%|█████▌    | 2436/4384 [4:39:28<3:12:11,  5.92s/it]
 56%|█████▌    | 2437/4384 [4:39:34<3:11:48,  5.91s/it]
 56%|█████▌    | 2438/4384 [4:39:40<3:10:10,  5.86s/it]
 56%|█████▌    | 2439/4384 [4:39:46<3:09:20,  5.84s/it]
 56%|█████▌    | 2440/4384 [4:39:51<3:06:22,  5.75s/it]
                                                       

 56%|█████▌    | 2440/4384 [4:39:51<3:06:22,  5.75s/it]
 56%|█████▌    | 2441/4384 [4:39:57<3:04:42,  5.70s/it]
 56%|█████▌    | 2442/4384 [4:40:02<3:04:29,  5.70s/it]
 56%|█████▌    | 2443/4384 [4:40:09<3:08:15,  5.82s/it]
 56%|█████▌    | 2444/4384 [4:40:15<3:10:55,  5.90s/it]
 56%|█████▌    | 2445/4384 [4:40:21<3:13:35,  5.99s/it]
 56%|█████▌    | 2446/4384 [4:40:26<3:09:11,  5.86s/it]
 56%|█████▌    | 2447/4384 [4:40:32<3:07:56,  5.82s/it]
 56%|█████▌    | 2448/4384 [4:40:38<3:05:09,  5.74s/it]
 56%|█████▌    | 2449/4384 [4:40:44<3:08:54,  5.86s/it]
 56%|█████▌    | 2450/4384 [4:40:50<3:10:49,  5.92s/it]
 56%|█████▌    | 2451/4384 [4:40:55<3:06:05,  5.78s/it]
 56%|█████▌    | 2452/4384 [4:41:01<3:05:01,  5.75s/it]
 56%|█████▌    | 2453/4384 [4:41:07<3:07:38,  5.83s/it]
 56%|█████▌    | 2454/4384 [4:41:13<3:06:31,  5.80s/it]
 56%|█████▌    | 2455/4384 [4:41:18<3:04:50,  5.75s/it]
 56%|█████▌    | 2456/4384 [4:41:25<3:09:48,  5.91s/it]
 56%|█████▌    | 2457/4384 [4:41:30<3:08:59,  5.88s/it]
 56%|█████▌    | 2458/4384 [4:41:36<3:06:03,  5.80s/it]
 56%|█████▌    | 2459/4384 [4:41:42<3:03:23,  5.72s/it]
 56%|█████▌    | 2460/4384 [4:41:47<3:03:37,  5.73s/it]
                                                       

 56%|█████▌    | 2460/4384 [4:41:47<3:03:37,  5.73s/it]
 56%|█████▌    | 2461/4384 [4:41:53<3:00:06,  5.62s/it]
 56%|█████▌    | 2462/4384 [4:41:59<3:02:29,  5.70s/it]
 56%|█████▌    | 2463/4384 [4:42:05<3:07:12,  5.85s/it]
 56%|█████▌    | 2464/4384 [4:42:11<3:07:47,  5.87s/it]
 56%|█████▌    | 2465/4384 [4:42:16<3:05:55,  5.81s/it]
 56%|█████▋    | 2466/4384 [4:42:22<3:04:29,  5.77s/it]
 56%|█████▋    | 2467/4384 [4:42:28<3:02:50,  5.72s/it]
 56%|█████▋    | 2468/4384 [4:42:33<2:59:58,  5.64s/it]
 56%|█████▋    | 2469/4384 [4:42:39<3:03:43,  5.76s/it]
 56%|█████▋    | 2470/4384 [4:42:45<3:04:33,  5.79s/it]
 56%|█████▋    | 2471/4384 [4:42:51<3:05:00,  5.80s/it]
 56%|█████▋    | 2472/4384 [4:42:56<3:01:00,  5.68s/it]
 56%|█████▋    | 2473/4384 [4:43:02<3:03:32,  5.76s/it]
 56%|█████▋    | 2474/4384 [4:43:08<3:06:21,  5.85s/it]
 56%|█████▋    | 2475/4384 [4:43:14<3:05:34,  5.83s/it]
 56%|█████▋    | 2476/4384 [4:43:20<3:06:48,  5.87s/it]
 57%|█████▋    | 2477/4384 [4:43:26<3:03:01,  5.76s/it]
 57%|█████▋    | 2478/4384 [4:43:31<3:03:39,  5.78s/it]
 57%|█████▋    | 2479/4384 [4:43:37<3:00:45,  5.69s/it]
 57%|█████▋    | 2480/4384 [4:43:42<2:58:43,  5.63s/it]
                                                       

 57%|█████▋    | 2480/4384 [4:43:42<2:58:43,  5.63s/it]
 57%|█████▋    | 2481/4384 [4:43:48<2:57:30,  5.60s/it]
 57%|█████▋    | 2482/4384 [4:43:54<3:01:37,  5.73s/it]
 57%|█████▋    | 2483/4384 [4:44:00<3:05:55,  5.87s/it]
 57%|█████▋    | 2484/4384 [4:44:06<3:06:57,  5.90s/it]
 57%|█████▋    | 2485/4384 [4:44:12<3:08:29,  5.96s/it]
 57%|█████▋    | 2486/4384 [4:44:18<3:05:24,  5.86s/it]
 57%|█████▋    | 2487/4384 [4:44:23<3:01:34,  5.74s/it]
 57%|█████▋    | 2488/4384 [4:44:29<3:01:27,  5.74s/it]
 57%|█████▋    | 2489/4384 [4:44:35<3:07:22,  5.93s/it]
 57%|█████▋    | 2490/4384 [4:44:41<3:04:55,  5.86s/it]
 57%|█████▋    | 2491/4384 [4:44:46<3:00:42,  5.73s/it]
 57%|█████▋    | 2492/4384 [4:44:52<2:59:58,  5.71s/it]
 57%|█████▋    | 2493/4384 [4:44:58<2:57:55,  5.65s/it]
 57%|█████▋    | 2494/4384 [4:45:03<2:58:44,  5.67s/it]
 57%|█████▋    | 2495/4384 [4:45:10<3:05:05,  5.88s/it]
 57%|█████▋    | 2496/4384 [4:45:16<3:05:57,  5.91s/it]
 57%|█████▋    | 2497/4384 [4:45:21<3:01:48,  5.78s/it]
 57%|█████▋    | 2498/4384 [4:45:27<2:59:49,  5.72s/it]
 57%|█████▋    | 2499/4384 [4:45:32<2:59:23,  5.71s/it]
 57%|█████▋    | 2500/4384 [4:45:38<2:58:48,  5.69s/it]
                                                       

 57%|█████▋    | 2500/4384 [4:45:38<2:58:48,  5.69s/it]
 57%|█████▋    | 2501/4384 [4:45:44<2:57:03,  5.64s/it]
 57%|█████▋    | 2502/4384 [4:45:50<3:00:58,  5.77s/it]
 57%|█████▋    | 2503/4384 [4:45:56<3:06:00,  5.93s/it]
 57%|█████▋    | 2504/4384 [4:46:02<3:03:32,  5.86s/it]
 57%|█████▋    | 2505/4384 [4:46:07<3:01:32,  5.80s/it]
 57%|█████▋    | 2506/4384 [4:46:13<2:59:00,  5.72s/it]
 57%|█████▋    | 2507/4384 [4:46:19<2:59:03,  5.72s/it]
 57%|█████▋    | 2508/4384 [4:46:24<2:57:36,  5.68s/it]
 57%|█████▋    | 2509/4384 [4:46:30<3:00:37,  5.78s/it]
 57%|█████▋    | 2510/4384 [4:46:36<3:00:07,  5.77s/it]
 57%|█████▋    | 2511/4384 [4:46:42<2:59:13,  5.74s/it]
 57%|█████▋    | 2512/4384 [4:46:47<2:55:46,  5.63s/it]
 57%|█████▋    | 2513/4384 [4:46:53<2:55:17,  5.62s/it]
 57%|█████▋    | 2514/4384 [4:46:59<2:57:54,  5.71s/it]
 57%|█████▋    | 2515/4384 [4:47:04<3:00:03,  5.78s/it]
 57%|█████▋    | 2516/4384 [4:47:10<3:00:09,  5.79s/it]
 57%|█████▋    | 2517/4384 [4:47:16<2:57:44,  5.71s/it]
 57%|█████▋    | 2518/4384 [4:47:21<2:57:25,  5.70s/it]
 57%|█████▋    | 2519/4384 [4:47:27<2:56:19,  5.67s/it]
 57%|█████▋    | 2520/4384 [4:47:33<2:54:37,  5.62s/it]
                                                       

 57%|█████▋    | 2520/4384 [4:47:33<2:54:37,  5.62s/it]
 58%|█████▊    | 2521/4384 [4:47:38<2:54:43,  5.63s/it]
 58%|█████▊    | 2522/4384 [4:47:44<2:59:54,  5.80s/it]
 58%|█████▊    | 2523/4384 [4:47:50<3:01:47,  5.86s/it]
 58%|█████▊    | 2524/4384 [4:47:56<3:02:50,  5.90s/it]
 58%|█████▊    | 2525/4384 [4:48:02<3:04:20,  5.95s/it]
 58%|█████▊    | 2526/4384 [4:48:08<3:00:21,  5.82s/it]
 58%|█████▊    | 2527/4384 [4:48:14<2:57:51,  5.75s/it]
 58%|█████▊    | 2528/4384 [4:48:20<3:00:27,  5.83s/it]
 58%|█████▊    | 2529/4384 [4:48:25<3:00:47,  5.85s/it]
 58%|█████▊    | 2530/4384 [4:48:31<2:58:07,  5.76s/it]
 58%|█████▊    | 2531/4384 [4:48:37<2:55:04,  5.67s/it]
 58%|█████▊    | 2532/4384 [4:48:42<2:54:08,  5.64s/it]
 58%|█████▊    | 2533/4384 [4:48:48<2:52:59,  5.61s/it]
 58%|█████▊    | 2534/4384 [4:48:54<2:55:46,  5.70s/it]
 58%|█████▊    | 2535/4384 [4:49:00<3:00:28,  5.86s/it]
 58%|█████▊    | 2536/4384 [4:49:06<3:01:29,  5.89s/it]
 58%|█████▊    | 2537/4384 [4:49:11<2:56:46,  5.74s/it]
 58%|█████▊    | 2538/4384 [4:49:16<2:52:35,  5.61s/it]
 58%|█████▊    | 2539/4384 [4:49:22<2:54:21,  5.67s/it]
 58%|█████▊    | 2540/4384 [4:49:28<2:50:44,  5.56s/it]
                                                       

 58%|█████▊    | 2540/4384 [4:49:28<2:50:44,  5.56s/it]
 58%|█████▊    | 2541/4384 [4:49:34<2:55:02,  5.70s/it]
 58%|█████▊    | 2542/4384 [4:49:39<2:56:24,  5.75s/it]
 58%|█████▊    | 2543/4384 [4:49:46<3:00:19,  5.88s/it]
 58%|█████▊    | 2544/4384 [4:49:52<3:02:37,  5.96s/it]
 58%|█████▊    | 2545/4384 [4:49:57<2:58:35,  5.83s/it]
 58%|█████▊    | 2546/4384 [4:50:03<2:56:46,  5.77s/it]
 58%|█████▊    | 2547/4384 [4:50:09<2:55:59,  5.75s/it]
 58%|█████▊    | 2548/4384 [4:50:15<2:58:34,  5.84s/it]
 58%|█████▊    | 2549/4384 [4:50:20<2:57:08,  5.79s/it]
 58%|█████▊    | 2550/4384 [4:50:26<2:56:59,  5.79s/it]
 58%|█████▊    | 2551/4384 [4:50:32<2:54:59,  5.73s/it]
 58%|█████▊    | 2552/4384 [4:50:37<2:54:34,  5.72s/it]
 58%|█████▊    | 2553/4384 [4:50:43<2:55:25,  5.75s/it]
 58%|█████▊    | 2554/4384 [4:50:50<3:00:52,  5.93s/it]
 58%|█████▊    | 2555/4384 [4:50:56<3:01:09,  5.94s/it]
 58%|█████▊    | 2556/4384 [4:51:01<3:00:09,  5.91s/it]
 58%|█████▊    | 2557/4384 [4:51:07<2:56:09,  5.79s/it]
 58%|█████▊    | 2558/4384 [4:51:13<2:55:42,  5.77s/it]
 58%|█████▊    | 2559/4384 [4:51:18<2:53:50,  5.72s/it]
 58%|█████▊    | 2560/4384 [4:51:23<2:48:55,  5.56s/it]
                                                       

 58%|█████▊    | 2560/4384 [4:51:23<2:48:55,  5.56s/it]
 58%|█████▊    | 2561/4384 [4:51:29<2:52:24,  5.67s/it]
 58%|█████▊    | 2562/4384 [4:51:35<2:55:21,  5.77s/it]
 58%|█████▊    | 2563/4384 [4:51:41<2:56:44,  5.82s/it]
 58%|█████▊    | 2564/4384 [4:51:47<2:56:00,  5.80s/it]
 59%|█████▊    | 2565/4384 [4:51:53<2:56:27,  5.82s/it]
 59%|█████▊    | 2566/4384 [4:51:58<2:53:34,  5.73s/it]
 59%|█████▊    | 2567/4384 [4:52:04<2:55:33,  5.80s/it]
 59%|█████▊    | 2568/4384 [4:52:11<2:59:07,  5.92s/it]
 59%|█████▊    | 2569/4384 [4:52:16<2:55:24,  5.80s/it]
 59%|█████▊    | 2570/4384 [4:52:21<2:51:20,  5.67s/it]
 59%|█████▊    | 2571/4384 [4:52:27<2:48:27,  5.57s/it]
 59%|█████▊    | 2572/4384 [4:52:33<2:52:26,  5.71s/it]
 59%|█████▊    | 2573/4384 [4:52:38<2:50:54,  5.66s/it]
 59%|█████▊    | 2574/4384 [4:52:45<2:59:13,  5.94s/it]
 59%|█████▊    | 2575/4384 [4:52:51<2:58:05,  5.91s/it]
 59%|█████▉    | 2576/4384 [4:52:57<2:57:19,  5.88s/it]
 59%|█████▉    | 2577/4384 [4:53:02<2:54:07,  5.78s/it]
 59%|█████▉    | 2578/4384 [4:53:08<2:52:26,  5.73s/it]
 59%|█████▉    | 2579/4384 [4:53:13<2:51:29,  5.70s/it]
 59%|█████▉    | 2580/4384 [4:53:19<2:51:32,  5.71s/it]
                                                       

 59%|█████▉    | 2580/4384 [4:53:19<2:51:32,  5.71s/it]
 59%|█████▉    | 2581/4384 [4:53:25<2:51:49,  5.72s/it]
 59%|█████▉    | 2582/4384 [4:53:31<2:53:02,  5.76s/it]
 59%|█████▉    | 2583/4384 [4:53:37<2:55:02,  5.83s/it]
 59%|█████▉    | 2584/4384 [4:53:42<2:53:11,  5.77s/it]
 59%|█████▉    | 2585/4384 [4:53:48<2:50:36,  5.69s/it]
 59%|█████▉    | 2586/4384 [4:53:53<2:48:51,  5.63s/it]
 59%|█████▉    | 2587/4384 [4:53:59<2:52:50,  5.77s/it]
 59%|█████▉    | 2588/4384 [4:54:05<2:54:59,  5.85s/it]
 59%|█████▉    | 2589/4384 [4:54:11<2:50:45,  5.71s/it]
 59%|█████▉    | 2590/4384 [4:54:16<2:49:56,  5.68s/it]
 59%|█████▉    | 2591/4384 [4:54:22<2:48:08,  5.63s/it]
 59%|█████▉    | 2592/4384 [4:54:28<2:47:48,  5.62s/it]
 59%|█████▉    | 2593/4384 [4:54:33<2:49:29,  5.68s/it]
 59%|█████▉    | 2594/4384 [4:54:40<2:54:22,  5.85s/it]
 59%|█████▉    | 2595/4384 [4:54:45<2:53:44,  5.83s/it]
 59%|█████▉    | 2596/4384 [4:54:51<2:50:56,  5.74s/it]
 59%|█████▉    | 2597/4384 [4:54:57<2:51:44,  5.77s/it]
 59%|█████▉    | 2598/4384 [4:55:02<2:50:20,  5.72s/it]
 59%|█████▉    | 2599/4384 [4:55:08<2:46:34,  5.60s/it]
 59%|█████▉    | 2600/4384 [4:55:13<2:47:42,  5.64s/it]
                                                       

 59%|█████▉    | 2600/4384 [4:55:13<2:47:42,  5.64s/it]
 59%|█████▉    | 2601/4384 [4:55:19<2:50:41,  5.74s/it]
 59%|█████▉    | 2602/4384 [4:55:25<2:50:36,  5.74s/it]
 59%|█████▉    | 2603/4384 [4:55:31<2:51:11,  5.77s/it]
 59%|█████▉    | 2604/4384 [4:55:37<2:48:57,  5.69s/it]
 59%|█████▉    | 2605/4384 [4:55:42<2:48:20,  5.68s/it]
 59%|█████▉    | 2606/4384 [4:55:47<2:45:04,  5.57s/it]
 59%|█████▉    | 2607/4384 [4:55:53<2:47:16,  5.65s/it]
 59%|█████▉    | 2608/4384 [4:55:59<2:50:46,  5.77s/it]
 60%|█████▉    | 2609/4384 [4:56:05<2:47:58,  5.68s/it]
 60%|█████▉    | 2610/4384 [4:56:10<2:47:09,  5.65s/it]
 60%|█████▉    | 2611/4384 [4:56:16<2:44:34,  5.57s/it]
 60%|█████▉    | 2612/4384 [4:56:21<2:44:18,  5.56s/it]
 60%|█████▉    | 2613/4384 [4:56:27<2:44:44,  5.58s/it]
 60%|█████▉    | 2614/4384 [4:56:33<2:50:08,  5.77s/it]
 60%|█████▉    | 2615/4384 [4:56:39<2:50:54,  5.80s/it]
 60%|█████▉    | 2616/4384 [4:56:45<2:48:46,  5.73s/it]
 60%|█████▉    | 2617/4384 [4:56:50<2:49:33,  5.76s/it]
 60%|█████▉    | 2618/4384 [4:56:56<2:46:15,  5.65s/it]
 60%|█████▉    | 2619/4384 [4:57:02<2:46:58,  5.68s/it]
 60%|█████▉    | 2620/4384 [4:57:07<2:48:30,  5.73s/it]
                                                       

 60%|█████▉    | 2620/4384 [4:57:07<2:48:30,  5.73s/it]
 60%|█████▉    | 2621/4384 [4:57:13<2:49:11,  5.76s/it]
 60%|█████▉    | 2622/4384 [4:57:19<2:47:20,  5.70s/it]
 60%|█████▉    | 2623/4384 [4:57:25<2:47:36,  5.71s/it]
 60%|█████▉    | 2624/4384 [4:57:30<2:46:09,  5.66s/it]
 60%|█████▉    | 2625/4384 [4:57:36<2:43:46,  5.59s/it]
 60%|█████▉    | 2626/4384 [4:57:41<2:43:01,  5.56s/it]
 60%|█████▉    | 2627/4384 [4:57:47<2:48:01,  5.74s/it]
 60%|█████▉    | 2628/4384 [4:57:53<2:47:37,  5.73s/it]
 60%|█████▉    | 2629/4384 [4:57:59<2:48:05,  5.75s/it]
 60%|█████▉    | 2630/4384 [4:58:04<2:47:44,  5.74s/it]
 60%|██████    | 2631/4384 [4:58:10<2:45:15,  5.66s/it]
 60%|██████    | 2632/4384 [4:58:16<2:46:19,  5.70s/it]
 60%|██████    | 2633/4384 [4:58:22<2:47:51,  5.75s/it]
 60%|██████    | 2634/4384 [4:58:28<2:52:41,  5.92s/it]
 60%|██████    | 2635/4384 [4:58:33<2:48:38,  5.79s/it]
 60%|██████    | 2636/4384 [4:58:39<2:46:24,  5.71s/it]
 60%|██████    | 2637/4384 [4:58:45<2:48:00,  5.77s/it]
 60%|██████    | 2638/4384 [4:58:50<2:46:27,  5.72s/it]
 60%|██████    | 2639/4384 [4:58:55<2:41:20,  5.55s/it]
 60%|██████    | 2640/4384 [4:59:01<2:44:08,  5.65s/it]
                                                       

 60%|██████    | 2640/4384 [4:59:01<2:44:08,  5.65s/it]
 60%|██████    | 2641/4384 [4:59:07<2:47:57,  5.78s/it]
 60%|██████    | 2642/4384 [4:59:13<2:48:47,  5.81s/it]
 60%|██████    | 2643/4384 [4:59:19<2:46:53,  5.75s/it]
 60%|██████    | 2644/4384 [4:59:25<2:46:16,  5.73s/it]
 60%|██████    | 2645/4384 [4:59:30<2:44:30,  5.68s/it]
 60%|██████    | 2646/4384 [4:59:36<2:45:43,  5.72s/it]
 60%|██████    | 2647/4384 [4:59:42<2:49:43,  5.86s/it]
 60%|██████    | 2648/4384 [4:59:48<2:50:04,  5.88s/it]
 60%|██████    | 2649/4384 [4:59:54<2:49:18,  5.86s/it]
 60%|██████    | 2650/4384 [5:00:00<2:47:43,  5.80s/it]
 60%|██████    | 2651/4384 [5:00:05<2:47:37,  5.80s/it]
 60%|██████    | 2652/4384 [5:00:11<2:45:22,  5.73s/it]
 61%|██████    | 2653/4384 [5:00:17<2:49:13,  5.87s/it]
 61%|██████    | 2654/4384 [5:00:23<2:51:49,  5.96s/it]
 61%|██████    | 2655/4384 [5:00:29<2:47:57,  5.83s/it]
 61%|██████    | 2656/4384 [5:00:35<2:47:11,  5.81s/it]
 61%|██████    | 2657/4384 [5:00:40<2:45:21,  5.75s/it]
 61%|██████    | 2658/4384 [5:00:46<2:43:56,  5.70s/it]
 61%|██████    | 2659/4384 [5:00:52<2:44:14,  5.71s/it]
 61%|██████    | 2660/4384 [5:00:57<2:45:02,  5.74s/it]
                                                       

 61%|██████    | 2660/4384 [5:00:57<2:45:02,  5.74s/it]
 61%|██████    | 2661/4384 [5:01:03<2:46:57,  5.81s/it]
 61%|██████    | 2662/4384 [5:01:09<2:47:39,  5.84s/it]
 61%|██████    | 2663/4384 [5:01:15<2:46:44,  5.81s/it]
 61%|██████    | 2664/4384 [5:01:21<2:44:33,  5.74s/it]
 61%|██████    | 2665/4384 [5:01:26<2:42:08,  5.66s/it]
 61%|██████    | 2666/4384 [5:01:32<2:43:16,  5.70s/it]
 61%|██████    | 2667/4384 [5:01:38<2:46:44,  5.83s/it]
 61%|██████    | 2668/4384 [5:01:44<2:44:14,  5.74s/it]
 61%|██████    | 2669/4384 [5:01:49<2:44:40,  5.76s/it]
 61%|██████    | 2670/4384 [5:01:55<2:42:32,  5.69s/it]
 61%|██████    | 2671/4384 [5:02:00<2:40:19,  5.62s/it]
 61%|██████    | 2672/4384 [5:02:06<2:40:31,  5.63s/it]
 61%|██████    | 2673/4384 [5:02:12<2:44:33,  5.77s/it]
 61%|██████    | 2674/4384 [5:02:18<2:46:21,  5.84s/it]
 61%|██████    | 2675/4384 [5:02:23<2:42:21,  5.70s/it]
 61%|██████    | 2676/4384 [5:02:29<2:40:37,  5.64s/it]
 61%|██████    | 2677/4384 [5:02:35<2:42:35,  5.71s/it]
 61%|██████    | 2678/4384 [5:02:40<2:38:25,  5.57s/it]
 61%|██████    | 2679/4384 [5:02:46<2:38:02,  5.56s/it]
 61%|██████    | 2680/4384 [5:02:52<2:42:28,  5.72s/it]
                                                       

 61%|██████    | 2680/4384 [5:02:52<2:42:28,  5.72s/it]
 61%|██████    | 2681/4384 [5:02:58<2:44:06,  5.78s/it]
 61%|██████    | 2682/4384 [5:03:03<2:43:20,  5.76s/it]
 61%|██████    | 2683/4384 [5:03:09<2:44:03,  5.79s/it]
 61%|██████    | 2684/4384 [5:03:15<2:43:13,  5.76s/it]
 61%|██████    | 2685/4384 [5:03:20<2:38:53,  5.61s/it]
 61%|██████▏   | 2686/4384 [5:03:26<2:41:30,  5.71s/it]
 61%|██████▏   | 2687/4384 [5:03:32<2:44:58,  5.83s/it]
 61%|██████▏   | 2688/4384 [5:03:38<2:43:56,  5.80s/it]
 61%|██████▏   | 2689/4384 [5:03:43<2:41:35,  5.72s/it]
 61%|██████▏   | 2690/4384 [5:03:49<2:40:18,  5.68s/it]
 61%|██████▏   | 2691/4384 [5:03:55<2:42:00,  5.74s/it]
 61%|██████▏   | 2692/4384 [5:04:01<2:41:43,  5.74s/it]
 61%|██████▏   | 2693/4384 [5:04:07<2:44:47,  5.85s/it]
 61%|██████▏   | 2694/4384 [5:04:12<2:43:20,  5.80s/it]
 61%|██████▏   | 2695/4384 [5:04:18<2:41:15,  5.73s/it]
 61%|██████▏   | 2696/4384 [5:04:24<2:40:23,  5.70s/it]
 62%|██████▏   | 2697/4384 [5:04:29<2:39:58,  5.69s/it]
 62%|██████▏   | 2698/4384 [5:04:35<2:37:03,  5.59s/it]
 62%|██████▏   | 2699/4384 [5:04:41<2:40:50,  5.73s/it]
 62%|██████▏   | 2700/4384 [5:04:47<2:43:54,  5.84s/it]
                                                       

{'eval_loss': '1.944', 'eval_runtime': '99.04', 'eval_samples_per_second': '12.12', 'eval_steps_per_second': '6.058', 'eval_entropy': '1.799', 'eval_num_tokens': '2.447e+07', 'eval_mean_token_accuracy': '0.5953', 'epoch': '1.095'}
 62%|██████▏   | 2700/4384 [5:04:47<2:43:54,  5.84s/it]
{'loss': '1.673', 'grad_norm': '1.496', 'learning_rate': '4.407e-05', 'entropy': '1.777', 'num_tokens': '2.467e+07', 'mean_token_accuracy': '0.6209', 'epoch': '1.104'}
{'loss': '1.654', 'grad_norm': '1.481', 'learning_rate': '4.333e-05', 'entropy': '1.741', 'num_tokens': '2.488e+07', 'mean_token_accuracy': '0.6319', 'epoch': '1.113'}
{'loss': '1.702', 'grad_norm': '1.54', 'learning_rate': '4.26e-05', 'entropy': '1.806', 'num_tokens': '2.508e+07', 'mean_token_accuracy': '0.6171', 'epoch': '1.122'}
{'loss': '1.663', 'grad_norm': '1.465', 'learning_rate': '4.187e-05', 'entropy': '1.749', 'num_tokens': '2.528e+07', 'mean_token_accuracy': '0.628', 'epoch': '1.131'}
{'loss': '1.607', 'grad_norm': '1.376', 'learning_rate': '4.114e-05', 'entropy': '1.707', 'num_tokens': '2.549e+07', 'mean_token_accuracy': '0.6404', 'epoch': '1.141'}
{'loss': '1.674', 'grad_norm': '1.576', 'learning_rate': '4.042e-05', 'entropy': '1.77', 'num_tokens': '2.569e+07', 'mean_token_accuracy': '0.6263', 'epoch': '1.15'}
{'loss': '1.658', 'grad_norm': '1.562', 'learning_rate': '3.969e-05', 'entropy': '1.76', 'num_tokens': '2.589e+07', 'mean_token_accuracy': '0.6286', 'epoch': '1.159'}
{'loss': '1.664', 'grad_norm': '1.58', 'learning_rate': '3.897e-05', 'entropy': '1.761', 'num_tokens': '2.61e+07', 'mean_token_accuracy': '0.6268', 'epoch': '1.168'}
{'loss': '1.682', 'grad_norm': '1.548', 'learning_rate': '3.825e-05', 'entropy': '1.776', 'num_tokens': '2.63e+07', 'mean_token_accuracy': '0.6247', 'epoch': '1.177'}
{'loss': '1.66', 'grad_norm': '1.44', 'learning_rate': '3.754e-05', 'entropy': '1.754', 'num_tokens': '2.651e+07', 'mean_token_accuracy': '0.6294', 'epoch': '1.186'}
{'loss': '1.617', 'grad_norm': '1.375', 'learning_rate': '3.682e-05', 'entropy': '1.73', 'num_tokens': '2.671e+07', 'mean_token_accuracy': '0.6372', 'epoch': '1.195'}
{'loss': '1.633', 'grad_norm': '1.543', 'learning_rate': '3.611e-05', 'entropy': '1.727', 'num_tokens': '2.692e+07', 'mean_token_accuracy': '0.6353', 'epoch': '1.204'}
{'loss': '1.632', 'grad_norm': '1.617', 'learning_rate': '3.54e-05', 'entropy': '1.723', 'num_tokens': '2.712e+07', 'mean_token_accuracy': '0.6299', 'epoch': '1.214'}
{'loss': '1.666', 'grad_norm': '1.503', 'learning_rate': '3.47e-05', 'entropy': '1.76', 'num_tokens': '2.732e+07', 'mean_token_accuracy': '0.6272', 'epoch': '1.223'}
{'loss': '1.671', 'grad_norm': '1.574', 'learning_rate': '3.4e-05', 'entropy': '1.769', 'num_tokens': '2.753e+07', 'mean_token_accuracy': '0.629', 'epoch': '1.232'}

  0%|          | 0/600 [00:00<?, ?it/s][A

  0%|          | 2/600 [00:00<00:42, 14.09it/s][A

  1%|          | 4/600 [00:00<01:12,  8.22it/s][A

  1%|          | 5/600 [00:00<01:21,  7.32it/s][A

  1%|          | 6/600 [00:00<01:28,  6.71it/s][A

  1%|          | 7/600 [00:00<01:31,  6.47it/s][A

  1%|▏         | 8/600 [00:01<01:42,  5.76it/s][A

  2%|▏         | 9/600 [00:01<01:52,  5.23it/s][A

  2%|▏         | 10/600 [00:01<01:46,  5.52it/s][A

  2%|▏         | 11/600 [00:01<01:47,  5.46it/s][A

  2%|▏         | 12/600 [00:01<01:51,  5.26it/s][A

  2%|▏         | 13/600 [00:02<01:50,  5.31it/s][A

  2%|▏         | 14/600 [00:02<01:52,  5.19it/s][A

  2%|▎         | 15/600 [00:02<01:49,  5.32it/s][A

  3%|▎         | 16/600 [00:02<01:50,  5.28it/s][A

  3%|▎         | 17/600 [00:02<01:44,  5.60it/s][A

  3%|▎         | 18/600 [00:03<01:51,  5.23it/s][A

  3%|▎         | 19/600 [00:03<01:43,  5.60it/s][A

  3%|▎         | 20/600 [00:03<01:49,  5.31it/s][A

  4%|▎         | 21/600 [00:03<01:54,  5.08it/s][A

  4%|▎         | 22/600 [00:03<01:54,  5.07it/s][A

  4%|▍         | 23/600 [00:04<01:54,  5.05it/s][A

  4%|▍         | 24/600 [00:04<01:53,  5.08it/s][A

  4%|▍         | 25/600 [00:04<01:46,  5.40it/s][A

  4%|▍         | 26/600 [00:04<01:41,  5.67it/s][A

  4%|▍         | 27/600 [00:04<01:39,  5.78it/s][A

  5%|▍         | 28/600 [00:04<01:46,  5.35it/s][A

  5%|▍         | 29/600 [00:05<01:50,  5.15it/s][A

  5%|▌         | 30/600 [00:05<01:47,  5.30it/s][A

  5%|▌         | 31/600 [00:05<01:50,  5.13it/s][A

  5%|▌         | 32/600 [00:05<01:47,  5.29it/s][A

  6%|▌         | 33/600 [00:05<01:41,  5.59it/s][A

  6%|▌         | 34/600 [00:06<01:37,  5.80it/s][A

  6%|▌         | 35/600 [00:06<01:38,  5.73it/s][A

  6%|▌         | 36/600 [00:06<01:37,  5.81it/s][A

  6%|▌         | 37/600 [00:06<01:34,  5.97it/s][A

  6%|▋         | 38/600 [00:06<01:34,  5.93it/s][A

  6%|▋         | 39/600 [00:06<01:34,  5.96it/s][A

  7%|▋         | 40/600 [00:07<01:34,  5.92it/s][A

  7%|▋         | 41/600 [00:07<01:31,  6.12it/s][A

  7%|▋         | 42/600 [00:07<01:31,  6.10it/s][A

  7%|▋         | 43/600 [00:07<01:30,  6.13it/s][A

  7%|▋         | 44/600 [00:07<01:29,  6.22it/s][A

  8%|▊         | 45/600 [00:07<01:28,  6.29it/s][A

  8%|▊         | 46/600 [00:07<01:24,  6.54it/s][A

  8%|▊         | 47/600 [00:08<01:25,  6.43it/s][A

  8%|▊         | 48/600 [00:08<01:27,  6.30it/s][A

  8%|▊         | 49/600 [00:08<01:29,  6.13it/s][A

  8%|▊         | 50/600 [00:08<01:30,  6.09it/s][A

  8%|▊         | 51/600 [00:08<01:30,  6.07it/s][A

  9%|▊         | 52/600 [00:08<01:26,  6.32it/s][A

  9%|▉         | 53/600 [00:09<01:26,  6.32it/s][A

  9%|▉         | 54/600 [00:09<01:27,  6.21it/s][A

  9%|▉         | 55/600 [00:09<01:28,  6.19it/s][A

  9%|▉         | 56/600 [00:09<01:29,  6.09it/s][A

 10%|▉         | 57/600 [00:09<01:26,  6.28it/s][A

 10%|▉         | 58/600 [00:09<01:26,  6.30it/s][A

 10%|▉         | 59/600 [00:10<01:27,  6.17it/s][A

 10%|█         | 60/600 [00:10<01:29,  6.05it/s][A

 10%|█         | 61/600 [00:10<01:28,  6.11it/s][A

 10%|█         | 62/600 [00:10<01:26,  6.21it/s][A

 10%|█         | 63/600 [00:10<01:26,  6.24it/s][A

 11%|█         | 64/600 [00:10<01:25,  6.25it/s][A

 11%|█         | 65/600 [00:11<01:24,  6.35it/s][A

 11%|█         | 66/600 [00:11<01:31,  5.83it/s][A

 11%|█         | 67/600 [00:11<01:30,  5.88it/s][A

 11%|█▏        | 68/600 [00:11<01:29,  5.92it/s][A

 12%|█▏        | 69/600 [00:11<01:28,  5.98it/s][A

 12%|█▏        | 70/600 [00:11<01:27,  6.03it/s][A

 12%|█▏        | 71/600 [00:12<01:29,  5.88it/s][A

 12%|█▏        | 72/600 [00:12<01:26,  6.10it/s][A

 12%|█▏        | 73/600 [00:12<01:22,  6.36it/s][A

 12%|█▏        | 74/600 [00:12<01:22,  6.35it/s][A

 12%|█▎        | 75/600 [00:12<01:21,  6.48it/s][A

 13%|█▎        | 76/600 [00:12<01:23,  6.30it/s][A

 13%|█▎        | 77/600 [00:13<01:29,  5.85it/s][A

 13%|█▎        | 78/600 [00:13<01:29,  5.83it/s][A

 13%|█▎        | 79/600 [00:13<01:25,  6.12it/s][A

 13%|█▎        | 80/600 [00:13<01:26,  6.04it/s][A

 14%|█▎        | 81/600 [00:13<01:22,  6.30it/s][A

 14%|█▎        | 82/600 [00:13<01:21,  6.38it/s][A

 14%|█▍        | 83/600 [00:14<01:20,  6.42it/s][A

 14%|█▍        | 84/600 [00:14<01:22,  6.24it/s][A

 14%|█▍        | 85/600 [00:14<01:25,  6.04it/s][A

 14%|█▍        | 86/600 [00:14<01:31,  5.64it/s][A

 14%|█▍        | 87/600 [00:14<01:31,  5.61it/s][A

 15%|█▍        | 88/600 [00:14<01:27,  5.88it/s][A

 15%|█▍        | 89/600 [00:15<01:26,  5.89it/s][A

 15%|█▌        | 90/600 [00:15<01:25,  5.99it/s][A

 15%|█▌        | 91/600 [00:15<01:21,  6.22it/s][A

 15%|█▌        | 92/600 [00:15<01:18,  6.45it/s][A

 16%|█▌        | 93/600 [00:15<01:20,  6.34it/s][A

 16%|█▌        | 94/600 [00:15<01:22,  6.12it/s][A

 16%|█▌        | 95/600 [00:16<01:20,  6.25it/s][A

 16%|█▌        | 96/600 [00:16<01:21,  6.19it/s][A

 16%|█▌        | 97/600 [00:16<01:19,  6.29it/s][A

 16%|█▋        | 98/600 [00:16<01:17,  6.46it/s][A

 16%|█▋        | 99/600 [00:16<01:16,  6.58it/s][A

 17%|█▋        | 100/600 [00:16<01:15,  6.62it/s][A

 17%|█▋        | 101/600 [00:16<01:14,  6.69it/s][A

 17%|█▋        | 102/600 [00:17<01:14,  6.69it/s][A

 17%|█▋        | 103/600 [00:17<01:15,  6.58it/s][A

 17%|█▋        | 104/600 [00:17<01:16,  6.47it/s][A

 18%|█▊        | 105/600 [00:17<01:17,  6.38it/s][A

 18%|█▊        | 106/600 [00:17<01:18,  6.29it/s][A

 18%|█▊        | 107/600 [00:17<01:18,  6.31it/s][A

 18%|█▊        | 108/600 [00:18<01:17,  6.37it/s][A

 18%|█▊        | 109/600 [00:18<01:15,  6.49it/s][A

 18%|█▊        | 110/600 [00:18<01:14,  6.59it/s][A

 18%|█▊        | 111/600 [00:18<01:17,  6.32it/s][A

 19%|█▊        | 112/600 [00:18<01:15,  6.50it/s][A

 19%|█▉        | 113/600 [00:18<01:17,  6.32it/s][A

 19%|█▉        | 114/600 [00:18<01:18,  6.16it/s][A

 19%|█▉        | 115/600 [00:19<01:18,  6.19it/s][A

 19%|█▉        | 116/600 [00:19<01:18,  6.20it/s][A

 20%|█▉        | 117/600 [00:19<01:16,  6.31it/s][A

 20%|█▉        | 118/600 [00:19<01:15,  6.42it/s][A

 20%|█▉        | 119/600 [00:19<01:13,  6.57it/s][A

 20%|██        | 120/600 [00:19<01:15,  6.38it/s][A

 20%|██        | 121/600 [00:20<01:15,  6.37it/s][A

 20%|██        | 122/600 [00:20<01:16,  6.26it/s][A

 20%|██        | 123/600 [00:20<01:17,  6.17it/s][A

 21%|██        | 124/600 [00:20<01:19,  6.02it/s][A

 21%|██        | 125/600 [00:20<01:17,  6.13it/s][A

 21%|██        | 126/600 [00:20<01:16,  6.22it/s][A

 21%|██        | 127/600 [00:21<01:14,  6.38it/s][A

 21%|██▏       | 128/600 [00:21<01:13,  6.45it/s][A

 22%|██▏       | 129/600 [00:21<01:10,  6.64it/s][A

 22%|██▏       | 130/600 [00:21<01:09,  6.77it/s][A

 22%|██▏       | 131/600 [00:21<01:08,  6.85it/s][A

 22%|██▏       | 132/600 [00:21<01:08,  6.82it/s][A

 22%|██▏       | 133/600 [00:21<01:09,  6.75it/s][A

 22%|██▏       | 134/600 [00:22<01:19,  5.83it/s][A

 22%|██▎       | 135/600 [00:22<01:18,  5.94it/s][A

 23%|██▎       | 136/600 [00:22<01:23,  5.53it/s][A

 23%|██▎       | 137/600 [00:22<01:29,  5.16it/s][A

 23%|██▎       | 138/600 [00:22<01:28,  5.20it/s][A

 23%|██▎       | 139/600 [00:23<01:26,  5.33it/s][A

 23%|██▎       | 140/600 [00:23<01:27,  5.25it/s][A

 24%|██▎       | 141/600 [00:23<01:27,  5.27it/s][A

 24%|██▎       | 142/600 [00:23<01:26,  5.28it/s][A

 24%|██▍       | 143/600 [00:23<01:23,  5.46it/s][A

 24%|██▍       | 144/600 [00:24<01:23,  5.46it/s][A

 24%|██▍       | 145/600 [00:24<01:23,  5.42it/s][A

 24%|██▍       | 146/600 [00:24<01:30,  5.03it/s][A

 24%|██▍       | 147/600 [00:24<01:24,  5.38it/s][A

 25%|██▍       | 148/600 [00:24<01:28,  5.12it/s][A

 25%|██▍       | 149/600 [00:24<01:21,  5.52it/s][A

 25%|██▌       | 150/600 [00:25<01:24,  5.33it/s][A

 25%|██▌       | 151/600 [00:25<01:22,  5.45it/s][A

 25%|██▌       | 152/600 [00:25<01:20,  5.59it/s][A

 26%|██▌       | 153/600 [00:25<01:20,  5.59it/s][A

 26%|██▌       | 154/600 [00:25<01:18,  5.66it/s][A

 26%|██▌       | 155/600 [00:26<01:23,  5.31it/s][A

 26%|██▌       | 156/600 [00:26<01:20,  5.49it/s][A

 26%|██▌       | 157/600 [00:26<01:19,  5.58it/s][A

 26%|██▋       | 158/600 [00:26<01:23,  5.30it/s][A

 26%|██▋       | 159/600 [00:26<01:18,  5.62it/s][A

 27%|██▋       | 160/600 [00:26<01:20,  5.47it/s][A

 27%|██▋       | 161/600 [00:27<01:22,  5.31it/s][A

 27%|██▋       | 162/600 [00:27<01:23,  5.21it/s][A

 27%|██▋       | 163/600 [00:27<01:19,  5.49it/s][A

 27%|██▋       | 164/600 [00:27<01:18,  5.55it/s][A

 28%|██▊       | 165/600 [00:27<01:21,  5.37it/s][A

 28%|██▊       | 166/600 [00:28<01:20,  5.39it/s][A

 28%|██▊       | 167/600 [00:28<01:15,  5.74it/s][A

 28%|██▊       | 168/600 [00:28<01:14,  5.83it/s][A

 28%|██▊       | 169/600 [00:28<01:12,  5.91it/s][A

 28%|██▊       | 170/600 [00:28<01:09,  6.16it/s][A

 28%|██▊       | 171/600 [00:28<01:08,  6.24it/s][A

 29%|██▊       | 172/600 [00:29<01:08,  6.23it/s][A

 29%|██▉       | 173/600 [00:29<01:09,  6.14it/s][A

 29%|██▉       | 174/600 [00:29<01:06,  6.37it/s][A

 29%|██▉       | 175/600 [00:29<01:06,  6.41it/s][A

 29%|██▉       | 176/600 [00:29<01:07,  6.26it/s][A

 30%|██▉       | 177/600 [00:29<01:07,  6.25it/s][A

 30%|██▉       | 178/600 [00:29<01:08,  6.19it/s][A

 30%|██▉       | 179/600 [00:30<01:09,  6.08it/s][A

 30%|███       | 180/600 [00:30<01:09,  6.08it/s][A

 30%|███       | 181/600 [00:30<01:07,  6.23it/s][A

 30%|███       | 182/600 [00:30<01:07,  6.19it/s][A

 30%|███       | 183/600 [00:30<01:06,  6.30it/s][A

 31%|███       | 184/600 [00:30<01:06,  6.22it/s][A

 31%|███       | 185/600 [00:31<01:06,  6.25it/s][A

 31%|███       | 186/600 [00:31<01:04,  6.44it/s][A

 31%|███       | 187/600 [00:31<01:04,  6.36it/s][A

 31%|███▏      | 188/600 [00:31<01:03,  6.47it/s][A

 32%|███▏      | 189/600 [00:31<01:04,  6.39it/s][A

 32%|███▏      | 190/600 [00:31<01:03,  6.44it/s][A

 32%|███▏      | 191/600 [00:32<01:04,  6.35it/s][A

 32%|███▏      | 192/600 [00:32<01:02,  6.57it/s][A

 32%|███▏      | 193/600 [00:32<01:02,  6.50it/s][A

 32%|███▏      | 194/600 [00:32<01:02,  6.52it/s][A

 32%|███▎      | 195/600 [00:32<01:02,  6.52it/s][A

 33%|███▎      | 196/600 [00:32<01:02,  6.46it/s][A

 33%|███▎      | 197/600 [00:32<01:04,  6.28it/s][A

 33%|███▎      | 198/600 [00:33<01:08,  5.89it/s][A

 33%|███▎      | 199/600 [00:33<01:07,  5.95it/s][A

 33%|███▎      | 200/600 [00:33<01:03,  6.28it/s][A

 34%|███▎      | 201/600 [00:33<01:03,  6.29it/s][A

 34%|███▎      | 202/600 [00:33<01:00,  6.52it/s][A

 34%|███▍      | 203/600 [00:33<01:00,  6.56it/s][A

 34%|███▍      | 204/600 [00:34<00:59,  6.63it/s][A

 34%|███▍      | 205/600 [00:34<01:00,  6.51it/s][A

 34%|███▍      | 206/600 [00:34<01:01,  6.41it/s][A

 34%|███▍      | 207/600 [00:34<01:03,  6.16it/s][A

 35%|███▍      | 208/600 [00:34<01:05,  6.03it/s][A

 35%|███▍      | 209/600 [00:34<01:03,  6.18it/s][A

 35%|███▌      | 210/600 [00:35<01:01,  6.35it/s][A

 35%|███▌      | 211/600 [00:35<00:59,  6.57it/s][A

 35%|███▌      | 212/600 [00:35<00:58,  6.69it/s][A

 36%|███▌      | 213/600 [00:35<00:59,  6.52it/s][A

 36%|███▌      | 214/600 [00:35<01:00,  6.41it/s][A

 36%|███▌      | 215/600 [00:35<01:00,  6.40it/s][A

 36%|███▌      | 216/600 [00:35<01:01,  6.23it/s][A

 36%|███▌      | 217/600 [00:36<00:59,  6.41it/s][A

 36%|███▋      | 218/600 [00:36<01:02,  6.15it/s][A

 36%|███▋      | 219/600 [00:36<00:59,  6.43it/s][A

 37%|███▋      | 220/600 [00:36<00:57,  6.56it/s][A

 37%|███▋      | 221/600 [00:36<00:57,  6.64it/s][A

 37%|███▋      | 222/600 [00:36<00:56,  6.64it/s][A

 37%|███▋      | 223/600 [00:37<00:58,  6.49it/s][A

 37%|███▋      | 224/600 [00:37<01:01,  6.11it/s][A

 38%|███▊      | 225/600 [00:37<00:59,  6.33it/s][A

 38%|███▊      | 226/600 [00:37<01:02,  6.02it/s][A

 38%|███▊      | 227/600 [00:37<01:00,  6.12it/s][A

 38%|███▊      | 228/600 [00:37<01:03,  5.85it/s][A

 38%|███▊      | 229/600 [00:38<01:01,  6.03it/s][A

 38%|███▊      | 230/600 [00:38<00:59,  6.22it/s][A

 38%|███▊      | 231/600 [00:38<00:57,  6.41it/s][A

 39%|███▊      | 232/600 [00:38<00:56,  6.57it/s][A

 39%|███▉      | 233/600 [00:38<00:56,  6.44it/s][A

 39%|███▉      | 234/600 [00:38<00:57,  6.40it/s][A

 39%|███▉      | 235/600 [00:38<00:59,  6.11it/s][A

 39%|███▉      | 236/600 [00:39<00:58,  6.25it/s][A

 40%|███▉      | 237/600 [00:39<00:57,  6.32it/s][A

 40%|███▉      | 238/600 [00:39<00:56,  6.43it/s][A

 40%|███▉      | 239/600 [00:39<00:55,  6.48it/s][A

 40%|████      | 240/600 [00:39<00:54,  6.61it/s][A

 40%|████      | 241/600 [00:39<00:53,  6.71it/s][A

 40%|████      | 242/600 [00:40<00:53,  6.73it/s][A

 40%|████      | 243/600 [00:40<00:52,  6.79it/s][A

 41%|████      | 244/600 [00:40<00:53,  6.70it/s][A

 41%|████      | 245/600 [00:40<00:53,  6.61it/s][A

 41%|████      | 246/600 [00:40<00:55,  6.38it/s][A

 41%|████      | 247/600 [00:40<00:54,  6.44it/s][A

 41%|████▏     | 248/600 [00:40<00:54,  6.42it/s][A

 42%|████▏     | 249/600 [00:41<00:52,  6.62it/s][A

 42%|████▏     | 250/600 [00:41<00:52,  6.67it/s][A

 42%|████▏     | 251/600 [00:41<00:52,  6.70it/s][A

 42%|████▏     | 252/600 [00:41<00:51,  6.80it/s][A

 42%|████▏     | 253/600 [00:41<00:52,  6.67it/s][A

 42%|████▏     | 254/600 [00:41<00:52,  6.56it/s][A

 42%|████▎     | 255/600 [00:42<00:53,  6.43it/s][A

 43%|████▎     | 256/600 [00:42<00:56,  6.11it/s][A

 43%|████▎     | 257/600 [00:42<00:57,  5.94it/s][A

 43%|████▎     | 258/600 [00:42<00:58,  5.88it/s][A

 43%|████▎     | 259/600 [00:42<00:56,  5.99it/s][A

 43%|████▎     | 260/600 [00:42<00:54,  6.27it/s][A

 44%|████▎     | 261/600 [00:42<00:52,  6.46it/s][A

 44%|████▎     | 262/600 [00:43<00:51,  6.62it/s][A

 44%|████▍     | 263/600 [00:43<00:50,  6.73it/s][A

 44%|████▍     | 264/600 [00:43<00:49,  6.81it/s][A

 44%|████▍     | 265/600 [00:43<00:50,  6.67it/s][A

 44%|████▍     | 266/600 [00:43<00:54,  6.12it/s][A

 44%|████▍     | 267/600 [00:43<00:58,  5.69it/s][A

 45%|████▍     | 268/600 [00:44<01:00,  5.53it/s][A

 45%|████▍     | 269/600 [00:44<01:00,  5.47it/s][A

 45%|████▌     | 270/600 [00:44<01:01,  5.37it/s][A

 45%|████▌     | 271/600 [00:44<00:57,  5.77it/s][A

 45%|████▌     | 272/600 [00:44<00:57,  5.74it/s][A

 46%|████▌     | 273/600 [00:45<00:59,  5.46it/s][A

 46%|████▌     | 274/600 [00:45<01:02,  5.22it/s][A

 46%|████▌     | 275/600 [00:45<01:06,  4.92it/s][A

 46%|████▌     | 276/600 [00:45<01:02,  5.22it/s][A

 46%|████▌     | 277/600 [00:45<00:59,  5.38it/s][A

 46%|████▋     | 278/600 [00:46<01:02,  5.12it/s][A

 46%|████▋     | 279/600 [00:46<00:57,  5.59it/s][A

 47%|████▋     | 280/600 [00:46<01:02,  5.14it/s][A

 47%|████▋     | 281/600 [00:46<01:01,  5.18it/s][A

 47%|████▋     | 282/600 [00:46<01:02,  5.09it/s][A

 47%|████▋     | 283/600 [00:47<01:02,  5.08it/s][A

 47%|████▋     | 284/600 [00:47<00:59,  5.34it/s][A

 48%|████▊     | 285/600 [00:47<00:55,  5.65it/s][A

 48%|████▊     | 286/600 [00:47<00:57,  5.48it/s][A

 48%|████▊     | 287/600 [00:47<00:53,  5.87it/s][A

 48%|████▊     | 288/600 [00:47<00:56,  5.52it/s][A

 48%|████▊     | 289/600 [00:48<00:56,  5.50it/s][A

 48%|████▊     | 290/600 [00:48<00:55,  5.54it/s][A

 48%|████▊     | 291/600 [00:48<00:54,  5.63it/s][A

 49%|████▊     | 292/600 [00:48<00:55,  5.51it/s][A

 49%|████▉     | 293/600 [00:48<00:52,  5.85it/s][A

 49%|████▉     | 294/600 [00:48<00:50,  6.11it/s][A

 49%|████▉     | 295/600 [00:49<00:51,  5.89it/s][A

 49%|████▉     | 296/600 [00:49<00:50,  6.01it/s][A

 50%|████▉     | 297/600 [00:49<00:51,  5.85it/s][A

 50%|████▉     | 298/600 [00:49<00:51,  5.89it/s][A

 50%|████▉     | 299/600 [00:49<00:49,  6.09it/s][A

 50%|█████     | 300/600 [00:49<00:49,  6.03it/s][A

 50%|█████     | 301/600 [00:50<00:49,  6.04it/s][A

 50%|█████     | 302/600 [00:50<00:48,  6.15it/s][A

 50%|█████     | 303/600 [00:50<00:47,  6.31it/s][A

 51%|█████     | 304/600 [00:50<00:46,  6.42it/s][A

 51%|█████     | 305/600 [00:50<00:46,  6.34it/s][A

 51%|█████     | 306/600 [00:50<00:46,  6.36it/s][A

 51%|█████     | 307/600 [00:51<00:46,  6.35it/s][A

 51%|█████▏    | 308/600 [00:51<00:47,  6.14it/s][A

 52%|█████▏    | 309/600 [00:51<00:46,  6.33it/s][A

 52%|█████▏    | 310/600 [00:51<00:45,  6.35it/s][A

 52%|█████▏    | 311/600 [00:51<00:46,  6.28it/s][A

 52%|█████▏    | 312/600 [00:51<00:46,  6.23it/s][A

 52%|█████▏    | 313/600 [00:51<00:45,  6.30it/s][A

 52%|█████▏    | 314/600 [00:52<00:45,  6.24it/s][A

 52%|█████▎    | 315/600 [00:52<00:45,  6.25it/s][A

 53%|█████▎    | 316/600 [00:52<00:44,  6.42it/s][A

 53%|█████▎    | 317/600 [00:52<00:44,  6.36it/s][A

 53%|█████▎    | 318/600 [00:52<00:45,  6.23it/s][A

 53%|█████▎    | 319/600 [00:52<00:45,  6.22it/s][A

 53%|█████▎    | 320/600 [00:53<00:45,  6.16it/s][A

 54%|█████▎    | 321/600 [00:53<00:44,  6.27it/s][A

 54%|█████▎    | 322/600 [00:53<00:44,  6.28it/s][A

 54%|█████▍    | 323/600 [00:53<00:43,  6.35it/s][A

 54%|█████▍    | 324/600 [00:53<00:42,  6.46it/s][A

 54%|█████▍    | 325/600 [00:53<00:42,  6.41it/s][A

 54%|█████▍    | 326/600 [00:54<00:44,  6.19it/s][A

 55%|█████▍    | 327/600 [00:54<00:43,  6.21it/s][A

 55%|█████▍    | 328/600 [00:54<00:44,  6.13it/s][A

 55%|█████▍    | 329/600 [00:54<00:43,  6.27it/s][A

 55%|█████▌    | 330/600 [00:54<00:42,  6.37it/s][A

 55%|█████▌    | 331/600 [00:54<00:40,  6.61it/s][A

 55%|█████▌    | 332/600 [00:54<00:41,  6.45it/s][A

 56%|█████▌    | 333/600 [00:55<00:40,  6.64it/s][A

 56%|█████▌    | 334/600 [00:55<00:39,  6.71it/s][A

 56%|█████▌    | 335/600 [00:55<00:39,  6.75it/s][A

 56%|█████▌    | 336/600 [00:55<00:42,  6.27it/s][A

 56%|█████▌    | 337/600 [00:55<00:44,  5.86it/s][A

 56%|█████▋    | 338/600 [00:55<00:42,  6.18it/s][A

 56%|█████▋    | 339/600 [00:56<00:41,  6.36it/s][A

 57%|█████▋    | 340/600 [00:56<00:39,  6.54it/s][A

 57%|█████▋    | 341/600 [00:56<00:40,  6.44it/s][A

 57%|█████▋    | 342/600 [00:56<00:39,  6.59it/s][A

 57%|█████▋    | 343/600 [00:56<00:39,  6.59it/s][A

 57%|█████▋    | 344/600 [00:56<00:39,  6.42it/s][A

 57%|█████▊    | 345/600 [00:57<00:40,  6.32it/s][A

 58%|█████▊    | 346/600 [00:57<00:44,  5.67it/s][A

 58%|█████▊    | 347/600 [00:57<00:42,  5.96it/s][A

 58%|█████▊    | 348/600 [00:57<00:40,  6.26it/s][A

 58%|█████▊    | 349/600 [00:57<00:38,  6.48it/s][A

 58%|█████▊    | 350/600 [00:57<00:38,  6.51it/s][A

 58%|█████▊    | 351/600 [00:57<00:37,  6.67it/s][A

 59%|█████▊    | 352/600 [00:58<00:37,  6.68it/s][A

 59%|█████▉    | 353/600 [00:58<00:36,  6.79it/s][A

 59%|█████▉    | 354/600 [00:58<00:35,  6.85it/s][A

 59%|█████▉    | 355/600 [00:58<00:37,  6.62it/s][A

 59%|█████▉    | 356/600 [00:58<00:38,  6.33it/s][A

 60%|█████▉    | 357/600 [00:58<00:41,  5.86it/s][A

 60%|█████▉    | 358/600 [00:59<00:41,  5.87it/s][A

 60%|█████▉    | 359/600 [00:59<00:39,  6.15it/s][A

 60%|██████    | 360/600 [00:59<00:38,  6.21it/s][A

 60%|██████    | 361/600 [00:59<00:38,  6.22it/s][A

 60%|██████    | 362/600 [00:59<00:37,  6.28it/s][A

 60%|██████    | 363/600 [00:59<00:36,  6.47it/s][A

 61%|██████    | 364/600 [01:00<00:36,  6.50it/s][A

 61%|██████    | 365/600 [01:00<00:36,  6.46it/s][A

 61%|██████    | 366/600 [01:00<00:36,  6.44it/s][A

 61%|██████    | 367/600 [01:00<00:35,  6.55it/s][A

 61%|██████▏   | 368/600 [01:00<00:34,  6.68it/s][A

 62%|██████▏   | 369/600 [01:00<00:34,  6.76it/s][A

 62%|██████▏   | 370/600 [01:00<00:34,  6.67it/s][A

 62%|██████▏   | 371/600 [01:01<00:33,  6.78it/s][A

 62%|██████▏   | 372/600 [01:01<00:33,  6.85it/s][A

 62%|██████▏   | 373/600 [01:01<00:32,  6.95it/s][A

 62%|██████▏   | 374/600 [01:01<00:32,  6.98it/s][A

 62%|██████▎   | 375/600 [01:01<00:32,  6.97it/s][A

 63%|██████▎   | 376/600 [01:01<00:32,  6.84it/s][A

 63%|██████▎   | 377/600 [01:01<00:33,  6.59it/s][A

 63%|██████▎   | 378/600 [01:02<00:33,  6.57it/s][A

 63%|██████▎   | 379/600 [01:02<00:32,  6.70it/s][A

 63%|██████▎   | 380/600 [01:02<00:33,  6.66it/s][A

 64%|██████▎   | 381/600 [01:02<00:33,  6.63it/s][A

 64%|██████▎   | 382/600 [01:02<00:32,  6.63it/s][A

 64%|██████▍   | 383/600 [01:02<00:32,  6.64it/s][A

 64%|██████▍   | 384/600 [01:02<00:32,  6.73it/s][A

 64%|██████▍   | 385/600 [01:03<00:32,  6.62it/s][A

 64%|██████▍   | 386/600 [01:03<00:32,  6.59it/s][A

 64%|██████▍   | 387/600 [01:03<00:32,  6.50it/s][A

 65%|██████▍   | 388/600 [01:03<00:31,  6.66it/s][A

 65%|██████▍   | 389/600 [01:03<00:31,  6.69it/s][A

 65%|██████▌   | 390/600 [01:03<00:31,  6.73it/s][A

 65%|██████▌   | 391/600 [01:04<00:30,  6.83it/s][A

 65%|██████▌   | 392/600 [01:04<00:30,  6.93it/s][A

 66%|██████▌   | 393/600 [01:04<00:29,  6.94it/s][A

 66%|██████▌   | 394/600 [01:04<00:29,  6.90it/s][A

 66%|██████▌   | 395/600 [01:04<00:29,  6.84it/s][A

 66%|██████▌   | 396/600 [01:04<00:31,  6.54it/s][A

 66%|██████▌   | 397/600 [01:04<00:31,  6.37it/s][A

 66%|██████▋   | 398/600 [01:05<00:31,  6.47it/s][A

 66%|██████▋   | 399/600 [01:05<00:31,  6.42it/s][A

 67%|██████▋   | 400/600 [01:05<00:34,  5.73it/s][A

 67%|██████▋   | 401/600 [01:05<00:38,  5.24it/s][A

 67%|██████▋   | 402/600 [01:05<00:38,  5.16it/s][A

 67%|██████▋   | 403/600 [01:06<00:35,  5.48it/s][A

 67%|██████▋   | 404/600 [01:06<00:35,  5.48it/s][A

 68%|██████▊   | 405/600 [01:06<00:36,  5.36it/s][A

 68%|██████▊   | 406/600 [01:06<00:36,  5.36it/s][A

 68%|██████▊   | 407/600 [01:06<00:36,  5.32it/s][A

 68%|██████▊   | 408/600 [01:06<00:35,  5.37it/s][A

 68%|██████▊   | 409/600 [01:07<00:35,  5.39it/s][A

 68%|██████▊   | 410/600 [01:07<00:35,  5.41it/s][A

 68%|██████▊   | 411/600 [01:07<00:37,  5.00it/s][A

 69%|██████▊   | 412/600 [01:07<00:37,  5.00it/s][A

 69%|██████▉   | 413/600 [01:07<00:37,  4.99it/s][A

 69%|██████▉   | 414/600 [01:08<00:37,  5.01it/s][A

 69%|██████▉   | 415/600 [01:08<00:36,  5.10it/s][A

 69%|██████▉   | 416/600 [01:08<00:35,  5.22it/s][A

 70%|██████▉   | 417/600 [01:08<00:34,  5.24it/s][A

 70%|██████▉   | 418/600 [01:08<00:34,  5.31it/s][A

 70%|██████▉   | 419/600 [01:09<00:32,  5.58it/s][A

 70%|███████   | 420/600 [01:09<00:32,  5.55it/s][A

 70%|███████   | 421/600 [01:09<00:35,  5.11it/s][A

 70%|███████   | 422/600 [01:09<00:35,  4.97it/s][A

 70%|███████   | 423/600 [01:09<00:36,  4.89it/s][A

 71%|███████   | 424/600 [01:10<00:34,  5.07it/s][A

 71%|███████   | 425/600 [01:10<00:32,  5.41it/s][A

 71%|███████   | 426/600 [01:10<00:31,  5.47it/s][A

 71%|███████   | 427/600 [01:10<00:32,  5.37it/s][A

 71%|███████▏  | 428/600 [01:10<00:30,  5.60it/s][A

 72%|███████▏  | 429/600 [01:11<00:31,  5.37it/s][A

 72%|███████▏  | 430/600 [01:11<00:31,  5.34it/s][A

 72%|███████▏  | 431/600 [01:11<00:32,  5.27it/s][A

 72%|███████▏  | 432/600 [01:11<00:29,  5.65it/s][A

 72%|███████▏  | 433/600 [01:11<00:28,  5.78it/s][A

 72%|███████▏  | 434/600 [01:11<00:27,  5.99it/s][A

 72%|███████▎  | 435/600 [01:12<00:27,  6.01it/s][A

 73%|███████▎  | 436/600 [01:12<00:28,  5.83it/s][A

 73%|███████▎  | 437/600 [01:12<00:26,  6.05it/s][A

 73%|███████▎  | 438/600 [01:12<00:26,  6.02it/s][A

 73%|███████▎  | 439/600 [01:12<00:26,  6.11it/s][A

 73%|███████▎  | 440/600 [01:12<00:25,  6.22it/s][A

 74%|███████▎  | 441/600 [01:12<00:25,  6.22it/s][A

 74%|███████▎  | 442/600 [01:13<00:24,  6.35it/s][A

 74%|███████▍  | 443/600 [01:13<00:25,  6.19it/s][A

 74%|███████▍  | 444/600 [01:13<00:24,  6.38it/s][A

 74%|███████▍  | 445/600 [01:13<00:25,  6.15it/s][A

 74%|███████▍  | 446/600 [01:13<00:25,  6.13it/s][A

 74%|███████▍  | 447/600 [01:13<00:25,  5.95it/s][A

 75%|███████▍  | 448/600 [01:14<00:26,  5.73it/s][A

 75%|███████▍  | 449/600 [01:14<00:27,  5.55it/s][A

 75%|███████▌  | 450/600 [01:14<00:26,  5.60it/s][A

 75%|███████▌  | 451/600 [01:14<00:26,  5.60it/s][A

 75%|███████▌  | 452/600 [01:14<00:25,  5.74it/s][A

 76%|███████▌  | 453/600 [01:15<00:25,  5.86it/s][A

 76%|███████▌  | 454/600 [01:15<00:23,  6.09it/s][A

 76%|███████▌  | 455/600 [01:15<00:23,  6.10it/s][A

 76%|███████▌  | 456/600 [01:15<00:23,  6.17it/s][A

 76%|███████▌  | 457/600 [01:15<00:23,  6.19it/s][A

 76%|███████▋  | 458/600 [01:15<00:22,  6.27it/s][A

 76%|███████▋  | 459/600 [01:15<00:22,  6.36it/s][A

 77%|███████▋  | 460/600 [01:16<00:22,  6.20it/s][A

 77%|███████▋  | 461/600 [01:16<00:22,  6.22it/s][A

 77%|███████▋  | 462/600 [01:16<00:21,  6.39it/s][A

 77%|███████▋  | 463/600 [01:16<00:20,  6.62it/s][A

 77%|███████▋  | 464/600 [01:16<00:20,  6.70it/s][A

 78%|███████▊  | 465/600 [01:16<00:20,  6.45it/s][A

 78%|███████▊  | 466/600 [01:17<00:21,  6.37it/s][A

 78%|███████▊  | 467/600 [01:17<00:21,  6.29it/s][A

 78%|███████▊  | 468/600 [01:17<00:21,  6.07it/s][A

 78%|███████▊  | 469/600 [01:17<00:21,  6.19it/s][A

 78%|███████▊  | 470/600 [01:17<00:20,  6.31it/s][A

 78%|███████▊  | 471/600 [01:17<00:20,  6.32it/s][A

 79%|███████▊  | 472/600 [01:18<00:19,  6.46it/s][A

 79%|███████▉  | 473/600 [01:18<00:19,  6.51it/s][A

 79%|███████▉  | 474/600 [01:18<00:19,  6.52it/s][A

 79%|███████▉  | 475/600 [01:18<00:21,  5.82it/s][A

 79%|███████▉  | 476/600 [01:18<00:21,  5.79it/s][A

 80%|███████▉  | 477/600 [01:18<00:19,  6.15it/s][A

 80%|███████▉  | 478/600 [01:19<00:19,  6.40it/s][A

 80%|███████▉  | 479/600 [01:19<00:18,  6.62it/s][A

 80%|████████  | 480/600 [01:19<00:18,  6.62it/s][A

 80%|████████  | 481/600 [01:19<00:18,  6.55it/s][A

 80%|████████  | 482/600 [01:19<00:18,  6.49it/s][A

 80%|████████  | 483/600 [01:19<00:17,  6.63it/s][A

 81%|████████  | 484/600 [01:19<00:18,  6.43it/s][A

 81%|████████  | 485/600 [01:20<00:19,  5.90it/s][A

 81%|████████  | 486/600 [01:20<00:18,  6.03it/s][A

 81%|████████  | 487/600 [01:20<00:18,  6.10it/s][A

 81%|████████▏ | 488/600 [01:20<00:18,  6.13it/s][A

 82%|████████▏ | 489/600 [01:20<00:17,  6.35it/s][A

 82%|████████▏ | 490/600 [01:20<00:16,  6.50it/s][A

 82%|████████▏ | 491/600 [01:21<00:16,  6.66it/s][A

 82%|████████▏ | 492/600 [01:21<00:15,  6.85it/s][A

 82%|████████▏ | 493/600 [01:21<00:15,  6.80it/s][A

 82%|████████▏ | 494/600 [01:21<00:16,  6.48it/s][A

 82%|████████▎ | 495/600 [01:21<00:16,  6.44it/s][A

 83%|████████▎ | 496/600 [01:21<00:16,  6.46it/s][A

 83%|████████▎ | 497/600 [01:21<00:15,  6.51it/s][A

 83%|████████▎ | 498/600 [01:22<00:15,  6.66it/s][A

 83%|████████▎ | 499/600 [01:22<00:14,  6.77it/s][A

 83%|████████▎ | 500/600 [01:22<00:14,  6.80it/s][A

 84%|████████▎ | 501/600 [01:22<00:14,  6.85it/s][A

 84%|████████▎ | 502/600 [01:22<00:14,  6.84it/s][A

 84%|████████▍ | 503/600 [01:22<00:13,  6.95it/s][A

 84%|████████▍ | 504/600 [01:22<00:14,  6.82it/s][A

 84%|████████▍ | 505/600 [01:23<00:14,  6.57it/s][A

 84%|████████▍ | 506/600 [01:23<00:14,  6.47it/s][A

 84%|████████▍ | 507/600 [01:23<00:14,  6.53it/s][A

 85%|████████▍ | 508/600 [01:23<00:13,  6.68it/s][A

 85%|████████▍ | 509/600 [01:23<00:13,  6.79it/s][A

 85%|████████▌ | 510/600 [01:23<00:13,  6.73it/s][A

 85%|████████▌ | 511/600 [01:24<00:12,  6.85it/s][A

 85%|████████▌ | 512/600 [01:24<00:12,  6.89it/s][A

 86%|████████▌ | 513/600 [01:24<00:12,  6.90it/s][A

 86%|████████▌ | 514/600 [01:24<00:12,  6.94it/s][A

 86%|████████▌ | 515/600 [01:24<00:12,  6.74it/s][A

 86%|████████▌ | 516/600 [01:24<00:12,  6.74it/s][A

 86%|████████▌ | 517/600 [01:24<00:12,  6.76it/s][A

 86%|████████▋ | 518/600 [01:25<00:12,  6.80it/s][A

 86%|████████▋ | 519/600 [01:25<00:12,  6.75it/s][A

 87%|████████▋ | 520/600 [01:25<00:11,  6.76it/s][A

 87%|████████▋ | 521/600 [01:25<00:11,  6.77it/s][A

 87%|████████▋ | 522/600 [01:25<00:11,  6.86it/s][A

 87%|████████▋ | 523/600 [01:25<00:11,  6.89it/s][A

 87%|████████▋ | 524/600 [01:25<00:11,  6.68it/s][A

 88%|████████▊ | 525/600 [01:26<00:11,  6.62it/s][A

 88%|████████▊ | 526/600 [01:26<00:11,  6.33it/s][A

 88%|████████▊ | 527/600 [01:26<00:11,  6.35it/s][A

 88%|████████▊ | 528/600 [01:26<00:10,  6.55it/s][A

 88%|████████▊ | 529/600 [01:26<00:10,  6.73it/s][A

 88%|████████▊ | 530/600 [01:26<00:10,  6.82it/s][A

 88%|████████▊ | 531/600 [01:27<00:11,  6.10it/s][A

 89%|████████▊ | 532/600 [01:27<00:11,  5.88it/s][A

 89%|████████▉ | 533/600 [01:27<00:12,  5.50it/s][A

 89%|████████▉ | 534/600 [01:27<00:12,  5.45it/s][A

 89%|████████▉ | 535/600 [01:27<00:12,  5.40it/s][A

 89%|████████▉ | 536/600 [01:27<00:11,  5.78it/s][A

 90%|████████▉ | 537/600 [01:28<00:12,  5.22it/s][A

 90%|████████▉ | 538/600 [01:28<00:10,  5.66it/s][A

 90%|████████▉ | 539/600 [01:28<00:11,  5.43it/s][A

 90%|█████████ | 540/600 [01:28<00:11,  5.34it/s][A

 90%|█████████ | 541/600 [01:28<00:11,  5.36it/s][A

 90%|█████████ | 542/600 [01:29<00:11,  5.24it/s][A

 90%|█████████ | 543/600 [01:29<00:10,  5.29it/s][A

 91%|█████████ | 544/600 [01:29<00:11,  5.03it/s][A

 91%|█████████ | 545/600 [01:29<00:10,  5.04it/s][A

 91%|█████████ | 546/600 [01:29<00:09,  5.51it/s][A

 91%|█████████ | 547/600 [01:30<00:09,  5.67it/s][A

 91%|█████████▏| 548/600 [01:30<00:08,  5.80it/s][A

 92%|█████████▏| 549/600 [01:30<00:09,  5.38it/s][A

 92%|█████████▏| 550/600 [01:30<00:09,  5.32it/s][A

 92%|█████████▏| 551/600 [01:30<00:08,  5.51it/s][A

 92%|█████████▏| 552/600 [01:30<00:09,  5.20it/s][A

 92%|█████████▏| 553/600 [01:31<00:08,  5.23it/s][A

 92%|█████████▏| 554/600 [01:31<00:08,  5.63it/s][A

 92%|█████████▎| 555/600 [01:31<00:08,  5.40it/s][A

 93%|█████████▎| 556/600 [01:31<00:08,  5.30it/s][A

 93%|█████████▎| 557/600 [01:31<00:07,  5.43it/s][A

 93%|█████████▎| 558/600 [01:32<00:07,  5.37it/s][A

 93%|█████████▎| 559/600 [01:32<00:07,  5.44it/s][A

 93%|█████████▎| 560/600 [01:32<00:07,  5.48it/s][A

 94%|█████████▎| 561/600 [01:32<00:07,  5.54it/s][A

 94%|█████████▎| 562/600 [01:32<00:06,  5.61it/s][A

 94%|█████████▍| 563/600 [01:32<00:06,  5.85it/s][A

 94%|█████████▍| 564/600 [01:33<00:05,  6.13it/s][A

 94%|█████████▍| 565/600 [01:33<00:05,  6.28it/s][A

 94%|█████████▍| 566/600 [01:33<00:05,  6.41it/s][A

 94%|█████████▍| 567/600 [01:33<00:05,  6.32it/s][A

 95%|█████████▍| 568/600 [01:33<00:05,  6.33it/s][A

 95%|█████████▍| 569/600 [01:33<00:05,  6.13it/s][A

 95%|█████████▌| 570/600 [01:34<00:04,  6.06it/s][A

 95%|█████████▌| 571/600 [01:34<00:04,  6.09it/s][A

 95%|█████████▌| 572/600 [01:34<00:04,  6.30it/s][A

 96%|█████████▌| 573/600 [01:34<00:04,  6.19it/s][A

 96%|█████████▌| 574/600 [01:34<00:04,  6.27it/s][A

 96%|█████████▌| 575/600 [01:34<00:03,  6.35it/s][A

 96%|█████████▌| 576/600 [01:35<00:03,  6.18it/s][A

 96%|█████████▌| 577/600 [01:35<00:03,  5.96it/s][A

 96%|█████████▋| 578/600 [01:35<00:03,  5.90it/s][A

 96%|█████████▋| 579/600 [01:35<00:03,  5.97it/s][A

 97%|█████████▋| 580/600 [01:35<00:03,  5.92it/s][A

 97%|█████████▋| 581/600 [01:35<00:03,  6.14it/s][A

 97%|█████████▋| 582/600 [01:36<00:02,  6.20it/s][A

 97%|█████████▋| 583/600 [01:36<00:02,  6.29it/s][A

 97%|█████████▋| 584/600 [01:36<00:02,  6.39it/s][A

 98%|█████████▊| 585/600 [01:36<00:02,  6.35it/s][A

 98%|█████████▊| 586/600 [01:36<00:02,  6.31it/s][A

 98%|█████████▊| 587/600 [01:36<00:02,  6.29it/s][A

 98%|█████████▊| 588/600 [01:36<00:01,  6.06it/s][A

 98%|█████████▊| 589/600 [01:37<00:01,  6.03it/s][A

 98%|█████████▊| 590/600 [01:37<00:01,  6.30it/s][A

 98%|█████████▊| 591/600 [01:37<00:01,  6.51it/s][A

 99%|█████████▊| 592/600 [01:37<00:01,  6.33it/s][A

 99%|█████████▉| 593/600 [01:37<00:01,  6.41it/s][A

 99%|█████████▉| 594/600 [01:37<00:00,  6.32it/s][A

 99%|█████████▉| 595/600 [01:38<00:00,  6.52it/s][A

 99%|█████████▉| 596/600 [01:38<00:00,  6.62it/s][A

100%|█████████▉| 597/600 [01:38<00:00,  6.46it/s][A

100%|█████████▉| 598/600 [01:38<00:00,  6.40it/s][A

100%|█████████▉| 599/600 [01:38<00:00,  6.22it/s][A

100%|██████████| 600/600 [01:38<00:00,  6.30it/s][A
                                                       


                                                 
[A
 62%|██████▏   | 2700/4384 [5:06:26<2:43:54,  5.84s/it]

100%|██████████| 600/600 [01:38<00:00,  6.30it/s][A

                                                 [A
 62%|██████▏   | 2701/4384 [5:06:32<16:43:24, 35.77s/it]
 62%|██████▏   | 2702/4384 [5:06:38<12:29:37, 26.74s/it]
 62%|██████▏   | 2703/4384 [5:06:44<9:30:46, 20.37s/it] 
 62%|██████▏   | 2704/4384 [5:06:49<7:24:24, 15.87s/it]
 62%|██████▏   | 2705/4384 [5:06:55<5:59:58, 12.86s/it]
 62%|██████▏   | 2706/4384 [5:07:01<5:07:53, 11.01s/it]
 62%|██████▏   | 2707/4384 [5:07:08<4:26:21,  9.53s/it]
 62%|██████▏   | 2708/4384 [5:07:13<3:53:16,  8.35s/it]
 62%|██████▏   | 2709/4384 [5:07:19<3:31:36,  7.58s/it]
 62%|██████▏   | 2710/4384 [5:07:24<3:13:43,  6.94s/it]
 62%|██████▏   | 2711/4384 [5:07:30<3:00:20,  6.47s/it]
 62%|██████▏   | 2712/4384 [5:07:35<2:54:06,  6.25s/it]
 62%|██████▏   | 2713/4384 [5:07:42<2:54:29,  6.27s/it]
 62%|██████▏   | 2714/4384 [5:07:47<2:48:39,  6.06s/it]
 62%|██████▏   | 2715/4384 [5:07:53<2:46:08,  5.97s/it]
 62%|██████▏   | 2716/4384 [5:07:59<2:45:08,  5.94s/it]
 62%|██████▏   | 2717/4384 [5:08:05<2:43:05,  5.87s/it]
 62%|██████▏   | 2718/4384 [5:08:10<2:38:08,  5.70s/it]
 62%|██████▏   | 2719/4384 [5:08:16<2:40:56,  5.80s/it]
 62%|██████▏   | 2720/4384 [5:08:22<2:43:33,  5.90s/it]
                                                       

 62%|██████▏   | 2720/4384 [5:08:22<2:43:33,  5.90s/it]
 62%|██████▏   | 2721/4384 [5:08:28<2:41:50,  5.84s/it]
 62%|██████▏   | 2722/4384 [5:08:34<2:40:09,  5.78s/it]
 62%|██████▏   | 2723/4384 [5:08:39<2:37:53,  5.70s/it]
 62%|██████▏   | 2724/4384 [5:08:45<2:38:03,  5.71s/it]
 62%|██████▏   | 2725/4384 [5:08:50<2:37:41,  5.70s/it]
 62%|██████▏   | 2726/4384 [5:08:57<2:40:49,  5.82s/it]
 62%|██████▏   | 2727/4384 [5:09:03<2:43:53,  5.93s/it]
 62%|██████▏   | 2728/4384 [5:09:09<2:43:09,  5.91s/it]
 62%|██████▏   | 2729/4384 [5:09:14<2:41:51,  5.87s/it]
 62%|██████▏   | 2730/4384 [5:09:20<2:39:01,  5.77s/it]
 62%|██████▏   | 2731/4384 [5:09:26<2:37:41,  5.72s/it]
 62%|██████▏   | 2732/4384 [5:09:31<2:36:54,  5.70s/it]
 62%|██████▏   | 2733/4384 [5:09:37<2:38:29,  5.76s/it]
 62%|██████▏   | 2734/4384 [5:09:43<2:36:19,  5.68s/it]
 62%|██████▏   | 2735/4384 [5:09:49<2:39:14,  5.79s/it]
 62%|██████▏   | 2736/4384 [5:09:55<2:40:16,  5.84s/it]
 62%|██████▏   | 2737/4384 [5:10:00<2:37:20,  5.73s/it]
 62%|██████▏   | 2738/4384 [5:10:06<2:38:12,  5.77s/it]
 62%|██████▏   | 2739/4384 [5:10:12<2:39:39,  5.82s/it]
 62%|██████▎   | 2740/4384 [5:10:18<2:40:08,  5.84s/it]
                                                       

 62%|██████▎   | 2740/4384 [5:10:18<2:40:08,  5.84s/it]
 63%|██████▎   | 2741/4384 [5:10:23<2:36:27,  5.71s/it]
 63%|██████▎   | 2742/4384 [5:10:29<2:36:58,  5.74s/it]
 63%|██████▎   | 2743/4384 [5:10:35<2:36:04,  5.71s/it]
 63%|██████▎   | 2744/4384 [5:10:40<2:33:30,  5.62s/it]
 63%|██████▎   | 2745/4384 [5:10:46<2:36:04,  5.71s/it]
 63%|██████▎   | 2746/4384 [5:10:52<2:42:05,  5.94s/it]
 63%|██████▎   | 2747/4384 [5:10:58<2:40:52,  5.90s/it]
 63%|██████▎   | 2748/4384 [5:11:04<2:37:37,  5.78s/it]
 63%|██████▎   | 2749/4384 [5:11:10<2:38:53,  5.83s/it]
 63%|██████▎   | 2750/4384 [5:11:15<2:35:37,  5.71s/it]
 63%|██████▎   | 2751/4384 [5:11:21<2:33:25,  5.64s/it]
 63%|██████▎   | 2752/4384 [5:11:26<2:34:38,  5.69s/it]
 63%|██████▎   | 2753/4384 [5:11:33<2:39:03,  5.85s/it]
 63%|██████▎   | 2754/4384 [5:11:38<2:35:21,  5.72s/it]
 63%|██████▎   | 2755/4384 [5:11:44<2:36:11,  5.75s/it]
 63%|██████▎   | 2756/4384 [5:11:50<2:38:41,  5.85s/it]
 63%|██████▎   | 2757/4384 [5:11:55<2:35:27,  5.73s/it]
 63%|██████▎   | 2758/4384 [5:12:01<2:32:01,  5.61s/it]
 63%|██████▎   | 2759/4384 [5:12:06<2:32:34,  5.63s/it]
 63%|██████▎   | 2760/4384 [5:12:12<2:34:34,  5.71s/it]
                                                       

 63%|██████▎   | 2760/4384 [5:12:12<2:34:34,  5.71s/it]
 63%|██████▎   | 2761/4384 [5:12:18<2:34:47,  5.72s/it]
 63%|██████▎   | 2762/4384 [5:12:24<2:34:48,  5.73s/it]
 63%|██████▎   | 2763/4384 [5:12:30<2:36:16,  5.78s/it]
 63%|██████▎   | 2764/4384 [5:12:36<2:36:46,  5.81s/it]
 63%|██████▎   | 2765/4384 [5:12:42<2:39:11,  5.90s/it]
 63%|██████▎   | 2766/4384 [5:12:48<2:38:44,  5.89s/it]
 63%|██████▎   | 2767/4384 [5:12:53<2:37:28,  5.84s/it]
 63%|██████▎   | 2768/4384 [5:12:59<2:34:27,  5.73s/it]
 63%|██████▎   | 2769/4384 [5:13:05<2:36:23,  5.81s/it]
 63%|██████▎   | 2770/4384 [5:13:10<2:33:34,  5.71s/it]
 63%|██████▎   | 2771/4384 [5:13:16<2:36:02,  5.80s/it]
 63%|██████▎   | 2772/4384 [5:13:22<2:35:36,  5.79s/it]
 63%|██████▎   | 2773/4384 [5:13:27<2:32:21,  5.67s/it]
 63%|██████▎   | 2774/4384 [5:13:33<2:35:00,  5.78s/it]
 63%|██████▎   | 2775/4384 [5:13:39<2:35:07,  5.78s/it]
 63%|██████▎   | 2776/4384 [5:13:45<2:32:47,  5.70s/it]
 63%|██████▎   | 2777/4384 [5:13:50<2:30:15,  5.61s/it]
 63%|██████▎   | 2778/4384 [5:13:56<2:35:01,  5.79s/it]
 63%|██████▎   | 2779/4384 [5:14:03<2:38:45,  5.93s/it]
 63%|██████▎   | 2780/4384 [5:14:08<2:35:18,  5.81s/it]
                                                       

 63%|██████▎   | 2780/4384 [5:14:08<2:35:18,  5.81s/it]
 63%|██████▎   | 2781/4384 [5:14:14<2:32:31,  5.71s/it]
 63%|██████▎   | 2782/4384 [5:14:19<2:33:32,  5.75s/it]
 63%|██████▎   | 2783/4384 [5:14:25<2:29:26,  5.60s/it]
 64%|██████▎   | 2784/4384 [5:14:31<2:33:53,  5.77s/it]
 64%|██████▎   | 2785/4384 [5:14:37<2:39:11,  5.97s/it]
 64%|██████▎   | 2786/4384 [5:14:43<2:38:44,  5.96s/it]
 64%|██████▎   | 2787/4384 [5:14:49<2:34:09,  5.79s/it]
 64%|██████▎   | 2788/4384 [5:14:54<2:33:02,  5.75s/it]
 64%|██████▎   | 2789/4384 [5:15:00<2:32:33,  5.74s/it]
 64%|██████▎   | 2790/4384 [5:15:05<2:29:01,  5.61s/it]
 64%|██████▎   | 2791/4384 [5:15:11<2:31:20,  5.70s/it]
 64%|██████▎   | 2792/4384 [5:15:17<2:35:00,  5.84s/it]
 64%|██████▎   | 2793/4384 [5:15:23<2:31:15,  5.70s/it]
 64%|██████▎   | 2794/4384 [5:15:28<2:31:08,  5.70s/it]
 64%|██████▍   | 2795/4384 [5:15:34<2:30:51,  5.70s/it]
 64%|██████▍   | 2796/4384 [5:15:40<2:32:03,  5.75s/it]
 64%|██████▍   | 2797/4384 [5:15:45<2:29:57,  5.67s/it]
 64%|██████▍   | 2798/4384 [5:15:52<2:34:10,  5.83s/it]
 64%|██████▍   | 2799/4384 [5:15:58<2:34:11,  5.84s/it]
 64%|██████▍   | 2800/4384 [5:16:03<2:34:38,  5.86s/it]
                                                       

 64%|██████▍   | 2800/4384 [5:16:03<2:34:38,  5.86s/it]
 64%|██████▍   | 2801/4384 [5:16:09<2:32:31,  5.78s/it]
 64%|██████▍   | 2802/4384 [5:16:15<2:31:32,  5.75s/it]
 64%|██████▍   | 2803/4384 [5:16:21<2:31:42,  5.76s/it]
 64%|██████▍   | 2804/4384 [5:16:27<2:34:30,  5.87s/it]
 64%|██████▍   | 2805/4384 [5:16:33<2:37:35,  5.99s/it]
 64%|██████▍   | 2806/4384 [5:16:38<2:33:48,  5.85s/it]
 64%|██████▍   | 2807/4384 [5:16:44<2:33:08,  5.83s/it]
 64%|██████▍   | 2808/4384 [5:16:50<2:30:11,  5.72s/it]
 64%|██████▍   | 2809/4384 [5:16:55<2:29:49,  5.71s/it]
 64%|██████▍   | 2810/4384 [5:17:01<2:29:05,  5.68s/it]
 64%|██████▍   | 2811/4384 [5:17:07<2:34:00,  5.87s/it]
 64%|██████▍   | 2812/4384 [5:17:13<2:33:33,  5.86s/it]
 64%|██████▍   | 2813/4384 [5:17:19<2:31:48,  5.80s/it]
 64%|██████▍   | 2814/4384 [5:17:25<2:36:09,  5.97s/it]
 64%|██████▍   | 2815/4384 [5:17:31<2:35:29,  5.95s/it]
 64%|██████▍   | 2816/4384 [5:17:36<2:31:18,  5.79s/it]
 64%|██████▍   | 2817/4384 [5:17:42<2:30:29,  5.76s/it]
 64%|██████▍   | 2818/4384 [5:17:49<2:35:31,  5.96s/it]
 64%|██████▍   | 2819/4384 [5:17:54<2:31:51,  5.82s/it]
 64%|██████▍   | 2820/4384 [5:18:00<2:29:43,  5.74s/it]
                                                       

 64%|██████▍   | 2820/4384 [5:18:00<2:29:43,  5.74s/it]
 64%|██████▍   | 2821/4384 [5:18:06<2:30:56,  5.79s/it]
 64%|██████▍   | 2822/4384 [5:18:11<2:27:40,  5.67s/it]
 64%|██████▍   | 2823/4384 [5:18:17<2:27:27,  5.67s/it]
 64%|██████▍   | 2824/4384 [5:18:23<2:32:57,  5.88s/it]
 64%|██████▍   | 2825/4384 [5:18:29<2:37:25,  6.06s/it]
 64%|██████▍   | 2826/4384 [5:18:35<2:32:08,  5.86s/it]
 64%|██████▍   | 2827/4384 [5:18:40<2:30:10,  5.79s/it]
 65%|██████▍   | 2828/4384 [5:18:46<2:28:16,  5.72s/it]
 65%|██████▍   | 2829/4384 [5:18:52<2:26:43,  5.66s/it]
 65%|██████▍   | 2830/4384 [5:18:57<2:27:15,  5.69s/it]
 65%|██████▍   | 2831/4384 [5:19:03<2:29:17,  5.77s/it]
 65%|██████▍   | 2832/4384 [5:19:09<2:28:29,  5.74s/it]
 65%|██████▍   | 2833/4384 [5:19:15<2:28:27,  5.74s/it]
 65%|██████▍   | 2834/4384 [5:19:21<2:29:14,  5.78s/it]
 65%|██████▍   | 2835/4384 [5:19:26<2:28:16,  5.74s/it]
 65%|██████▍   | 2836/4384 [5:19:32<2:28:22,  5.75s/it]
 65%|██████▍   | 2837/4384 [5:19:38<2:31:15,  5.87s/it]
 65%|██████▍   | 2838/4384 [5:19:44<2:32:12,  5.91s/it]
 65%|██████▍   | 2839/4384 [5:19:50<2:31:40,  5.89s/it]
 65%|██████▍   | 2840/4384 [5:19:55<2:27:29,  5.73s/it]
                                                       

 65%|██████▍   | 2840/4384 [5:19:55<2:27:29,  5.73s/it]
 65%|██████▍   | 2841/4384 [5:20:01<2:26:09,  5.68s/it]
 65%|██████▍   | 2842/4384 [5:20:06<2:23:02,  5.57s/it]
 65%|██████▍   | 2843/4384 [5:20:12<2:27:52,  5.76s/it]
 65%|██████▍   | 2844/4384 [5:20:19<2:31:46,  5.91s/it]
 65%|██████▍   | 2845/4384 [5:20:24<2:29:26,  5.83s/it]
 65%|██████▍   | 2846/4384 [5:20:30<2:29:21,  5.83s/it]
 65%|██████▍   | 2847/4384 [5:20:36<2:27:14,  5.75s/it]
 65%|██████▍   | 2848/4384 [5:20:41<2:24:48,  5.66s/it]
 65%|██████▍   | 2849/4384 [5:20:47<2:24:31,  5.65s/it]
 65%|██████▌   | 2850/4384 [5:20:53<2:27:21,  5.76s/it]
 65%|██████▌   | 2851/4384 [5:20:59<2:27:39,  5.78s/it]
 65%|██████▌   | 2852/4384 [5:21:04<2:25:55,  5.71s/it]
 65%|██████▌   | 2853/4384 [5:21:10<2:25:05,  5.69s/it]
 65%|██████▌   | 2854/4384 [5:21:16<2:28:06,  5.81s/it]
 65%|██████▌   | 2855/4384 [5:21:21<2:22:57,  5.61s/it]
 65%|██████▌   | 2856/4384 [5:21:27<2:23:19,  5.63s/it]
 65%|██████▌   | 2857/4384 [5:21:33<2:28:29,  5.83s/it]
 65%|██████▌   | 2858/4384 [5:21:39<2:27:38,  5.81s/it]
 65%|██████▌   | 2859/4384 [5:21:44<2:25:41,  5.73s/it]
 65%|██████▌   | 2860/4384 [5:21:50<2:24:02,  5.67s/it]
                                                       

 65%|██████▌   | 2860/4384 [5:21:50<2:24:02,  5.67s/it]
 65%|██████▌   | 2861/4384 [5:21:56<2:25:08,  5.72s/it]
 65%|██████▌   | 2862/4384 [5:22:01<2:25:28,  5.73s/it]
 65%|██████▌   | 2863/4384 [5:22:07<2:27:05,  5.80s/it]
 65%|██████▌   | 2864/4384 [5:22:14<2:33:14,  6.05s/it]
 65%|██████▌   | 2865/4384 [5:22:20<2:30:38,  5.95s/it]
 65%|██████▌   | 2866/4384 [5:22:26<2:29:29,  5.91s/it]
 65%|██████▌   | 2867/4384 [5:22:31<2:27:54,  5.85s/it]
 65%|██████▌   | 2868/4384 [5:22:37<2:24:25,  5.72s/it]
 65%|██████▌   | 2869/4384 [5:22:43<2:25:44,  5.77s/it]
 65%|██████▌   | 2870/4384 [5:22:48<2:26:00,  5.79s/it]
 65%|██████▌   | 2871/4384 [5:22:54<2:26:46,  5.82s/it]
 66%|██████▌   | 2872/4384 [5:23:00<2:27:20,  5.85s/it]
 66%|██████▌   | 2873/4384 [5:23:06<2:26:32,  5.82s/it]
 66%|██████▌   | 2874/4384 [5:23:12<2:25:01,  5.76s/it]
 66%|██████▌   | 2875/4384 [5:23:17<2:23:11,  5.69s/it]
 66%|██████▌   | 2876/4384 [5:23:23<2:26:39,  5.83s/it]
 66%|██████▌   | 2877/4384 [5:23:29<2:28:46,  5.92s/it]
 66%|██████▌   | 2878/4384 [5:23:35<2:26:36,  5.84s/it]
 66%|██████▌   | 2879/4384 [5:23:41<2:26:34,  5.84s/it]
 66%|██████▌   | 2880/4384 [5:23:46<2:23:07,  5.71s/it]
                                                       

 66%|██████▌   | 2880/4384 [5:23:46<2:23:07,  5.71s/it]
 66%|██████▌   | 2881/4384 [5:23:52<2:21:06,  5.63s/it]
 66%|██████▌   | 2882/4384 [5:23:57<2:20:17,  5.60s/it]
 66%|██████▌   | 2883/4384 [5:24:03<2:24:36,  5.78s/it]
 66%|██████▌   | 2884/4384 [5:24:10<2:26:23,  5.86s/it]
